Hospital,Patient Count,Total Billing
Ramirez-Robinson,2,66777.22991090124
"Foster Lamb, Graham and",1,10659.608812944593
LLC Massey,1,29003.535347504865
Coleman-Aguilar,1,34961.90671326528
Group Stein,2,25094.95572621151
Smith PLC,20,572553.6485168219
Alvarado-Martin,1,1077.1696809399066
Hall Group,6,185907.22355079793
"and Mayo Chen, Murray",1,49400.214028011644
Lopez-Wilson,1,19564.11447822695
Harris-Farrell,1,32166.967383439547
Dawson-Williams,1,4808.313012866691
"Holmes Reed and Johnson,",1,9492.225487246009
"and Lee Rodriguez Morris,",1,18047.5510046168
"Watkins, and Young Perry",1,41838.22082511615
Nunez-Hamilton,1,40446.09173896364
Freeman-Hunter,1,29414.68600622586
and Aguilar Sons,1,23550.15857612006
Reeves-Edwards,1,21847.12682622056
Williams-Russell,1,12447.792836846635
Pierce-King,1,13486.013185972342
Morgan-Elliott,1,31952.448815857548
"Castro and Smith, Brown",1,22021.197078277015
"and Palmer Castro, Cabrera",1,19905.414373307838
Group Edwards,4,119125.75258882642
Benton-Reyes,1,46854.33897457741
"Huffman Lozano, and Mckenzie",1,37015.18723536557
Ortega-Williamson,1,4783.346399270986
Sanchez-Cook,1,6691.912682535657
Obrien PLC,2,44990.775929963726
Meyer-Scott,1,47642.24186119938
Mitchell-Hicks,1,45644.74699046579
Thomas-Ballard,1,15654.830586632885
Arnold-Johnson,1,41188.210689484236
"Smith, Parks Garrett and",1,12549.83158731962
"Branch, Pennington Vega and",1,12498.902794157222
Baker-Simon,1,6723.191071533574
Caldwell-Swanson,1,16655.049095004768
Inc Diaz,2,15124.070815757495
Hensley-Sanchez,1,47053.91573979093
"Riddle Foley and Reese,",1,50016.861087065095
"and Chambers, Lopez Sloan",1,25670.306194264846
"Rogers, Wiley and Ortiz",1,40720.44965774545
Olson-Key,1,38999.55057168173
White-Mathis,1,267.15199701548204
Green-Marshall,1,37596.376132201396
"Blackwell Martinez, and Solomon",1,30898.651639794058
"Knox, and Martin Robbins",1,33012.35851486273
"Cruz Grimes King, and",1,28881.322417002022
Sanchez-Li,1,27954.955656587394
"Newman Bowers and Winters,",1,43681.441937410746
"Nelson and Moore Stone,",1,48069.172331420334
Jackson-Roy,1,9806.492857446325
"and Bailey Ramos, Webster",1,42095.5475476909
"Anderson and Farley, George",1,17272.12235542018
"and Gibson Jones Gomez,",1,7635.061147598188
Holmes-Griffin,1,28907.665530978535
Melendez-Lewis,1,40116.89979202447
Soto PLC,1,49317.38500797137
"Johnson, Baldwin and Cole",1,1988.5311855334737
Thomas-Allen,1,32137.52161910586
"Campbell Ruiz, and Duke",1,43172.58997024306
"Douglas, Walter and Parsons",1,40260.05379178295
Anderson-Perez,1,25601.441442636704
May-Chambers,1,21641.00809273835
Hernandez-Smith,3,55988.56277597512
"Greer Reilly, and Smith",1,41606.00737401872
"Turner, and Wright Alexander",1,49102.048449773385
"Parks Conner, and King",1,38980.29230333072
Johnson-Holt,1,44666.22857219595
Group Lutz,1,50466.77326408254
Group Park,2,52221.107941460694
"and Landry Trujillo, Neal",1,12940.330035214547
Montoya-Smith,1,35778.49859527841
"Martinez, Goodwin and Eaton",1,40452.68180343823
"Robinson and Hunt Marquez,",1,30298.843061699987
Mills Ltd,1,11997.37991126259
Cantrell LLC,1,11963.577037458957
"Freeman and Brown, Haney",1,19393.151607832595
Myers-Williams,1,16127.994531686658
LLC Rivas,2,60910.75787228502
"and Washington Hernandez, King",1,8056.081310613913
Morris-Brady,1,20291.35934434915
Calderon LLC,1,42140.21735537132
"and Watts Terry, Fields",1,15212.258641112165
and Sons Vazquez,1,12875.353310759905
"Garcia Bond, Rivera and",1,35279.187814723424
Stewart-Howard,1,40443.54567751083
Bullock-Chase,1,23272.037035163878
"Pineda Werner, Mcclure and",1,32589.63392848543
Newman-Scott,1,47875.738324253805
"and Olson Decker Blair,",1,11878.430816145914
Fox-Garcia,1,42241.48982873957
Kennedy-Price,1,34379.880005306026
"Chapman Wiggins, Byrd and",1,6626.5520437175965
Dixon-Jenkins,1,10513.192365805622
Odom-Torres,1,7511.049334893299
Sons and Cooper,2,58420.2785043692
"and Clark Preston, Mcdonald",1,11213.59278795211
Sutton-Morse,1,32552.832441220547
"Brown, and Weaver Mays",1,39865.34992045667
Foster-Whitaker,1,31982.285206948156
"Holland and Solomon Stuart,",1,46667.131434465475
Davis-Moore,1,38745.61466403879
Mcknight-Padilla,1,34447.11339481453
Davis-Watts,1,49361.09666385883
"Arnold Bishop and Ray,",1,7092.3761596858985
Cardenas-Dixon,1,21424.91340534916
Collins-White,1,25784.20504507726
Lewis-Thomas,1,35896.811455185816
"Long Riley, and Santiago",1,26670.76925846874
"Greene Ross, Torres and",1,3568.929354604834
Peterson-Young,1,39054.533717192964
"Ortega Howe, Torres and",1,5751.64759200112
Buckley LLC,1,36121.52650040485
"and Cooper Miller, Moreno",1,44802.80676430276
Todd LLC,1,9550.327184898728
Bentley-Smith,1,7738.085240934717
Roberson LLC,1,23922.59660441632
Aguilar-Bass,1,14896.97500213013
"and Dorsey Brady Richards,",1,20896.522342914795
Johns-Evans,1,39674.23992427462
"Caldwell Zamora and Powell,",1,9001.282586643314
Holmes LLC,1,23134.580183677554
"Long Garcia Brown, and",1,37285.407416139664
"and Hunter Brown Kelly,",1,20424.259009535483
"Farrell Lyons Kent, and",1,33618.89436625473
Carey-Brown,1,17097.371927693475
"White Williams and Frye,",1,6008.306115122513
and Fernandez Sons,1,7410.965063394201
Cole-Blake,1,2263.690941448457
Reynolds-Ballard,1,29065.9321837786
Baker-Jones,1,40190.20291801758
Fox-Anthony,1,8407.48879202866
"Wilson and Lopez, Molina",1,35487.51240836809
"and Camacho Thomas Malone,",1,40367.63417343173
Young-Myers,1,17002.30327071432
PLC Kelly,1,5778.245819492447
Caldwell Group,2,38646.6079601243
"and Neal Vargas, Welch",1,40786.35447534098
Terry Ltd,2,36898.954446241594
and Sons Holmes,1,18387.26695551107
Medina-Campos,1,46605.0527576414
"Jones, Walker Moore and",1,37957.26659971875
Larsen-Vega,1,15526.457763307058
Jones-Holden,1,13893.526669948384
Kelly-Smith,1,31003.88609618534
"Woods and Myers, Smith",1,25706.745498841137
Gonzalez-Tucker,1,24098.161851268353
Romero-Sanchez,1,41535.515164082
Ball-Miller,1,44663.03268932212
"White, Decker Freeman and",1,41786.91173269404
Group Wright,6,165498.31293985408
"Hicks, Yates Morris and",1,32162.288032427055
Patel-Kim,1,14604.10085666085
"Sanchez, and Cline Hernandez",1,21715.540776301525
"Cisneros Short, and Taylor",1,729.7540577086306
Clark-Griffin,1,10715.168426649241
"Costa Delgado, Sanchez and",1,46008.87021676567
Roberts-Morrison,1,25040.0566258134
Ellis-Noble,1,30873.93132699114
Gonzales-Ramirez,1,44275.201362705164
Ray-Michael,1,11568.799712032958
PLC Martin,4,107971.92269017315
Williams-Duran,1,19520.02266915396
Vazquez-Smith,1,2495.739151982556
Booth-Davidson,1,24176.685425631815
"and Hatfield Cobb Clark,",1,5355.412939292033
"and Williams, Young Maddox",1,18842.43963797928
Kim and Sons,1,29977.91244644715
Inc Nunez,2,50070.38750610476
"and Lewis Fischer, Harrell",1,4748.537990700985
"Bates, Jarvis and Moore",1,24415.593894648293
Rodriguez-Decker,1,20234.278153842693
Sanchez Inc,5,160352.07770357153
"Wolf Lewis, and Griffin",1,14656.709132765656
Jordan-Gutierrez,1,30300.107368234385
"Miller Jackson, and Brown",1,20520.2688750603
Medina-Bailey,1,20393.49218063389
"Stafford Cardenas, Lopez and",1,24261.125942128772
PLC Myers,1,41406.13185537442
"Jimenez, and Soto Johnson",1,40714.63344800458
"Tran Mcdonald and Anderson,",1,37086.17103404434
Sons and Young,2,18309.359378788573
"and Valentine, Benitez Carey",1,14814.141462213463
Lloyd-Martin,1,16836.34600169558
"Morris, Roberts and Castillo",1,18496.192255923383
and Sons Walker,3,109326.00250591856
Harris-Martinez,1,40357.23737184726
"Smith, Thompson Gregory and",1,41749.02027870521
"Hall Reed and Kaiser,",1,48796.76076987105
Doyle-Clark,1,30049.384617215495
"and Kelley, Paul Sullivan",1,28509.15947886624
Kane-Steele,1,42436.55236019219
"Snyder, and Keller Page",1,25157.36733893108
Fields-Clements,1,14190.41483907543
LLC Cook,3,108953.43656287965
Group Mclean,1,15379.54925865787
Calhoun-Romero,1,3942.762208005527
Evans PLC,3,107681.23911757444
Chen-Castillo,1,6785.235081268625
"Lucero and Adams Meza,",1,5019.071610365331
Rhodes Sons and,1,14852.51330615889
Ramirez-Williams,1,49519.753718078886
Burnett-Young,1,13463.428210877533
"and Ortiz Jordan Thomas,",1,5274.130756173892
"Williams, Jones and Mccall",1,8413.518046748442
Matthews-Burns,1,13935.426563532372
Ray-Gill,1,9025.632113480731
Jackson-Whitney,1,30077.203365695674
"and Ford, Porter Harris",1,27216.83087434335
Maynard-Newman,1,31317.646723612736
"and Sullivan Welch, Johnson",1,17204.73713716457
"Lawson and Barnes, Wright",1,38248.393615628054
"Lopez and Mcfarland Webb,",1,31011.74744098476
Stevens-Valencia,1,22082.42953576806
Ramirez-Noble,1,29140.4414943131
Richardson-Juarez,1,22120.865185147046
"Anderson and Fletcher, Brown",1,14891.710111994385
Gomez-Khan,1,6152.761704776301
Ltd Hess,1,30013.636976290156
Huber-Gray,1,37408.32359144226
"and Black, Meza Leach",1,35092.00859035275
"Boone Simpson Le, and",1,13832.376697340318
Murray-Powell,1,20353.452004902247
George-Parrish,1,24674.470406115637
Inc Moyer,1,13316.807754833215
"and Patton Ramirez, Blair",1,17759.66313069614
"Martin Davidson, and Olson",1,42817.363417602486
"and Lynch Fernandez Curtis,",1,22286.672810478958
"Flores Barnett Greene, and",1,15245.157331920014
PLC Haynes,1,4042.5722538931873
Stuart Group,1,41097.69149782237
"and Rodriguez Ibarra Carroll,",1,19694.052979355572
"and Lewis Walker, Butler",1,28422.14082091712
Miller-Jackson,1,39724.810918223106
Powell-Cruz,1,7360.344543546226
"King and Manning, Barron",1,43275.6064438797
"Miller Burns Miller, and",1,34707.00176528086
"Adams Navarro, Gomez and",1,44461.76534600743
Cox-Herman,1,43058.11791042807
Willis-Griffin,1,39633.7317878668
"and Sanchez Hansen Black,",1,18470.97774832356
"Carpenter Richard and Nunez,",1,49202.41968455474
"and Johnson Moore, Branch",1,-502.50781270094785
"Baker, Weber Patton and",1,51587.93681650202
Duran Sons and,1,5811.629851037733
"and Thompson Burke, Harrington",1,3516.8478500906785
"Lopez Keller, Williams and",1,7383.383359204997
"Thomas and Nguyen, King",1,26036.67355909808
Wong-Booth,1,49121.41107450952
Hunt Inc,1,1790.315234891964
"Jones Lopez, and Ali",1,30133.235414131064
Adams-Bass,1,27850.552749878643
Hampton-Collins,1,5655.413059826667
Garcia-Warren,1,15263.689897475884
Carter-Johnson,1,10381.479358717417
Villegas-Mccoy,1,7693.30590880111
Jenkins-James,1,31813.983704446142
"and Williams Rodriguez Johnson,",1,34968.70909728112
Calderon-Rodriguez,1,19954.13004007728
Harris-Dominguez,1,25962.975198953525
"Hernandez Wong Allen, and",1,35335.1803033744
"and Harris Ortega Macias,",1,29662.44419134108
Ruiz-Wilson,1,25822.469251378414
Inc Freeman,3,59542.01148545476
Reynolds LLC,3,50714.95065472921
"and Lopez, Archer Miller",1,8284.60358569853
"Glass Johnson and Perez,",1,25979.016342887222
"Barnes Kennedy Thomas, and",1,14495.671202508845
LLC Boyer,2,94916.29479867849
Porter-Morris,1,10807.49374733658
"Skinner, Rice Donovan and",1,45842.06860695339
"and Mcguire Smith, Smith",1,48635.486633347115
"Daugherty and Mclean, Parsons",1,26522.975766385778
Sanders-Boyle,1,49794.263092498244
Thomas Sons and,2,46490.45958882847
Moore-Bowen,1,18139.25477703869
"Garcia Morales and Pope,",1,25049.6307079768
Sons Fox and,1,31159.04743651207
Ford PLC,2,63324.786691447094
Davis-Peters,1,31845.379853772476
"Palmer, and Mendoza Sherman",1,28527.65914168253
Scott-Luna,1,13064.433443910408
Tucker-Hunt,1,30819.671867805304
"Welch Jones Swanson, and",1,46462.9527405974
"Cook Lopez, and Hammond",1,2789.9641942618728
Pena-Hernandez,1,33793.41583044942
"and Erickson Mosley, Jones",1,30611.046842649474
"and Cortez Hayes Wallace,",1,23873.3846543584
"Wise Rodriguez Mendoza, and",1,41992.776712735744
"and Wilson, Fowler Warren",1,12904.669806154983
"Jones Stephens Nunez, and",1,48253.91822802649
Hill-Patton,1,21715.720090055955
Inc Baker,3,107414.67094300731
"Villegas Smith, Mitchell and",1,45106.81656330766
Nichols Sons and,1,13376.251637577785
"Sandoval and Wallace Johnson,",1,4594.343454911352
"Dean, and Smith Day",1,35922.234155703096
"Wagner Franco, May and",1,33764.53926020818
"Payne, Finley Schwartz and",1,7970.935765269698
"Chavez Ramos, Young and",1,23873.593876303567
"Everett Hernandez and Lopez,",1,33314.22017884482
Group Warner,1,47928.25832331539
Olson-Landry,1,28533.410911224266
Eaton-Grimes,1,19489.39441272267
Wallace-Smith,1,6488.157814583566
Gordon-Hoffman,1,16943.837591001477
"and Patterson, Martinez Arellano",1,16199.1933470684
LLC Pacheco,1,37096.0026640493
"Williams, and Sullivan Jenkins",1,43022.666274095995
"Greene, Ortiz Berger and",1,41902.62667959554
"and Smith Johnson, Clayton",1,38479.75842794884
Brown-Jones,1,8214.629734433713
Adams Sons and,1,9928.933694610798
Thompson-Ortega,1,45898.20366487737
Ortiz-Hayes,1,50868.90907443847
Cain Group,1,13265.731589375066
LLC Harris,4,131705.08358297878
Hancock-Benson,1,40515.576423876926
Foley-Perry,1,49311.85559125322
Lewis-Mendoza,1,24187.469839208035
Marshall Inc,1,22318.1541514767
"Camacho and Bolton, White",1,48061.33633458144
"Carter Morrison Mcdonald, and",1,927.9814512766268
Boyd-Flores,1,39319.741459768855
Gallagher-Christian,1,37182.32683721093
"Lambert Rowe Thomas, and",1,27319.677158203955
Padilla-Kerr,1,47184.920024514446
Harper-Cherry,1,7812.059499323717
Lindsey-Brown,1,49125.6969996074
Hansen Group,1,20237.063646555376
"Tyler Henry, and Massey",1,35911.26227133293
Obrien-Knight,1,1950.764592553348
Sons Hensley and,1,3399.0008856278764
"Simpson Santiago, and Miller",1,16433.977574646236
Inc Cabrera,1,25901.31353275128
"and Garcia, Davis Peterson",1,16948.93887336158
"Reid Kerr and Andrews,",1,14663.38683700691
"and Jimenez Gardner, Harris",1,6603.570624733832
"Roberts and Hamilton Doyle,",1,30165.141285939688
Hurley-Cooley,1,18882.934849178964
Patterson-Smith,1,51280.44637693383
Ellis-Andrews,1,26809.71631181961
"Rodriguez Medina Anderson, and",1,25896.905946969095
Sweeney Group,1,24475.87170483179
"Patterson and Lopez Gonzalez,",1,48465.39494865644
Group Washington,1,49403.971263868545
Robinson PLC,1,25782.56551522965
"Powell, Tate Cardenas and",1,7741.150956790629
"Williams West Osborne, and",1,40166.43270690154
Martinez-Roberts,1,34891.38535386141
Collins-Bailey,1,37991.402410025
Harris and Sons,1,10247.628010562072
Tucker-Dean,1,46796.08833708117
"Smith and Campbell, Paul",1,27844.691520868088
Park-Haney,1,30492.800981692653
"Morales and Singleton Crane,",1,24389.430663161987
Compton-Gordon,1,50033.259302105194
Group Duncan,3,92485.08120113448
"Fritz Henderson Stanton, and",1,45902.70764469024
"Hernandez and Delacruz, Kramer",1,24451.289481048025
"Fox and Moreno Williams,",1,8024.4100528891
Herman-Ewing,1,2162.607297082759
"Price, Neal and Mcpherson",1,35789.994594515745
and Sons Curry,1,47469.17732637843
"Holmes, Vasquez Sanchez and",1,18831.832412669643
"Taylor, and Garner Lee",1,32801.7197738276
Serrano Sons and,1,28882.902989123235
Molina-Bowman,1,31804.492070477758
"Webster, Daniels Lowery and",1,2515.9559310202044
Nolan PLC,1,11343.915446629673
Inc Leonard,2,36499.74347939491
"and Espinoza Shields Porter,",1,11694.034099763614
"Welch, Nielsen and Taylor",1,36614.0062893702
"Fletcher Garcia and Howard,",1,8287.601753951274
Perry-Martinez,1,37308.41517748503
Group Dodson,1,39258.97963108465
and Salazar Sons,1,3220.7837734459645
"and Wilson Wright, Ryan",1,42758.22610995282
Walsh-Williams,1,29907.377558118642
Jordan-Smith,1,26270.670857622135
Wise LLC,1,45344.76170969504
LLC Curtis,1,6261.3817310226905
Walters-Weiss,1,40171.950885533275
Castro-Wolf,1,28517.73374963771
Group Valenzuela,1,4681.852233952351
Wilkerson and Sons,1,13922.647678367213
Newman-Dudley,1,28469.01594334919
Vasquez-Buckley,1,39227.359663313524
"Jimenez, Brennan Craig and",1,8903.709823369696
LLC Powell,1,1598.2964519988311
"Andrews and Morrison, Ramirez",1,40182.804122020076
Brewer PLC,3,71656.16667361913
"Benson and Arroyo, Rodriguez",1,27947.994521702087
LLC Hooper,2,48939.52730080337
Cooper LLC,1,41753.438585225675
Ferguson PLC,2,44171.350852466334
Inc Hayes,2,30165.52347067356
Harmon Inc,2,17658.577405759203
Krueger-Bennett,1,47876.578839473856
Curry-Kelley,1,43127.57911726757
"Torres Hawkins, Morris and",1,13910.407901047027
"Gonzalez Raymond and Henry,",1,10077.13530762869
"Mitchell Espinoza, and Campos",1,23956.427657447286
Sons Little and,2,73215.7806612742
Long Inc,1,13819.76268531254
Cross Group,2,59399.16928148635
"and Jones, Spencer Hernandez",1,32603.021045628404
Craig-Palmer,1,28778.383320663845
"and Robinson, Goodman Wheeler",1,31989.395169797368
Thompson-Rhodes,1,35015.45270714424
"Jones and Fitzpatrick King,",1,30124.129273303643
Mason-Washington,1,15079.044756793632
Inc Pierce,1,31686.993753156105
and Sons Padilla,1,6625.846404928607
"Berger and Deleon, Martin",1,5073.946253691247
"Goodman Mullins and Gilmore,",1,4951.040875289516
"Mendez Walker, and Richards",1,32895.32849278771
"Mack, Walton and Rogers",1,10349.124508493664
Collins-Dixon,1,32242.256039423646
Garner and Sons,1,16939.03579161087
Hess-Nichols,1,20097.467835260257
"and Smith Owens, Floyd",1,41511.585624017105
Fritz LLC,1,34549.09063363002
"Martin and Brown, Hubbard",1,27713.551997301907
Dickerson-David,1,49461.875581293185
Mcintyre-Anderson,1,36635.76766138929
"Bryant and Newton, Vega",1,30855.72944479391
Parker-Richards,1,50733.73822528349
"Pope and Mckenzie Delgado,",1,40846.24450867571
"and Meyer Mcintyre, Gardner",1,23850.959716469686
Mcpherson-Howard,1,46917.64267584059
LLC Hendrix,1,47568.14734513111
Henderson LLC,2,11014.184659972685
LLC Juarez,1,37633.398482616336
Barber-Maynard,1,27395.898803194916
"Mendoza Davis Miller, and",1,21692.153748919416
Adkins PLC,1,44660.886377644005
"Johnson, Collins and Dominguez",1,42418.88927807182
Crawford LLC,1,21724.60421403286
Reynolds-Mcdonald,1,27574.92898760456
Inc Turner,1,6985.390504368215
"Martin and Nguyen Gomez,",1,19422.80256141728
Ltd Contreras,1,20008.024781787863
"and Guerrero Smith, Schmidt",1,43342.475918636716
"and Barrett, Russell Phillips",1,3532.048936398097
Rodriguez-Thomas,1,18521.381837660232
"and Stone, Brown Singleton",1,34066.661681086975
"and Logan Murray Mathews,",1,4376.500078816403
Wilson-Willis,1,28836.735495244957
Garcia-Mack,1,45039.99681987981
Mendoza-Chen,1,47502.16182807467
Sons and Bernard,1,17831.966908150345
Davis-Ibarra,1,43987.53173353616
Munoz-Hernandez,1,2264.979758406004
Obrien-Gilbert,1,33649.403781439614
"Lee, Wu Mercado and",1,36281.5171583027
Jacobs-Wheeler,1,43621.05408539951
Munoz LLC,1,38573.38434275409
"Hill and Reynolds, Brown",1,49193.8218386939
"Ramsey and Conrad Coleman,",1,34694.63288221479
Sanchez-Palmer,1,42808.9690467239
Group Hancock,1,26650.042405344066
Ltd Chapman,1,34165.30335743514
"Watkins and Chung, Cooley",1,3181.1932322562325
"and Butler Rios, Stark",1,37596.8723771598
Douglas-James,1,15314.38617471711
Walker-Bradshaw,1,4300.775239817885
"Thomas, Smith and Savage",1,8989.028642292178
Collins-Osborne,1,25320.313151242233
Beasley-Caldwell,1,7704.811649610696
Manning-Jones,1,30884.158085863528
"and Brown Cohen Jones,",1,18739.809140192738
Day-Robinson,1,44294.3809131703
Harrison Inc,1,5138.779478068436
Lopez PLC,7,203578.40150529222
Stewart Sons and,2,86408.34719155819
Morris-Campbell,1,12073.067265369198
"Johnson, and Benson Harris",1,32429.619126939684
Group Evans,3,57663.081295212265
Norman PLC,2,42137.490460766516
and Ochoa Sons,1,14415.583135229539
Hernandez-Wood,1,13325.466025984402
and Lopez Sons,3,56286.781648341486
Weaver-Parker,2,21621.958123334673
and Sims Sons,1,29319.343812919185
Group Cook,7,252587.61830753784
"Ramirez, Torres Brown and",1,6934.019459764394
Henderson-Newton,1,3898.548043170901
Schmidt-Wilson,1,34036.0618345358
PLC Larson,1,21808.82198499412
Mendoza LLC,2,67249.73945445739
"Berg, Perkins and Chan",1,39257.03346113062
"Wise, and Gomez Duffy",1,28557.340644376054
"Warner Evans, Davies and",1,41311.637464778345
Ltd Long,2,61488.39965328426
Cortez-Kramer,1,28447.440044460036
Pineda-Johnson,1,45208.58782400116
Wyatt Group,1,27361.724025332234
Green-Hill,1,46729.7898634886
"Griffin, and Harvey Miller",1,35048.61643177357
"Clark Scott, Sims and",1,29404.911706888186
Wright-Myers,1,29213.58952220525
Morrison Inc,2,38162.01792846179
Harrison PLC,1,19002.303469740003
Wilson-Cook,1,13207.823510706174
Lin-Chen,1,42959.44805934686
Higgins Ltd,1,29709.241576181743
and Gray Sons,2,78528.53996463008
"Matthews Ramirez and Goodwin,",1,32279.73955702205
Dawson-Burke,1,19277.744141976298
Armstrong-Smith,1,39741.395310833024
PLC Sullivan,2,48138.27654375195
LLC Turner,1,12318.888067235637
Baker-Castillo,1,6920.270436203467
"Howard Gutierrez and Mayer,",1,17480.97334626333
"Walker and Rodriguez, Dickson",1,31300.184105995188
"and Brooks Miles, Rodgers",1,37562.98848849829
Huerta-Taylor,1,3094.2412325190135
"and Richards Aguilar Moody,",1,21539.403830380288
Ford-Werner,1,15106.923707707938
Inc Benjamin,1,34841.64839886839
Kemp-Cohen,1,21781.9853011574
"Morgan and Anderson Page,",1,44647.41173938672
LLC Combs,1,15968.581716177929
Gomez-Lyons,1,3603.683632357911
Brown-Gomez,1,25568.919751613877
Richardson-Thomas,1,28872.23001650814
Taylor-David,1,50277.91365515276
Galloway-Beltran,1,21778.356286425056
"Higgins, Wong and Turner",1,26105.76947446749
"Logan and Smith, Stevenson",1,42651.698477443155
"Cruz, Flores and Wolf",1,4928.965925074461
Gardner-Watts,1,16527.557063350778
"Ward Flores, and Dixon",1,36644.193051773065
"Carson Day, Lynch and",1,7902.375852224121
Crawford-Anderson,1,41920.86017778902
"Luna and Hansen, Cook",1,29373.09315891178
"Smith Patel, and Goodwin",1,25520.74136126462
"Stone and Rodriguez, Myers",1,30186.66264594558
Santiago-White,1,45332.12550590978
Williams-Lopez,1,9128.259601591455
"Campbell Snyder and Avery,",1,25049.184318214015
Gonzales Group,1,32768.80627013071
"and Martinez Jones Bates,",1,42209.406170753806
"and Fuller Oneill, Buckley",1,31828.214093093986
Ho-Gill,1,5143.778937426441
"Morris and Patrick, Johnson",1,47355.06719513669
"Wise Valenzuela and Kent,",1,44378.3938069766
"and Larson Gillespie Lester,",1,1247.6735822466892
"Mendoza, Moore and Rich",1,22577.868024341373
"Hopkins and Neal Logan,",1,48664.87904063173
Alvarez-Nunez,1,32208.955893942963
Group Howard,2,49169.83291481811
"Boyer Hayes Hill, and",1,35927.19015548194
Ltd Ryan,1,10578.005412855167
Sons Matthews and,1,36377.962407501065
Ltd Harvey,1,45459.5898499778
Marshall-Walker,1,49713.59628100792
"Maldonado, Williams Taylor and",1,24757.703351225377
"Russell Lee and Crawford,",1,13325.407033840775
"and Duncan Larsen, Jackson",1,36210.13398556086
Robles LLC,1,27332.75674264782
Stafford-Collins,1,5984.679892176972
Ltd Powell,1,48391.61851262537
Conner Inc,1,35104.34933462292
"Smith, Hall and Smith",1,26058.54406109944
and Baker Sons,1,28498.261278264108
"and Blair, Bautista Cuevas",1,47508.82053107437
"Adams, Bowers Escobar and",1,49191.64768802146
"Gibson, and Joseph Kennedy",1,14433.819033374086
Thomas-Goodwin,1,49268.23611808053
Dougherty-Smith,1,34909.7098961913
Wagner-Mason,1,41272.92893997236
Clark-Howard,1,44983.09757051738
Collins-Hernandez,1,1678.8783868793969
"Mendez, Mcdonald and Wilson",1,50012.330746745385
"Woodward, White and Hoffman",1,16810.124804737778
"Luna Gonzales Charles, and",1,5803.935804562688
"George Robinson, Ferguson and",1,44039.50950179961
Quinn-Reilly,1,29896.33223715413
"Porter Tucker, and Travis",1,25492.553641321243
Hodge-Love,1,7287.773893038525
Fowler-Dalton,1,34805.16101175581
Benitez-Rodriguez,1,45662.80605771101
Acosta-Smith,1,4391.133883477857
PLC Spence,1,13818.688391431437
Schneider-Anderson,1,11091.657800506688
Evans-Thompson,1,1180.0542370335077
Yoder-Adams,1,27512.65429781742
"Thompson Hamilton, Wilson and",1,33427.79974940966
"Kelly, Long Fitzpatrick and",1,11741.114029383261
Simmons and Sons,1,39953.74405571637
"Hardy, Kelley and Gonzalez",1,10880.733218937854
Harper-Contreras,1,34842.50838272561
Weeks-Moreno,1,16866.7081509945
Garza-Strickland,1,34226.56018746313
LLC Colon,1,34887.910737597194
"and Smith, Tucker Cross",1,46377.86514923159
Hill-Hernandez,1,32905.47679380129
Vargas-Cohen,1,45987.15677951294
Collins-Lozano,1,2275.636631828838
"and Thompson Mccall, Brooks",1,5009.974996254164
Davis-Smith,2,41150.58624357797
Brooks PLC,1,33256.48914417586
Parker-Hodges,1,18231.065765646763
PLC Adams,3,44163.19604269983
Skinner-Sanford,1,10768.498004749907
Garcia Sons and,1,21898.958237659535
Campbell-Bridges,1,49611.45591884031
"Fritz Gonzalez, Rodgers and",1,36334.23009523959
Myers-Ryan,1,31006.67244483677
"Hardy and Ramsey, Patel",1,25478.57836196149
Gonzales-Hubbard,1,41083.41735223039
Garner-Collier,1,17975.32762576033
"Vasquez Hart, and Ruiz",1,43159.41241015829
Grimes-Smith,1,23005.36475946905
"Davis, Morris Richardson and",1,28087.83931920878
Lee-Tate,1,24841.36770032361
Inc Hale,1,5960.8551757451905
"Eaton and Jackson, Nunez",1,24937.57780743758
Greene-Travis,1,41400.969005988976
"Gomez and Norris Holloway,",1,11439.70383974009
Pena-Griffin,1,37913.47147015812
"Wallace, Knight and Mills",1,20715.320438061688
Barr Inc,1,15809.498085478917
Cooper-Burgess,1,25814.928504065338
Vasquez LLC,1,49565.8451247012
Cobb-Reed,1,48419.54461371875
Owens-Hudson,1,3236.134070938948
"Summers Wade, Proctor and",1,46206.964360507205
Wood-Noble,1,7659.045824262377
Ward-Cox,1,38286.959908345845
Gonzales-Bruce,1,45658.75096077995
Castaneda-Downs,1,20012.778715075427
"Madden and Jones Gross,",1,29036.655587315407
Guerrero-Jones,1,40843.93076020491
"Jones, Greer and Alvarado",1,12905.999224093182
Ruiz-Medina,1,17953.501493570122
Rhodes-Williams,1,27273.269728071686
"Johnson, and Smith Brown",1,14294.627637081623
"Bauer and Stewart, Flores",1,8787.08516570919
"Sanchez Blackburn Perkins, and",1,39572.348872384646
Gutierrez-Johnson,1,26652.46768642636
"Malone and Robinson Patterson,",1,5618.669339982729
Marshall-Woodard,1,19492.498098166998
Sons Harris and,1,30174.80426825463
Brooks-Vaughn,1,26028.24282179584
"Andrade Rios Williams, and",1,42442.61957776442
"Campbell Nichols, Garcia and",1,10664.690854652585
and Sons Wood,2,35274.42556814871
Mullen PLC,1,33496.08504817896
Powell-Simpson,1,14807.347545306548
"Stewart, Robertson Beard and",1,6003.987823166522
"Montes, Vaughan and Bell",1,13664.784314398803
"and Wallace Oconnor Weeks,",1,16038.280748755544
"Gray Jimenez, and Roberts",1,28613.20508949347
Roberts-Mason,1,26829.281688515468
Rojas-Simpson,1,12851.660639651325
Sons and Lynch,1,4050.5781675678304
"and Cooper Dunn Moore,",1,5242.383969446177
Hays-Harris,1,40528.88604040677
Lang Group,1,34460.47252753645
LLC Golden,1,19187.239798996972
Wade Group,1,27474.246644231134
"Ho and Martinez Davis,",1,12954.596912651412
Dalton Inc,1,5068.525428237306
"Green Bullock and Jackson,",1,13115.00571384529
Sons and Owens,1,50929.60080544264
"Grant, Hughes Howard and",1,1024.580894559688
Davis-Aguirre,1,17839.01793624735
"Underwood Ryan Maldonado, and",1,24893.250761541316
"Davis and Henderson, Henderson",1,6316.868288809206
Group Knight,1,42613.93669369993
Inc Porter,1,20352.800597045996
"Meyer and Woods Jackson,",1,41941.93204969601
Inc Bauer,2,54025.04656448071
"Miller, Bell and Knapp",1,3720.8796336294363
Murray-Edwards,1,35330.81360252768
"Raymond, Walker Cross and",1,5316.104821231748
"Bell and Brown, Edwards",1,19711.234625710254
Obrien Inc,1,15605.895310012955
Morton-Moon,1,4707.752318964524
Hunt Group,1,25552.15349977605
Grant Group,2,37357.570351928225
Schroeder-Potter,1,1979.0844758115263
Orozco and Sons,1,10090.499174340479
May-Levy,1,9475.359537472556
Henson-Montoya,1,37741.19043465099
Morgan-Mills,1,25110.349912563255
PLC Carson,1,8537.176526318715
Kaiser-Barrera,1,38818.30209466511
Wu-Willis,1,20008.138462671628
"Johnson, Edwards Miller and",1,2500.2355973384388
"Jones and Hobbs, Miller",1,25663.444102164543
Inc Jenkins,1,19265.176172339936
Murphy-Lee,1,707.2117174546042
"Fernandez Perry, Parker and",1,9355.332111732412
Jones-Green,1,4632.092197831967
"and Cross, Thomas Allen",1,30935.45761551384
LLC Ho,1,37492.68398263933
"Lindsey Roberts Vega, and",1,8829.483861611161
Perez-Camacho,1,32539.688103548116
Ltd Lindsey,1,17849.970871590576
"Walker Cruz and Roberts,",1,28904.056599455962
"Jimenez Patton and Ramirez,",1,38503.91445022032
Olson Group,1,37067.46709630632
Meyers-Norton,1,19180.473833077973
Griffin-Walters,1,33019.86628099575
LLC Ellis,1,3239.6813847846743
"Simpson Pratt, Johnson and",1,15602.395259311137
"Odom Bender Cole, and",1,8819.08544884495
Ross-Walker,1,20171.10181584358
Johnson-Hubbard,1,37298.980029898936
Cox-Murray,1,34793.68801407986
Douglas Inc,1,32816.348337489435
Rodriguez-King,1,34688.57457465538
"and Brennan Rivera, Mckinney",1,24688.63409247776
"Molina, Rogers and Horton",1,3915.2296180693297
Jordan-Hood,1,19825.217117921547
"Parker Jackson, Jackson and",1,17202.046377966686
Inc Johnson,12,237913.1119063192
Williams-Maldonado,1,30096.24825061711
"Perez and Ho, Riley",1,12638.051305047957
"Lopez Stanley, and Perez",1,31781.02203864635
PLC Smith,12,260513.22585285886
Shaw Inc,3,93632.49840379106
Mason-Moore,1,30964.35399426707
Ramirez Inc,4,154693.29532337416
Kirk-Carlson,1,8843.251241935875
Fitzgerald-Miller,1,41577.515441584364
Inc Mccoy,1,9731.227558861538
Cruz Inc,3,118779.26444649536
Jordan-Allen,1,17952.744598095403
"Walsh, and Russell Scott",1,19243.436268383197
White-Levine,2,88222.84977660896
"and Bennett White, Patterson",1,25938.970688084013
LLC Green,3,96942.53576920187
Willis Ltd,2,41558.06239592112
Inc Kline,1,44240.50741674608
Williams-Riley,1,22743.33110584863
Rocha-Fox,1,40192.41301117927
Willis Group,2,36424.11746045827
"Cochran Stevens, and Kaufman",1,31908.740935377184
"Potts and Bird, Petersen",1,28476.064329166264
Santiago-Martinez,1,27896.7123642485
Lynch-Anthony,1,34302.39626132039
Tanner-Whitaker,1,22356.457652120156
"Anderson Massey Johnson, and",1,47683.431178420535
Inc Oliver,2,47774.600792351965
Inc Daniels,3,63564.89889404328
Herman-Wood,1,29401.975864213233
Reed Sons and,3,81783.17673962552
"Frederick and Kennedy, Phillips",1,13090.647906207554
"Williams Cherry Lopez, and",1,5984.544466151819
"and Moon, Moss Ray",1,11452.471876506632
Reilly-Miller,1,764.7231833425521
"Williams Barnes and Fletcher,",1,25979.751628726703
Jimenez Group,1,18345.5656880382
Morgan Ltd,3,118327.99326023892
"and Gomez, Hunt Carrillo",1,19925.165178938605
"and Hunter Hamilton, Bryant",1,7967.773200945659
"Walker Williams, Davidson and",1,44215.61517211702
Mcneil-Rivera,1,37415.75122924655
"Preston Edwards, Dixon and",1,17061.14596545817
"White Palmer Kane, and",1,8905.493988438615
"Keith and Taylor, Stewart",1,34607.61235474959
Jimenez-Wilson,1,46251.37730181073
Martin-Barajas,1,6175.511806975989
Cross-Miller,1,17298.31155177674
"Perez, Mccullough Jones and",1,19839.165000261306
"Smith and Peters Barron,",1,28701.02050908915
"Gonzalez and Bennett, Ashley",1,25826.44391873911
"Valenzuela Robinson, and Juarez",1,43419.8448748624
"and Oliver Stevenson, Hill",1,50338.663271803634
Jones-Petersen,1,35293.754534980144
"and Allen Torres, Rice",1,36106.94995536277
Todd-White,1,46776.4446222608
LLC Robinson,4,132002.43157181938
Fry-Frye,1,4402.918477869582
Rhodes-Dodson,1,42775.871939573284
"Day Larsen, Cross and",1,21725.275419098794
Ford Group,1,27001.931380005175
Vazquez Inc,1,47830.08666671654
and Sons Thomas,2,70526.70556337279
"Yu, and Williams Bradshaw",1,12287.558941639621
Inc Chan,1,6849.876515093927
Baldwin Ltd,1,40081.60743397087
Walton Group,1,36930.86189916552
Glover-Sawyer,1,28038.052113223763
"Monroe Jones and Baker,",1,15215.800140800853
Meadows and Sons,1,31204.173391087654
Bell-Marquez,1,17275.056873867747
"Parker Duncan, Davis and",1,7593.034772020246
Jackson-Stevens,1,37469.42425806308
Hernandez-Dean,1,43344.705817531205
Hernandez-Blankenship,1,40752.35401458641
"and Lopez, Allen Kelly",1,46362.94015138489
Richardson LLC,1,33087.80317601187
"Wilson Cardenas and Reynolds,",1,8850.651488426698
"and Simmons, Mills Weaver",1,8327.043529927505
Vasquez-Becker,1,946.0604990862585
Sanders-Campbell,1,35500.575856888056
"Miller and Herrera, Howell",1,40863.86728419612
"White Morris Bailey, and",1,20076.9322994754
"Donaldson and Martinez Jones,",1,5203.054704177506
Kennedy-Henry,1,42638.691776193926
"Marquez and Goodman, Price",1,24764.4827732737
"Patel Mason Waller, and",1,10631.419313089154
Moreno Ltd,1,16056.336851778971
Johnston-Brown,1,11916.354040578959
Thompson-Lewis,1,43225.950596562274
PLC Henderson,1,49757.80242029188
"Harmon Murillo Black, and",1,16656.878100927803
"Brewer and Santiago Gordon,",1,10560.800200655845
"Donaldson and Quinn, Garcia",1,20033.75450946356
Sons Carey and,1,5568.849035983622
Sons and Ryan,1,36305.56756071667
"King, Montgomery and Khan",1,38835.36452994241
"Carpenter Russell and Banks,",1,16336.714602007727
"Ward and Baker, Dudley",1,3130.5286785613616
"Patterson, Lucas Torres and",1,1899.3821157792786
Porter-Wood,1,31822.86168366503
"Hall Skinner, Davis and",1,40340.377898149105
Jefferson PLC,1,24933.676414892805
Simmons-Perez,1,46296.24726077865
"Brown, Phillips Ross and",1,41244.118105866764
"and Dalton Mueller, Lopez",1,21256.529147187746
"Davenport Hernandez Sweeney, and",1,6712.798416626184
"and Myers, Lopez Perkins",1,38142.59175264722
"Rodriguez Diaz Daugherty, and",1,28270.30357174423
"Mclaughlin, and Tucker Francis",1,7566.859306761831
Frye Group,1,27009.21240921247
Odom-Oneal,1,48775.045688281454
"Valencia Molina, Lopez and",1,2500.681593384036
Rios Group,1,48115.638451456856
"Gates Underwood, Coleman and",1,10768.308796446923
Burns-Smith,2,33232.546220149634
"and Mejia Johnson Clark,",1,36973.343964037005
"King, Smith and Little",1,48125.80595672357
"James, Moore Hawkins and",1,3122.329253433202
Banks-Johnson,1,9338.232203369444
Benson-Johnson,1,23061.346161141653
Powell-Hull,1,27843.311033826696
Barnett-Brown,1,3697.14711619357
Fisher-Madden,1,22925.810196067574
"Wiggins Pacheco, and Vasquez",1,24179.521880539527
Washington-Lambert,1,23667.765314836844
Stewart-Whitaker,1,14959.121885337976
and Sons Matthews,1,44455.535991690165
"Sellers and Evans Marshall,",1,22157.78504412857
Johnson-Lawson,2,55449.47782478461
"Ware Arnold, Vega and",1,27202.886684468074
Garcia-Soto,1,18522.685921820186
"and Gray, Patton Silva",1,8192.971770616467
Weiss-Davis,1,7761.166795645527
Group Castaneda,1,44452.30500439852
Sons Lee and,2,48385.036864295056
Hernandez Ltd,5,105361.71966817812
"Gonzales Montoya, and Diaz",1,48064.816646327716
Lewis PLC,1,24409.925333822277
"and Pratt, Boyd Zamora",1,42818.77148497374
"Vargas and Patterson Cook,",1,18967.851403160217
"Anderson, Mitchell and Walker",1,11769.625627563002
"and Robinson Davis, Schmitt",1,32586.077239559334
Owens Group,1,9856.026534094299
"Roberts and Brooks Madden,",1,23502.02405234322
"Flores Smith, and Garza",1,9618.283059151134
Hahn LLC,1,40693.89490307018
Miller-Green,1,12157.747781938913
"and Cross Roberts Clay,",1,23312.251742751876
Rodriguez-Hall,1,4460.365704927665
Monroe Sons and,1,36017.777657015715
"Zimmerman Bishop and Bush,",1,49842.57360433699
"Stephens Black, Tucker and",1,40463.02289393569
"and Young, White Adams",1,28893.370986791415
"Mercer Baker, Floyd and",1,16506.196837095762
"Nguyen Davidson Brown, and",1,49947.1281572778
Schwartz PLC,2,29563.52873330684
Brown-Thomas,1,31153.783300264637
Moore-Ramos,1,21984.71629799726
LLC Maddox,1,27458.692063385824
Phillips-Alexander,1,34402.040650994226
"and Golden Johnson, Burns",1,7413.883205396356
"Brown, and Montgomery Lopez",1,47674.48999224114
Wolfe LLC,1,35519.28274047448
Taylor-Cortez,1,13160.202628332905
Schroeder-Harvey,1,17013.68249385955
Gilbert-Evans,1,31621.70996058041
Heath-Garcia,1,3898.860882302927
"Solomon, Smith and Kaiser",1,35320.66487736817
Group Preston,1,5982.460650922437
Martinez-James,1,36811.655891609094
"Schmidt, Ramsey Day and",1,40826.37387544401
Garcia-Frey,1,4048.692072170664
Watts Inc,1,15316.514578094317
"and Stokes Allen, Khan",1,5877.117770274623
"Wall Brooks Jenkins, and",1,43966.46476795127
Thompson-Smith,1,23043.466194294117
"Wright Chase West, and",1,8240.729955388195
"Daniel, and Williams Lawrence",1,13274.218177161063
"Contreras and Bowen, Floyd",1,4301.081527500886
"Andrews, Lowe Cross and",1,4057.998381467037
Neal Group,1,20631.300004784694
"Campbell, and Butler Alvarez",1,40763.19738506139
"and Hopkins Jones, Mccullough",1,22185.241650698976
"Kane Bird Simmons, and",1,17337.674153203323
Davis-Scott,1,41526.190781231206
"Carlson Austin, Smith and",1,38059.54566719842
PLC Montoya,1,12614.85775396399
"Davis and Graham, Warner",1,16251.822416504585
Jones-Horton,1,4207.412647210507
Group Gilbert,1,15315.337822715166
Henderson-Lewis,1,25897.367086944236
Ellis-Thomas,1,47251.06572431265
"Finley and Vargas, Gutierrez",1,42098.46613817421
Braun-Norman,1,11262.869731830338
Rogers-Peterson,1,10760.616236325817
"and Cook Brown Gilmore,",1,21565.565450724218
"White Smith, Wilkerson and",1,5937.8959396255905
"and Sullivan Carroll Fox,",1,20496.979985589343
Obrien-Smith,1,16326.492428325484
Navarro LLC,1,42346.69291071235
"and Owens Byrd Turner,",1,40859.95258377178
"Garcia Roberson Taylor, and",1,32418.940388367668
"Tran, Sullivan and Johnson",1,14447.2325267398
Carlson-Christensen,1,45263.37121612631
"and Fernandez Fisher, Owen",1,43748.74430770876
Mendez-Walton,1,45684.50760730973
Hernandez-Sherman,1,4183.594572401594
"and Walters, Mcconnell Figueroa",1,47865.098977659174
"and Perez, Bradford Evans",1,2942.4815979883233
Hall-Fritz,1,21604.873290336353
Fuller Inc,2,64096.44872357744
Shaffer Inc,1,42959.558957581015
"Sawyer and Atkinson, West",1,13532.635078987516
Mcdonald-Davis,1,32523.15678611793
"Kennedy, and Petersen Davis",1,28128.61702155283
"Roberts, Foley and Cooper",1,2672.4151566458695
Ltd Pace,1,23130.7141250296
"Dyer White, Roberts and",1,6982.3374427555145
"Barrett Lee and Ramos,",1,40181.40061120844
"Strong Santos, Black and",1,9004.214617868513
Ewing-Hartman,1,35330.66765161375
"and Barnes Thompson, Lopez",1,3597.5065412946
Mitchell-Hart,1,40021.83044365978
Sons and Clay,1,35905.74447116232
Santiago-Ward,1,6927.739644932201
"Kennedy Evans and Rojas,",1,28093.33373351221
"and Smith, Fleming Little",1,16508.10409286917
Houston PLC,1,18843.02301783416
"Knight and Nguyen, Riggs",1,28051.499483946325
Wright-Alexander,1,40133.96739245519
Rodriguez-Zimmerman,1,13418.216367935536
Rios Ltd,1,17263.948978830806
Long-Lee,1,29822.097860118054
Odonnell-Watts,1,22108.97199939267
Group Rivera,1,44075.25208426647
Thompson-Brown,3,26215.657949308013
Patterson-Sexton,1,4897.453881624473
Freeman-Simon,1,42159.55889575153
Sons Allison and,1,6186.133307383427
"Williams, Lopez David and",1,8982.431490890662
"Hubbard Edwards, Romero and",1,20145.9295655392
Powell-Brown,1,24184.49130569167
PLC Kim,3,94161.14976756548
PLC Mendoza,3,90919.21241728663
"Franklin Dixon and Chen,",1,17044.146803256885
and Friedman Sons,1,13811.930913614135
PLC Stone,2,45674.5366922703
Miller-Guzman,1,2231.593619082466
"Taylor Morales, and Stewart",1,31737.546853994896
Willis-Gomez,1,13146.88820722558
Keith LLC,1,23914.733662190018
Barnes-Cardenas,1,19069.919218275525
Mays-Crawford,1,4594.423864767388
Rodriguez Group,8,248539.21306080994
"and Moore Tate, Hooper",1,49489.37793381486
Wolf PLC,1,16244.790116659042
"and Wallace Larson, Berry",1,25309.195831167457
Dixon-Ponce,1,20928.31270714953
James-Barrett,1,6152.603493366628
Wong-Stewart,1,4015.4078475076276
"Carlson Sutton, and Beasley",1,8263.825088004009
Inc Bell,2,59551.94152263382
Sons and Smith,6,144166.96230929074
Moon-Jensen,1,21620.340376423286
"Villa, and Ray West",1,38844.488768514406
Adams Group,3,87875.90334686845
"Vasquez, Williams and Lowe",1,49696.43473174023
Ltd Henderson,3,64699.63488757689
"Austin, Barr and Berry",1,39870.53016129599
"and Hoffman Bowman Lee,",1,25725.50804495016
Lucero-Choi,1,44181.25468731447
Powers Group,1,1216.9612472237818
Graves-Burgess,1,32971.400663688895
Guzman-Vega,1,3202.4204890459728
Group Lawson,1,28303.623691592762
Dudley-Mclaughlin,1,23717.29343497082
Patterson-Ford,1,43403.57705592911
"Stevenson Pierce Hill, and",1,4324.979844718371
Sons Johnston and,1,42826.65034821918
"Santos Clark and Graham,",1,35943.76030551306
Washington PLC,2,4505.104738736674
Simmons-Wiley,1,19552.174602096915
"and Hart Browning Hill,",1,24192.133700161852
"Clark Miller Harris, and",1,14147.22328447748
Wise-Welch,1,17853.725387171075
"and Gray Reynolds Fisher,",1,44319.57917119104
Padilla-Wilson,1,7986.27517462461
"Christian Mcdonald, and Mills",1,15714.125761322011
Sanchez-Monroe,1,22873.182711562124
Giles-Burke,1,13474.988866186572
"and Harris, Huang Travis",1,31446.983377506454
"and Hall Thornton Lambert,",1,14196.710479485873
"and Haas Johnson Fowler,",1,11344.866983309177
Rodriguez-Walker,1,12928.743193482851
Hood-Smith,2,64750.81460388895
"Robinson Richards, Dodson and",1,39745.15849101783
"Mejia and Smith, Lopez",1,29266.377065168683
Daniels-Reynolds,1,31114.37499825378
"and Adams, Evans Hill",1,8702.18308179927
"Ortega Banks, Parrish and",1,15576.887158001593
"Moreno Dudley, and Johnson",1,41212.334350143814
Carroll-Hardy,1,38507.46803432291
Nelson-Boone,1,28541.47814326474
Orozco LLC,1,31004.279326812986
Howard-Klein,1,50033.88928435262
"Green and Kim, Anderson",1,21881.38335647246
"and Patton, Henry Thomas",1,29227.021283066453
"Jones and Martin Nielsen,",1,14650.618994514964
"and Freeman Mendez Owen,",1,44960.27573897716
Pierce-Banks,1,6394.428213392521
Bowen-Barton,1,18983.992979373146
Stewart-Nelson,1,24053.732222176295
Hogan Inc,1,29331.65625976867
"Murphy, Mills Jackson and",1,37592.117133636806
Johnston-West,1,17226.775272554307
"and Miller, Golden Gibbs",1,49306.89839182444
Zhang-James,1,48130.08856805686
Osborne-Jenkins,1,46249.490883767794
"Shelton Black Ritter, and",1,28332.559257505265
"Gonzalez Olson Garcia, and",1,16040.000877784085
Sons Jackson and,1,35185.88266692013
Watson Ltd,4,108692.84626101748
Watkins-Jarvis,1,48902.7136633369
Erickson-Alexander,1,39237.675313830005
English LLC,1,20043.116013052873
Robbins-Henry,1,1104.209804476086
"Daniel Johnson, and Dominguez",1,7563.687185184026
Dickerson-Cameron,1,23645.969655634894
Patton-Miller,1,15463.879422914486
"Palmer, Ellis and Green",1,9405.603434784809
"Barrera Long and Vargas,",1,39804.64400703725
Barnes-Vargas,1,13929.36498995888
Jefferson LLC,1,26918.13943417847
"Hines and Bell Rose,",1,26522.58840007766
Baker-Davis,1,34797.278847453184
"Wilson and Harrison, Reed",1,1634.0796859649622
"Nelson Foley, Smith and",1,23930.28855456563
"Holden, Collins and Glover",1,14160.481074311443
Valencia-Lee,1,15252.56543888882
Bennett-Roberts,1,23333.54394884575
"and Torres, Lopez Dean",1,8508.109566100127
"and Miller Davis Luna,",1,6153.784145406439
Stevens Group,1,4787.988724468611
Stewart-Hoffman,1,42265.74016315547
"Harvey, Sanders Daniels and",1,30404.00241064493
Russell-Ponce,1,4259.709653760894
Armstrong-Gilbert,1,2364.4461547065757
"Bruce and Duran Diaz,",1,4265.194628634126
Woods Group,1,35904.75219444471
Shepherd Ltd,1,15069.444496517432
"Stewart and Raymond Martinez,",1,3185.9522443419496
Hart-Jones,1,4147.232604754086
Gibson-Harrell,1,7770.60118706042
"and Howell Brooks, Rogers",1,25966.328610220968
Group Armstrong,2,79080.58827671557
"Anderson Morton and Vang,",1,48065.46239315386
Haynes-Silva,1,48491.643210085116
Gutierrez Inc,4,74142.1147795566
"Barajas and Byrd, Wolf",1,43825.05667048354
"Walker, and Webb Morton",1,13907.107126532263
Green PLC,6,177757.39628587116
Tucker-Brown,1,9955.44142848513
Cooley-Howell,1,32857.62367707483
Inc Navarro,2,67261.11201809658
Bridges-Anthony,1,3028.8257841035593
Levy-Smith,1,24217.320709978867
"Allen Campbell, and Hurst",1,1583.3775568939907
Wiggins Inc,2,52897.38969968539
Guzman-Stanton,1,6768.162499105482
"Garcia Obrien, Casey and",1,17860.21344103559
Turner-Curtis,1,12373.750861438763
Avila Group,1,48816.36189744455
Johnson-Buchanan,1,36313.5636327386
Barron-Jarvis,1,44605.63566345095
Malone-Mitchell,1,48887.31593422624
Brown-Combs,1,49668.58494708179
"Stanley, Garrett and Wiley",1,39458.41108947405
"Johnson Mcintyre, and Webb",1,31448.24620128639
Richardson-Bennett,1,-378.9607841101273
Cooper-Mcdaniel,1,11012.443872927894
Sons and Hood,1,10677.13989513385
"Vaughn Perez and Gardner,",1,22803.343392437993
Jennings PLC,1,10295.969221613694
Valdez-Ellis,1,35587.62352439732
Page LLC,1,36734.62515801944
Johnson-Brown,1,13677.337019831286
"and Bowers Harrison Mckay,",1,20031.067531825276
"Stafford Valenzuela and Richards,",1,13069.865923121639
Atkinson-Johnson,2,59589.222035193176
Sons and Watkins,2,38225.14791719864
Lewis-Griffith,1,37154.115869325935
"Hodges, Williamson and Gibson",1,40553.84736707315
Martin-Hurley,1,48442.99917984659
"Collins, Arellano and Haas",1,32922.51175722145
"Delgado Mitchell Rodriguez, and",1,11842.035360521562
"and Williams Day, Tyler",1,13419.55990247621
"and Morgan, Anderson Atkins",1,10616.603349934654
"Flowers, Kemp Anderson and",1,29255.24339550481
and Bentley Sons,1,29416.637033885454
Pham Ltd,2,67214.50348435335
Harper-Ho,1,21215.26682346129
Lee-Barnes,1,3739.0796935452863
Strickland-Williams,1,30532.135323106464
Riley-Miller,1,42007.8308720993
Ferguson Inc,1,6895.379486411986
"Pennington Harrison, and Harmon",1,48295.428249540215
"and Chan, Thompson Walls",1,34929.40051540279
Inc Young,3,43918.185725523246
"Wright Dickson and Smith,",1,28755.289381156144
Blair Group,1,21023.07269186722
Clark-James,1,12346.987706106393
Trujillo-Alvarez,1,28848.719136292446
"and Guzman Bell Sanchez,",1,20510.10753563789
Becker Sons and,1,7181.21805098834
"and Shepherd Wilson, Williams",1,21057.105065865242
Fox Group,1,23825.174903318635
"Griffin, and Nguyen Mcknight",1,13759.100367526595
"and Mitchell Nelson, Levy",1,2147.6089298311836
Obrien Sons and,1,38403.69685768173
"Ross Ho, Patterson and",1,487.2634829530923
Shepard-Lopez,1,25129.795949908934
Rogers-Arnold,1,45879.357690221885
Green Ltd,2,37838.46693120271
LLC Boyd,1,18675.716696929725
"Bond, Gross and Murray",1,4286.184554255016
"Johnson, Adams Waters and",1,31550.875470537572
and Barnett Sons,1,15900.18668027304
King-Yates,1,26563.442411865508
"Schmitt, and Hoffman Perez",1,44576.46955238823
Ltd Figueroa,1,7205.409750284429
Crawford-Strong,1,26310.303575855934
Bennett-Turner,1,11999.414138844975
Jones-Richards,1,24325.99627870565
"Aguilar, Schwartz and Molina",1,34764.3673597801
"Whitney Martinez, and Scott",1,24383.57255082001
Moore-Jimenez,1,40709.659650238915
"Davis and Lewis Dillon,",1,10497.798152310894
Hawkins-Jordan,1,39794.26134689248
Walker-Johnson,2,42371.668060866694
"Thompson and Rice Vasquez,",1,40481.03202901536
Group Herring,2,27099.223296907927
Norton-Harris,1,43535.31759644288
"Sanders, and Paul Cruz",1,47102.957581883056
PLC Valdez,1,28300.085864684188
"and Ayers Swanson, Greer",1,11599.162511437667
"Knight Cochran Figueroa, and",1,23222.19455286303
PLC Pollard,1,32000.506714160132
"and Luna Johnson Chavez,",1,44097.58393217826
Wilson-Townsend,1,37788.23994277269
"and Bean Sanchez Mills,",1,22222.11575443371
"Ellis, Todd and Simpson",1,23680.086068605506
"Perez, Cox and Russo",1,15674.204252262052
Hill-Robles,1,39834.31449345931
"Hernandez, and Hill Marshall",1,37981.08881415771
"Nelson Ballard, Barber and",1,10666.761843160366
Howard-Butler,1,28928.057182771438
"Conrad Bradley, Hughes and",1,10129.610044993597
Wallace-Williams,1,40783.53100722221
Villa-Mcmillan,1,43456.283639094625
"Gardner and Powers Scott,",1,36755.74884154947
Gomez-Espinoza,1,15322.53100370955
"Campbell Gray Friedman, and",1,41603.90346012445
Greer-Williams,1,829.7087806237635
"Johnson Beck Johnson, and",1,29367.93679590195
Sherman-Sullivan,1,23195.480437932903
Lawson-Randolph,1,32879.803122497535
"Wolfe, Page Hunt and",1,28687.37984140456
"Morris, Smith and Duncan",1,51119.453009226294
Gonzales-Reilly,1,26595.54898591256
"Johnson Vargas Lee, and",1,15874.999348870668
Gray-Carroll,1,26421.09671016765
Henderson-Cummings,1,20740.58774151651
Hall-Rodriguez,1,9071.58614069207
"and Kelley, Thomas Oconnor",1,2124.5309505831938
"Moore, Walker Dominguez and",1,17078.697774398126
Jacobs-Pena,1,15603.043999817246
"Fritz Hebert and Sosa,",1,10142.202156588348
Meadows Group,1,35633.95545438785
Howe-Kelly,1,44437.470673357224
Schmidt-Douglas,1,20885.919507524166
"Brennan Bentley, and Hunter",1,41379.38261486649
"Morgan Zimmerman, Matthews and",1,16352.586277940994
"King and Bryant Olsen,",1,5571.23524567007
"Walsh Alexander, and Dennis",1,19993.538493329863
"Taylor Reyes and Bowers,",1,9747.668092827731
"Rodriguez, Taylor Conway and",1,46252.364683742926
"Williams Evans Myers, and",1,29846.145848360564
"Miller Bailey, and Anderson",1,13091.802110667728
"and Foley, Jones Harris",1,29500.47289038652
Hart LLC,2,26714.71186350427
Houston-Walsh,1,8237.935231711483
"Johnson and Maldonado, Lee",1,6995.895569035143
Campbell LLC,5,108050.61648030713
Long-Gonzales,1,7249.415393289972
Ayala-Townsend,1,45133.72408453864
King PLC,1,21520.76638052896
Williams-Howard,1,47252.04299996948
Schmitt-Barnes,1,3117.9511312338595
Group Mason,2,81900.21888334039
"Mitchell, Williams Nguyen and",1,26668.101239449476
"and Coleman Ballard, Taylor",1,13274.984786280209
Lopez-Simmons,1,45673.74842267342
Sexton-Wilson,1,30539.446021340544
"Anderson, Fisher Skinner and",1,43758.83907027589
Roy-Johnson,1,24099.621283040895
"Randall and Rasmussen, Sosa",1,6191.095679579501
Miller-Moore,2,41866.50960702928
"Sanchez Johnson, Gilbert and",1,35568.02979513701
Pratt-Rodriguez,1,6219.57277482445
Sharp-Dominguez,1,45702.327668034864
"and Calderon Swanson, Simon",1,14301.717916576814
and Sons Stokes,1,14960.03707504551
"Burns and Howard Glass,",1,5753.28476256852
Snow-Patton,1,39089.93681234998
Hanna LLC,1,31585.769174698835
PLC Perkins,1,13119.677384007979
Cook Group,7,209537.48660108866
Ford Inc,1,4509.745452569691
Johnston-Clarke,1,9886.996725590076
"Rosales, Woodward Gutierrez and",1,9972.582349392798
"Bennett and Walker Murray,",1,18586.108842427813
"Walker, and Craig Lopez",1,47517.919518722745
Holloway-Smith,1,35683.1426113071
Meza Inc,1,43047.41749946652
Williams-Chung,1,36406.99766220431
Sons Boyd and,1,27733.772873572023
Sons White and,2,34918.88233969251
Hall-Wallace,1,36641.60116426041
"Saunders, Collins and Morgan",1,6706.781259544471
Alexander-Stone,1,20880.337590454634
Wilson-Kim,1,7517.844053777829
"Salazar, Ramos Bradley and",1,26361.62550134344
"Hammond, and King Hebert",1,29812.941896300694
Novak Group,1,45032.32222493477
"and Scott Beard Mckenzie,",1,41425.14809297629
"and Jimenez Yoder, Andrews",1,39781.39259008918
PLC Hart,3,73976.81061392615
Soto-Kemp,1,15942.128691801567
Browning and Sons,3,43423.49865356383
"Klein Johnson, Navarro and",1,5372.715296448362
"Davies, and Wyatt Shaffer",1,42756.69550548716
Morgan-Cook,1,17467.52532122462
Brown-Cook,1,32788.742335016206
Mitchell-Clark,1,28705.198036081965
Goodwin-Jackson,1,5328.27882376894
"Vaughn Everett Savage, and",1,18925.61934976736
Perry-Davis,2,60405.653947615996
Melton-Robinson,1,8965.33026741312
Garcia-George,1,49859.22467589113
Young-Thornton,1,27525.801228216373
"and Nguyen, Nguyen Frank",1,22633.44778064132
Ltd Underwood,1,4205.597598833873
"Gates, Cunningham Rubio and",1,5623.852164293091
"and Myers Murray Alvarez,",1,47375.200561111684
"Knight Hickman Jenkins, and",1,23620.44792056432
Sherman-Myers,1,42429.042620303146
Friedman-Curry,1,35884.965734252175
"Williams, Ortega and Gross",1,39543.98237003689
Inc Byrd,1,37449.965813354305
"Byrd, and Hughes Johnson",1,3081.2155729581027
and Sons Pruitt,1,12130.815946984276
Inc Mcneil,1,44186.659852162724
Conner-Ortiz,1,6399.78317202228
Johnson-Snyder,1,44626.10617756155
Ltd Lynch,2,58199.81747266373
Elliott-Smith,1,12405.306190181147
"Robertson Wright, and Williams",1,30424.521542999275
Greer-Scott,1,11310.181574277552
Wagner-Stuart,1,47057.817105559196
Kelly-Bennett,1,12229.907757606448
Mitchell-Wright,1,21057.647691809925
"and Gonzalez Smith, Miller",1,3970.7595793767387
Mcclure-Crane,1,18931.807436325704
"Johnson, Smith Reid and",1,48362.29082073886
Lynn-Hopkins,1,48108.4667972609
Group Durham,1,15104.107107376409
Reed-Johnson,1,44431.84128606369
"Garrett and Haney Martin,",1,27207.120583805397
LLC Randolph,1,18902.584691971937
Cole-Ward,1,12950.618754808951
Inc Duarte,1,39942.61797783696
Reed Group,1,44461.71006089648
Ltd Meyer,1,46771.44656280696
Estrada-Simmons,1,18018.443264511345
Garcia-Villegas,1,9334.655506451594
Winters-Stevens,1,49825.05227322572
"Webb Ibarra, Edwards and",1,11848.084147532009
Smith-Thompson,1,48717.18114258897
Knight-Hughes,1,30474.144433628415
Hicks-Carter,1,3457.7863779601525
Bryant-Bautista,1,36303.19864758783
"Barnes, and Martin Perez",1,6679.461567316152
Graves-Freeman,1,48330.38938377934
"and Hernandez, Townsend Thompson",1,14553.60312490102
Saunders-Smith,1,20773.023318885942
"Martinez Taylor Lopez, and",1,5509.59580144552
"Anderson and Higgins Galvan,",1,13666.283370731853
Reid-Simmons,1,31326.72671721238
"Maldonado Anderson and Adkins,",1,6539.760332212727
Shaw LLC,5,191839.15835515934
Evans-Gonzalez,1,16527.257872910606
Inc Gonzales,3,60479.666398997724
"Patton and Mclaughlin, Barr",1,4980.3874753985365
Jones-Lee,2,58548.63149214635
Perez-Sheppard,1,11114.204615154387
Sons and Dominguez,1,18465.920352652338
Hensley-Ward,1,25629.32675799822
Mcintosh-Neal,1,16810.280216320432
"and Mcclain, Ramos Salas",1,4536.949662421536
"Jordan, Franklin and Jackson",1,9837.440798263273
"Sellers Woods Burgess, and",1,40104.83708883718
"Campbell Chavez and Smith,",1,5074.593602414025
"Mcclure Castro, and Bonilla",1,44753.73010818298
Ltd Cline,1,31443.080959342875
Riggs-Harris,1,9231.605020801067
Avery-Alvarez,1,4527.055879475055
Ltd Glass,1,34806.8400695242
Suarez-Chavez,1,10709.693607840283
Bush Ltd,1,44704.46409188552
"Bell King and Williams,",1,33143.715088193516
Campbell-Kelly,1,2939.716404223213
"Walker and Pena, Barrera",1,29758.082726006643
"Hill Dixon, Henry and",1,25943.34736987578
Curtis-Conway,1,5135.019515251774
"Martin Long, and Travis",1,32125.595803075426
"and Ramirez Robinson, Parsons",1,33156.63211823076
Hansen-Lindsey,1,46865.63254677897
"and Pruitt Pineda Sanchez,",1,6584.6648819531565
Inc Carroll,3,58386.31007546279
Sons Thompson and,2,73985.72139878085
Owens Ltd,1,31594.655748121382
LLC Barry,1,16486.250383013867
Mcdonald LLC,1,48411.111065225676
Miller-Anderson,3,102543.66078745018
Perkins-Hines,1,3757.6168735702054
"and Vargas Hardin, Miller",1,48563.759594238225
Ltd Chambers,2,46707.55476606937
Walton PLC,1,14641.504460876526
"Landry, Jones Marquez and",1,5376.830260669698
"Morgan Lee, and Young",1,16751.424857401405
Edwards-Chapman,1,41586.52313760435
"Anderson Fleming, and Anderson",1,43533.22899055349
Castillo-Hall,1,25026.071861235676
"Ewing Matthews Pham, and",1,10912.06306197722
"and Tucker Klein, Wells",1,28055.9965193498
"Copeland and Williamson Johnson,",1,23848.267590989806
"and Chavez, Strickland Martin",1,23177.407712244978
Montgomery-Atkinson,1,29592.327372484135
Russell-Carlson,1,5296.094699431881
"Villanueva Thompson, Yoder and",1,40225.70619787303
and Lucero Sons,1,1216.9762858295603
Sons Stone and,1,43174.10686711915
"Reid, and Miller Patel",1,30733.57084827119
"Davis and Rodriguez Smith,",1,49079.085912499235
"Hernandez, and Smith Noble",1,48636.05155848758
"Forbes, and Webb Carter",1,44233.888253179284
Sons Kelly and,1,34389.563503835925
Burns Group,2,21300.364022666592
"Williamson, Harris Harrington and",1,26678.708317407785
Ingram-Lloyd,1,21343.468093237967
Smith-Richard,1,24849.818400238273
Osborn Ltd,1,35462.42337515551
"Perez and Paul, Preston",1,9848.66808077505
Becker-Meyer,1,34778.41242942687
"Lynn, and Perez Ewing",1,26194.40672133176
Group Dunn,1,47933.79003422644
Davis-Washington,1,47161.052102171765
"Douglas Williams, and Rivera",1,16601.085570926894
Bird-Hughes,1,9425.188808202674
"Boyd, Scott Jones and",1,46657.05976221153
Group Myers,2,43350.30612787945
Cuevas-Pham,1,26362.121511137775
Gibbs-Johnson,1,50075.66168860039
Wright LLC,4,60970.59170396118
Lopez-Wright,1,46015.92488262477
Group Alvarado,2,70831.72509347879
"Miller, and Mcgee Ball",1,38586.9036512943
Andrews and Sons,1,10345.651344629958
"and Jones Coleman Lewis,",1,44527.36628954557
"Morgan Hernandez, and Beck",1,45601.81476244778
Vaughn-Galloway,1,10690.85829280633
"Elliott, and Davis Sanchez",1,6327.463921756127
Sons Warren and,1,12116.575450504293
Rich-Pratt,1,35522.67238510797
Johnson-Mooney,1,2421.9711032197765
Weeks-Harris,1,40534.38970073556
Taylor-Beck,1,27625.869576283403
"and Davis, Butler Daniel",1,18048.09637889687
Day-Smith,1,36765.42104554614
Collins-Harris,1,2193.21444507414
"Higgins Thomas, and Esparza",1,45755.49115979887
Orozco-Hill,1,30408.591409321132
Quinn PLC,1,34696.708355032795
"and Foster Spencer, Nelson",1,13371.672785734496
"Clark, Taylor Miller and",1,9348.425941979518
"Jones Rose, and Kent",1,9541.257833678988
Clark-Wheeler,1,9130.68523308697
Cannon-Petersen,1,46038.576177072566
"and Smith Brown, Grant",1,18372.03617980859
Buchanan-Lopez,1,42106.19891398715
"Boyd, May and King",1,45659.06744097408
Alexander-Manning,1,39849.78620078448
Harrington-Adams,1,13823.090759409395
"and Thompson Briggs, Estes",1,33562.050277230635
Brown-Hicks,1,15937.410946401182
PLC Bond,1,48038.397281093195
Roberts-Stephenson,1,24078.621162017043
Bernard-Flores,1,38282.318172781415
"Davidson Bryant Hoover, and",1,42217.00898964715
Perkins-Jones,1,7634.597630649875
"Camacho and Kaufman, Parsons",1,876.2820481760472
"and Reid Holloway Bender,",1,32351.909075729298
"Cordova Curtis Page, and",1,6838.97493216381
"Castro Neal, and Mcclure",1,18877.881587981203
"Howell Aguirre, Short and",1,12123.085854807345
Griffin-Sweeney,1,10952.429790007765
"Pratt, Harris Olson and",1,19095.85461270063
"Werner, Freeman Poole and",1,45612.472915484264
"Calderon, Bush and Martin",1,27398.67076996602
"and Walker Glenn, Long",1,3845.3974956264747
"Smith Gonzalez Robinson, and",1,43165.69408601025
"Moss and Meadows Jones,",1,7946.129112957691
Hardy-Gutierrez,1,34968.07645040741
"Vang Schneider and Torres,",1,36649.32428030984
Floyd Group,1,26239.298377359908
"and Smith Wang, Pham",1,39143.601204939536
Cochran-Hart,1,25442.615905575243
"Ramsey and Malone Sanford,",1,8797.409413265477
Humphrey Ltd,2,40258.11633203414
Inc Parker,2,17109.890692270623
Williams-Kim,1,22421.25433370884
Hernandez-Webster,1,33289.82234805688
Ltd Mills,2,67118.36605266035
"and Hale, Long Khan",1,27519.861241845665
"Crawford, and Bird Moore",1,34953.4777479323
Leon-Barajas,1,29611.04438058439
Levy-Watson,1,10207.826264478976
Castro-Pierce,1,8687.89289713587
"Rodriguez Christensen Brown, and",1,38670.13548268282
Smith-Weiss,1,36332.9896775106
Choi-Brown,1,15304.848440394206
Reid-Lara,1,11987.193646042062
Carlson PLC,2,63498.20871665924
"Kemp, and Jimenez Evans",1,13811.698601271139
"Johnson Norris Leonard, and",1,5583.222158185549
Baker-Lee,2,33744.620705577705
"and Wood Rios Graham,",1,32500.139258344127
Pugh-Horton,1,17323.874474685254
Williamson-Arnold,1,31015.06435296391
"Berry and Martinez, Anderson",1,33310.99177804485
Berry-Gonzales,1,38251.68608159162
"Ford Hamilton, Ramsey and",1,19651.285519438483
Inc Andrews,2,80800.69793355743
"Simmons Henderson Smith, and",1,11536.33798753241
"and Conway Cruz, Hayes",1,34734.6073051309
"Brown Garrett and Holmes,",1,43869.200298750766
Patterson PLC,1,13238.97541414866
"and Evans, Owens Miller",1,3764.1467294251524
Matthews-Velasquez,1,36027.14371067598
"Hawkins, Davis Anderson and",1,6990.935641649146
"Hamilton, Burgess Fowler and",1,24029.230176562505
Smith-Rivera,2,57612.70513305477
Wright-Elliott,1,8955.179100263183
"Barrera and Turner Edwards,",1,37147.5375468043
Graham LLC,2,65540.54520096224
Bell-Hughes,1,15429.1014189787
Herrera-Miranda,1,48964.83917243267
Wallace LLC,5,98964.85234397471
Todd-Valentine,1,29866.073914086468
"Hunter, Haynes and Terrell",1,22093.861866932803
Garza-Marsh,1,12538.246298400049
Vaughn PLC,3,43885.286956153555
Group Beasley,1,41968.27269912202
Avila-Coleman,1,45527.26987071517
Thompson-Nguyen,1,5794.613871134012
"Flynn, Nelson Miller and",1,12858.240083366054
Schultz-Larsen,1,36632.52324619403
Johnson-Burns,2,68847.50459238354
Brady-Gallegos,1,13888.819725062433
Berry-Wallace,1,23402.982578115032
Middleton Group,1,34618.431016242284
Smith-Powers,1,36888.105415398975
Mitchell-Barron,1,31792.38188264699
Pearson Sons and,1,30927.030582495707
and Morgan Sons,2,12652.388815008882
"Harper Pope, Clark and",1,45668.84389787755
"Flores and King Castro,",1,24220.40890553652
"Hubbard, Williams and Snow",1,35934.99844041004
Kane-Cervantes,1,5088.256550437183
Cannon-Little,1,22079.772828704226
Luna Ltd,2,31053.66138036467
Mills-Gray,1,46181.046136389195
LLC Lester,1,49406.71669383038
Brooks-Fowler,1,23854.229241859197
Ltd Mathews,1,23906.970649380517
Sons and Whitney,1,41099.57825266343
Myers-Green,1,12567.101048036871
"Johnson Morales, Kelley and",1,10854.130563698362
Bennett-Moses,1,3123.222773468568
Oliver-Smith,1,30611.191906506137
Inc Sims,1,45885.97823516122
"and Ochoa Collins Hawkins,",1,36672.37897996739
Stevens-Goodman,1,45938.63797279117
Carter-Brown,1,43793.49942091521
"Williams, and Mason Jenkins",1,47881.00945245275
Mitchell-Jimenez,1,30376.2622575104
"Watts Williams, and Colon",1,1228.680811672743
Wells-Elliott,1,43794.53765561723
"Monroe Fuller, Clay and",1,19136.325535820666
Quinn Inc,1,8301.995298942462
"Cole and Franklin Benson,",1,31783.513354300558
Wagner-Daniels,1,40618.11872241743
"and Smith, Anderson White",1,11454.572544461558
Yu-Jones,1,9179.14152752136
Mckinney-Sherman,1,46027.01781792666
"Hardy Chavez, and Freeman",1,43566.855707577895
"Blake and Watts Dixon,",1,2718.5916281218633
"and Smith, Morales Hammond",1,21946.76357661613
Owen Group,1,39720.75379549606
Henry-Morris,1,26103.630118495657
Sons Hurst and,1,41914.091724019185
"Fisher, Vance Obrien and",1,36667.60907902652
"Arnold Walters Roth, and",1,23298.38768346568
Terrell-Buchanan,1,11630.314147804316
"Jones and Franklin, Smith",1,6430.56566264609
Group Henry,2,65948.34630821267
"Johnson Butler, Hahn and",1,47928.92294074659
"Coleman and Mcdonald Estes,",1,40593.59908748051
"Merritt, Morgan and Hughes",1,28000.857113965692
Torres-Riley,1,30718.187616393552
Foster-Mendoza,1,19394.585533052727
Smith-Hanson,1,17722.837169785926
"Jackson Barber, and Ramos",1,45097.94400747814
Wood-Mccullough,1,16294.396801280382
Jacobs-Benjamin,1,40312.74900234523
Williams-Grimes,1,8520.230143587538
Robbins-Castro,1,28514.205368789004
"Garcia, Porter and Mora",1,21595.293299976733
Griffin-Dodson,1,34482.76679369727
Torres and Sons,1,15969.489508693252
Harrison-Melendez,1,34467.56060165957
Gamble-Sanders,1,26965.208329736477
Vaughn-Foster,1,32913.83975822158
"Price and Anderson, Fitzpatrick",1,45642.54825008184
"Cruz, Taylor Montoya and",1,45268.50371572023
"Wilson and Copeland Smith,",1,43543.36522784649
Rodriguez-Guerra,2,59643.33416268853
"Zhang Long Eaton, and",1,8171.462614714922
"Villanueva and Carter Hughes,",1,29076.629611154083
Fisher-Perez,1,29790.846838577025
and Lee Sons,1,48590.77273203682
Hahn-Rollins,1,4288.820712807866
Cohen LLC,3,115847.91881840117
"Byrd, White Garcia and",1,27679.353561419604
Garner Inc,1,33203.49316463993
Garcia-Davis,3,68650.43205109274
Gomez-Taylor,1,30546.248209608606
Key-Nguyen,1,23614.671443130796
Pitts-Taylor,1,50097.322481096526
Russo LLC,1,12242.325371542533
"and Schneider, Scott Jackson",1,8385.12188087917
Wallace-Lopez,1,11648.241026555808
Sanchez-Sosa,1,29295.30922666143
Brown-Holmes,1,21477.80508291815
"Anderson Brown and Manning,",1,39593.54211617781
Ruiz-Fox,1,37777.10531654793
Harding-Hatfield,1,11658.974028133292
Group Garcia,5,173777.38685665076
Anderson-Forbes,1,49032.2661965836
Hays-Bennett,1,37127.180670396614
"and Galloway, Hall Dominguez",1,2113.664690416268
Hood Sons and,1,13075.016371409634
"Smith, Richardson and Stewart",1,38471.802279210584
"Taylor Torres Valenzuela, and",1,45432.62293312626
Brown Group,8,177777.17964862072
"Dillon Nichols, Kane and",1,15300.911356542676
"Bradley Graves, Johnson and",1,25533.463519466637
Carpenter-Warren,1,5536.153060246064
Knight Inc,2,19133.657432909702
"Snyder, Dunn Decker and",1,44487.08082742593
"and White Campbell, Castillo",1,31082.14224998196
Hill-Stewart,1,29528.26793917627
"Key and Bell, Shields",1,2707.610985746418
"Anderson Avila, and Brown",1,8817.965225348218
"Andrews Mcgee, and Robertson",1,468.29900556048153
"Blackwell, Myers Perez and",1,4836.489914075217
Parker-Garcia,1,13275.258731463111
"Hogan Jones, and Reyes",1,6099.699605269351
"and Alexander Wilkins, Baker",1,46235.726103825145
"and Bowman Pope Thomas,",1,36906.52741594168
"and Petersen Ramsey Walters,",1,18027.570884818848
Friedman-Walker,1,36319.38451145911
Sanchez Ltd,2,12564.58219462126
Cervantes-Smith,1,33150.198182158376
"Garrett, Patterson and Johnson",1,14157.320692385281
"Weiss Smith, Ho and",1,2182.4919810280403
Foster PLC,1,19851.955151959282
Davidson-Fuller,1,9548.6299827107
LLC Mccarthy,1,34997.261628460896
"Thomas Johnson, Gonzalez and",1,46615.91928653557
Spencer-Nelson,1,15082.691860574896
Santos-Haley,1,36200.568440715375
"Ramirez, Ferguson Chambers and",1,6513.951567383993
"Tucker, and Contreras Marquez",1,4613.985356734407
"Dean and Smith, Kirby",1,19204.23329622868
Group Mcdonald,2,47357.18113130297
"Wilson, Brennan and Moore",1,44665.52644718821
Wood-Powell,1,38622.97102600464
"and Hall, Malone Adams",1,28464.705348469623
"and Cook Andrews, Jordan",1,36852.55161251489
"Andrade, and Wagner Schneider",1,20721.838380665195
"and Miller Hamilton Woodard,",1,6245.535780613835
Delgado-Daniel,1,7601.7085225565
Hall-Vasquez,2,18215.18709485142
"Chavez Garcia, Kim and",1,38768.59796497951
"Dickerson Flores Combs, and",1,41859.31824591037
Hansen-Calhoun,1,41854.06740193459
"Rivera Cain Tanner, and",1,26130.00693001754
Lee-Thomas,1,48954.64195864247
"Burns Tate Gregory, and",1,47954.49974859365
"and Jones, Brown Fisher",1,30765.72772279176
Diaz-Powers,1,35794.436790937936
Group Santos,2,33213.33586006692
Group Douglas,1,3940.3581038955995
Gordon-Powers,1,40029.40890598654
Meza-Nelson,1,13814.40952122914
Johnson-White,1,6210.904402972463
"and Pittman Park, Rice",1,39036.055063112035
Group Russell,1,42378.92417637512
"Bailey Beck and Riley,",1,29100.556423517934
"and Morrison Lang Foley,",1,22894.483200214356
Rosales-Mccarthy,1,40442.90102076303
"and Gross, Coleman Gonzales",1,2674.7361131510797
"Rosales Smith and Rivera,",1,373.02547967299256
"and Higgins Thompson Gaines,",1,18408.9865067528
Jenkins-Smith,1,14578.85859575369
Peters-Freeman,1,23505.958494588576
"May Jones and White,",1,21229.267152725646
"Cox, Vaughn Herrera and",1,3064.547597732785
Cooper-Gross,1,8175.394000405145
White-Vaughan,1,19179.725056580406
Cardenas-Estes,1,6597.307941830943
Sons and Peterson,2,33889.64396767311
"Taylor Sanchez, and Lopez",1,35426.35509969765
Group Berry,1,31081.293239313956
Wilson-Clark,1,34417.322286512135
Oneal-Christian,1,45973.19595232884
Sanchez-Diaz,1,38139.74205901666
PLC Leblanc,1,29334.974093941488
Wagner-Jensen,1,25302.322471456253
"Ewing and Stanley Flynn,",1,3404.725079521273
"and Hamilton, Bell Sanchez",1,13037.70971093645
"and Garcia, Murphy Rosales",1,21632.157999480212
Anderson-Jefferson,1,5388.215636264533
"and Fowler, Lewis Park",1,28432.829200648397
Schaefer-Pitts,1,33555.01046365362
Ramos-Kramer,1,19849.311420622147
Group Simon,1,4928.493475758034
"Wilson and Butler Thompson,",1,40540.103180714155
"and Robinson, Harmon Carpenter",1,15334.45704113235
Melton-Sawyer,1,42268.13380214151
"and Haney Mason Hodge,",1,43105.93523564181
PLC Leach,2,32635.746833807647
Ramirez-Martin,1,41092.07055428587
Holmes Group,1,35255.0175321995
"and Jimenez Webster Silva,",1,11954.610096757368
"Garcia and Watts, Jenkins",1,32462.859607422954
"Bradshaw Campbell, and Conner",1,45460.80174673992
Hall-Hughes,1,9268.660217090703
Brady PLC,1,42191.248197401415
"and Christian Adkins, Wall",1,30173.288330060688
Graham-Shepherd,1,43154.23369719009
Fowler LLC,1,30163.15450910412
"and Dalton, Cooper Grant",1,38846.843337878
Fisher LLC,1,13377.07321482788
"Brown Nelson Camacho, and",1,14780.253057992653
"Watson, Clarke and Dougherty",1,40851.565170377165
"Hall Roberts and Duarte,",1,31485.9731617159
Melton Inc,1,25217.456184339455
Lewis-Mitchell,1,25086.01391506719
Irwin-Kaufman,1,15518.457781567855
Inc Martinez,4,45790.71461789569
"Murphy, and Garcia Jones",1,29526.321525099618
Evans-Molina,1,14033.545211093204
Group Davis,10,253147.27007612286
"Cardenas, and Fields Nichols",1,4289.026756063337
Sons and Madden,1,8997.03238555355
"Fuller, and Rios Murphy",1,17562.86354691122
Camacho PLC,1,45116.7921791159
Johnston-Sharp,1,40929.692228343236
PLC Ward,2,67370.14064816499
Rowe-Harrison,1,7840.156730376959
Silva-Nelson,1,11800.842372656465
Davis-Ingram,1,14098.320661733314
"Mcmahon, Smith and Crawford",1,21736.170823965895
Carr-Johnston,1,2380.660275352863
and Mcmahon Sons,1,42825.378541829275
Travis-Davis,1,13411.576477216162
Coleman Inc,2,81902.54440072064
Brown-Dennis,1,43813.59988071942
Turner-Horne,1,44695.35690870938
Harrison Group,2,11261.952975345324
Garcia-Hines,1,10202.688632092699
"Wilson, and Davis Wolfe",1,48326.52465118884
"Odom, Griffith and Scott",1,31931.13141534207
Duncan Inc,1,6403.211922534673
Williams-Henderson,1,14447.795340376288
"and Garcia, Steele Christensen",1,39417.57324712461
PLC Thornton,1,23751.204871242822
Adams-Best,1,35296.48395154554
"and Jones Coleman, Willis",1,5843.145900326191
Lopez-Jackson,1,44897.465654972046
Hayes-Wilson,1,29807.225179139747
Stone Inc,3,90157.46364293955
Camacho-Parker,1,24413.48903179043
Dawson Inc,3,101411.36065719399
"Flynn Lopez, and Lopez",1,38998.77016647937
Smith-Gross,1,22275.60277056011
Wilson-Thomas,1,9998.328491376697
and Sons Gutierrez,1,1065.636771444741
Dyer Ltd,1,5890.631803312353
Castro-Ford,1,5263.696302784865
"George Leach, Macdonald and",1,2628.392513422399
Sosa-Clarke,1,34290.19778299783
"Nelson and Coleman Adams,",1,45872.86090454222
"Pham and Bradford Mcguire,",1,1107.5350374108946
Dennis-Yu,1,1452.6576843523285
Kim-Valencia,1,14077.343605155775
Solis-Price,1,36170.0411391338
Kirby-Payne,1,27801.929279802356
Baker-Moran,1,33976.022857328164
Hurley LLC,1,34099.85199759309
Singleton-Kelly,1,2083.2405161477823
LLC Wallace,2,76732.47661202139
Jackson PLC,4,82123.8936786398
Vaughn-Ramirez,1,32637.301050871407
Brown-Martin,1,38895.7202960958
Allen-Walsh,1,32786.82136852234
Phelps-Mccann,1,42455.13970739149
"Stokes Ward, Leonard and",1,15393.614978045001
Caldwell-Boyd,1,50502.272022887395
"Thomas, Thompson and Adams",1,2189.4697278221533
Vang-Kim,1,7785.898755124756
"Summers Kennedy Williams, and",1,26868.56298490637
Howe Group,1,14941.06067842483
"and Stewart Phillips, Kim",1,28240.542900656314
Fisher-Smith,2,74873.23050462356
Mcclure-Kirk,1,5343.806298130573
Hammond-Buck,1,46875.88393342805
"Brown and Smith Bell,",1,2426.206548808912
Wade-Hatfield,1,24908.468916996288
Inc Vaughn,2,18208.307095107924
Meyers-Murray,1,14757.166653511029
Fitzgerald Group,1,43171.7980075932
Chung PLC,2,75716.88984262178
Barnes-Hatfield,1,47500.88595648661
"and Marshall Brown Moore,",1,18097.339141941804
Chen-Roberts,1,30604.16717563324
"Fox Guzman James, and",1,13895.551019554296
"Jones Gomez, and Bryant",1,23015.72873068434
Cole-Miller,1,41358.664223928434
Neal-Miller,1,43087.70932042212
Baker-Griffith,1,14460.937722635994
White-Walls,1,19926.02001694964
"Sullivan, and Butler Kidd",1,48145.00751501201
Inc Reid,2,81342.7652294517
"and Mcclain, Williams Davis",1,17060.068847534178
"Anderson, Walker and Rubio",1,17540.175957649593
Lozano-Pearson,1,39657.585163964846
Hayden-Romero,1,32316.339457732713
Santos-Reed,1,46578.90927499576
"Nichols Nolan, Jenkins and",1,34843.913811358296
"and Alvarez Tran, Ortiz",1,6182.350596070851
"Johnson, and Ray Lopez",1,8790.236217354899
Ashley-Medina,1,4342.031119000193
Branch Ltd,1,20337.17855168851
Branch LLC,1,7389.811879191884
"and Clark Dunn Sanders,",1,37104.10474292798
Case-Ho,1,25487.100366633636
"and Harris Miller, Hawkins",1,8394.742966420998
Hunter-Harvey,1,15132.234784251266
Strickland LLC,1,39596.87256318851
Welch-Case,1,28595.383690105693
Edwards-Hunt,1,43687.431795057695
"Jefferson Stewart and Watkins,",1,28831.992355505485
Lyons-Blair,1,7999.586879604188
LLC Martin,6,165069.90313597713
PLC Young,5,169200.14912083268
Stone-Perez,1,15242.387178999255
"Salinas Terrell Villanueva, and",1,21401.521057715563
Curtis-Lin,1,14549.494670632203
"White Roberts and Lee,",1,47297.41907436916
Ward-Crosby,1,29560.986174907688
Wright PLC,3,81222.21379958354
"Smith, Miller Rosario and",1,30881.359425522238
"Sandoval Cook and Gutierrez,",1,20274.970820988518
"Reynolds and Ward, Wise",1,26862.523328164152
Munoz-Meadows,1,46120.82479917554
"and Bradley, Bean Coleman",1,30546.402611762656
"Walter Robinson Jackson, and",1,46146.821728222705
Bass-Hunt,1,1248.8403615893203
Bridges-Lynch,1,7241.307500390221
"Hayden, Zamora Riley and",1,40326.85854374522
and Sons Mahoney,1,21354.634028536333
Vance-Hunter,1,5991.115915237318
"and Robertson Moore Nelson,",1,13160.549365160474
Pitts-Christian,1,34690.25943679868
"Turner Fernandez, and Herman",1,41187.62714767534
Gross-Reed,1,27831.157695252605
Berry PLC,2,25857.22742517233
"Griffin, and Dickerson Scott",1,12492.991733466371
"Hill, Hancock and Mills",1,11309.95184327507
Booker PLC,1,34134.1210078552
Gonzales PLC,1,24510.889034779968
Smith-Barr,1,17692.50049846005
"Herrera and Hughes Perkins,",1,44507.183199317915
"and Morgan Jones, Matthews",1,15207.54726194429
PLC Norton,2,64609.54165785157
Sons Whitaker and,1,10327.63746431017
Mcgee-Lopez,1,45939.03367368618
"Dyer Smith, and Lin",1,15780.378581978373
"Lawrence and Buchanan, Mann",1,9578.502416225485
LLC Hardy,2,53308.46127225729
Rocha-Perez,1,12652.08683110291
Brandt-Cross,1,22860.751229261426
Inc Richards,3,76246.57410348146
Cortez Group,2,81499.12190258858
"Hawkins Pierce Nelson, and",1,16278.763572295908
"and Edwards, Smith Dougherty",1,19755.636914745508
"Walker, and Barnett Alexander",1,35686.14793332979
"Myers Kline, and Mcdonald",1,30713.055772127835
"Jordan Thompson Love, and",1,25352.06937680875
Good-Howard,1,24207.22666249278
LLC Maldonado,2,19615.56883568116
"Chung Dunlap Case, and",1,49767.80227139866
Group Blevins,1,24684.042832616055
Hughes-Short,1,4688.095948665942
"and Rangel Gonzalez Turner,",1,10092.65832677965
Chase-Lee,1,7702.332393639099
Gomez-Rodriguez,1,41493.45501269637
"Brown Meyer Bowman, and",1,34250.433634970155
Ball-Stevens,1,3333.8454218890693
"Price Perez and Murillo,",1,5993.51349704347
Welch-Mcdonald,1,2415.111867010552
Rodriguez-Johnson,2,46133.919352633675
"Rowe Rodgers, Robinson and",1,47559.37742409201
Wright Inc,1,15983.765315020344
Cook Inc,4,130749.91781095258
Rhodes-Lopez,1,49188.70830563712
"Beck Howe and Mcgrath,",1,48821.17194286692
"Hoffman Brown and Schmidt,",1,41138.99571297852
"Henry and Ortega Bishop,",1,13698.66005540877
"Mendez Mack, Zhang and",1,43608.37463557467
"and Johnson Lopez, Welch",1,29730.288386424458
Carrillo Ltd,1,15731.961616127192
PLC Mcfarland,1,29425.033096428724
Roman-Joyce,1,34642.329067438586
Anderson-Young,1,3847.2521029474224
Brandt Ltd,1,36495.58134545707
"Waller and Wilkerson Roberts,",1,13773.988944870289
Huffman-Marks,1,50819.8609810692
"Robinson Hodge and Gray,",1,22433.630732585156
Campbell-Arroyo,1,9434.4627855225
Group Chavez,1,2507.3535744078126
Malone PLC,1,784.8400339486171
Watts-Torres,1,25448.522840087986
"Miller and Barber Garcia,",1,23177.632699932346
Gonzales-Chapman,1,6456.531904136896
"Miller, Thompson Perkins and",1,44798.709174267475
"and Parker, Holt Winters",1,34215.38617536679
Ltd Watson,1,47926.193460580704
Griffin-Martin,1,44935.3951352649
Inc Johnston,1,46983.560033191134
"Olson and Perez Delgado,",1,26206.435032232897
"Taylor Olson, and Payne",1,19674.069592360796
"and Brown Burgess, Tran",1,20191.07152838953
"Hill, Miller and Castillo",1,24218.51347267983
Luna-Henry,1,14387.2851535679
Sons Erickson and,1,28865.241550377763
"Russell and Stewart Wang,",1,4578.916743118398
Webb-Simmons,1,4442.7032778406865
Andrade-French,1,6499.637544263137
Ferguson-Garcia,1,22418.407237516585
Riley-Murphy,1,47836.02087429696
Sons Coleman and,1,30463.58145787793
"Hall and West Rosario,",1,11058.614732191478
Watson-Grimes,1,25947.140444920682
Maynard-Williams,1,3790.9631681557803
Gill-Holmes,1,45595.778132477506
Bowen-Rios,1,45511.1823194287
"Bailey, Romero and Tucker",1,40994.7847452021
Walsh-Waller,1,36826.26886295589
Patrick-Kaiser,1,12188.569647225686
"Price, Hernandez and Pugh",1,20859.375187812035
PLC Cunningham,1,20077.3732140283
LLC Lewis,4,115518.46657731602
Cantrell-Griffith,1,6662.242853944213
Wells and Sons,2,48375.82438844831
Sullivan-Crosby,1,45304.38949757763
Schneider-Patton,1,32052.056458738236
"Bowers Blankenship Jackson, and",1,5614.518226772625
Adams-Kim,1,46094.97543990929
"and Grant Hamilton Edwards,",1,2924.4728235288467
"and Greer, Dalton Williams",1,1499.0470711502926
"Clark, and Cobb Parsons",1,15289.194743676187
Ellison and Sons,3,117501.34727109919
Ward-Jordan,1,18801.510493025533
Hancock Group,1,51199.73920806826
Bryant-Page,1,21208.0157987857
Schultz-Mccullough,1,23109.8676759916
"and Blankenship Robbins Turner,",1,9729.330317507754
"Nguyen and Anderson Diaz,",1,41477.92049347045
Bentley Inc,2,45715.469468737734
"Ortiz Lam, Vasquez and",1,41091.00636969996
Browning-Moore,2,29977.37872422745
"and Watkins, Shaw Nguyen",1,10715.509041859103
"Parker and Walter Cook,",1,15229.69207657348
Mcconnell-Sellers,1,36337.64180490205
"Shaw, and Diaz Jones",1,24547.272362930933
"Holt, Cox and Martin",1,38381.271561038564
Greene-Parsons,1,40728.79679332896
"Melton and Parker, Stewart",1,49225.66109486578
Ewing Inc,1,1373.415402410096
Wilson-Lopez,1,27961.405236398736
"and Johnson Walker Bruce,",1,86.13370727390657
Contreras-Johnson,1,37456.92807159032
Group Henson,1,48720.20026532806
and Sons Beasley,1,22655.09759432155
Rowe-Rivera,1,10567.706417150164
"Oliver, Watson Golden and",1,30144.173239716016
Eaton-Ramos,1,22983.630264318574
Wang-Diaz,1,9300.214248732189
Rodriguez PLC,4,77014.17863076497
Mcknight LLC,1,11373.676011309066
"Meyer, Sosa Patel and",1,48769.427077519525
"and Gordon Bishop, Robertson",1,13421.843298742406
Hunter-Carter,1,39541.69512957993
Allen-Foster,1,17311.64576448347
"Villa Bates, Gibbs and",1,13229.176357395841
Inc Walker,6,197968.3393883691
Jimenez PLC,3,72083.1657541474
"Hernandez Short Cooper, and",1,45316.10995930006
"and Gomez, Bridges Thornton",1,23818.318580224433
Bell-Reid,1,22077.71911284818
Garcia-Wagner,1,20444.01802563826
"Larson Robbins and Chapman,",1,32110.152432468905
Sons Delacruz and,1,41155.28179478521
Jones-Schaefer,1,43231.44803639133
"Alexander and Castillo, Mason",1,27773.27091855991
Lambert-Rogers,1,2131.24220621871
"Thomas Hanna Farmer, and",1,17816.114242215557
"Peterson, and Duran Bowman",1,38978.73826490076
"Flores, and King Adams",1,18384.539370518607
LLC Copeland,1,42813.176578289436
Callahan-Johnson,1,30943.366088187977
PLC Wade,2,66190.32641194915
"Allen Rodriguez, and Stewart",1,23090.34651992421
Houston-Davis,1,23118.95828995239
"Ryan and Harris Smith,",1,13981.42048155133
Jenkins-Adkins,1,1393.3295499214807
Lynch and Sons,1,42427.26074043592
"and Conley, Shields Suarez",1,25941.642796535765
Wheeler-Wong,1,31726.4444726198
"Johns Potter, and Herrera",1,36229.697564517905
"Williams Lee and Joseph,",1,32014.02445127717
Fletcher-Higgins,1,43254.58191545693
PLC Duran,2,68032.90883300478
Hayden-Casey,1,22596.097942408625
Inc Monroe,1,48984.11698613117
Castaneda Group,1,10592.798588375155
"Brock and Mclean Stone,",1,24285.09499775971
"and Griffith Smith Ferguson,",1,34832.833117990005
"Mack Salazar Anderson, and",1,36504.60799101909
"Clark Vega, Hernandez and",1,26338.563096306512
Williamson-Murray,1,6223.298385783499
Burton-Cooper,1,45844.37883410536
"and Rollins Lynch, Bartlett",1,34771.03796318255
Johnson-Myers,1,41094.816010103255
Sloan-Johnson,1,14255.394885893727
Taylor-Taylor,1,19608.824279509907
"Brown, Garcia and Gutierrez",1,28827.992340069824
"Morales, and Sheppard Gregory",1,14504.615705791912
Farmer-Walker,1,28063.571044747994
"Wiggins and Sims, Gordon",1,36850.23584983467
"and Brown Moss Cannon,",1,2918.968093892968
"and Webb Chandler, Perez",1,17973.7829337046
Stewart-Munoz,1,36550.023527879006
"and Glass Pacheco Horn,",1,23951.625539211433
Tanner-Mendoza,1,23973.74055650079
Dennis-Young,1,41863.70350238319
Davis-Hardin,1,19945.90307510735
Molina-Moore,1,35331.48125390289
Morales PLC,1,9467.62748646828
"Arroyo, Henry and Michael",1,46408.663606799346
"Miller and Gibson, Martinez",1,24886.84078787622
"Larsen and Sanford, Fernandez",1,29283.90353734198
"Hickman Gutierrez, Schultz and",1,27019.7941344625
Collins Inc,1,37323.62243542148
"Schwartz, Robinson and Rodriguez",1,24569.167776450464
Sherman-Ellis,1,47798.283932909646
Webster-Williams,1,24936.250638638998
"Barrett Parker and Wright,",1,18111.872527306918
Morrison-Arnold,1,36602.164138554064
Bell-Padilla,1,25994.257363219163
Kennedy-Smith,1,12447.265116670025
"Morgan and Wilcox Barnett,",1,47839.77039037178
Jacobs-Howell,1,44442.61095837829
"Merritt, and Young King",1,30933.274758707386
Garrison-Rodriguez,1,25804.598341575776
Inc Jones,14,406430.2446571408
Butler Group,2,17559.609519484693
LLC Mason,1,50506.097770984125
Martinez-Sellers,1,43550.0819073932
Martinez Inc,7,205827.811134026
Moss Ltd,1,49464.967598831565
"and Newton Campbell Sullivan,",1,45246.99832355175
LLC Blanchard,1,9540.680500170678
Edwards Ltd,2,39694.64752722613
Stewart PLC,5,104852.85151108596
"Russell and Moss Moreno,",1,43878.19421040317
Oneal Inc,1,21968.02229016304
"Jones Baldwin Brown, and",1,41119.042007533484
"Myers and Davis Daniel,",1,44818.309692616276
"Riley, Walker and Mercado",1,14715.622764543157
Hodges-Parker,1,47873.43269280615
"Nichols Murphy and Nelson,",1,8784.843639078734
Reynolds-Brandt,1,25814.895079226248
Sons and Carroll,1,22886.979824742073
Myers LLC,1,29983.604491467806
"Cowan, James Rojas and",1,22532.04920578388
"and Cain Wilcox Smith,",1,2171.0729759030883
PLC Hamilton,1,44385.717647336525
Clements Inc,1,24140.463905233755
Nolan Inc,1,14122.446818474382
Wright-Barajas,1,27209.253105797186
Spencer Group,1,17907.669273755255
Paul-Garza,1,8864.556429340286
"Miller and Ramirez, Allen",1,28531.21849362446
Moore-Lane,1,30395.020367144985
Hines Ltd,2,30580.11567875586
Harrison-Finley,1,17769.663882959427
"Moreno and Hunt, Gutierrez",1,8133.867917609218
"and Lopez Stevens, Johnson",1,21234.65444432097
"Simmons Richards, and Hopkins",1,43612.93514228284
Johnson-Mccarty,1,34743.161617249345
"White, and Harris Barrett",1,30523.02345810068
Santiago Inc,1,31887.30653288405
"and Walsh Bell Wong,",1,35648.717284192186
Houston-Stanley,1,32165.415174299946
Sons and Martinez,4,80765.50804436319
"Gonzalez Wolf Wall, and",1,45499.68039949826
Cobb PLC,1,5564.561698544424
Coleman-Huff,1,18610.039667169185
Hammond Group,1,13840.718936525702
"and Johnson Spencer, Castillo",1,33566.01577704164
Coleman LLC,2,82521.9314444038
Russell-Salazar,1,11380.050526622954
"Munoz Nguyen Marshall, and",1,39224.72736363663
Jones-Nicholson,1,43719.26316689056
Sons Gray and,2,63321.26314156893
"and Jackson Brooks Gordon,",1,13297.205738803601
"Brown Smith, and Oconnor",1,40230.43198980747
Davis-Sexton,1,31462.27258230485
"and Lambert Price Adams,",1,45950.521467014194
Nelson-Pearson,1,11536.556294136219
"Wood Ryan, and Mckinney",1,42044.588715230086
"and Diaz Hernandez, Sparks",1,24530.29700348667
LLC Armstrong,1,7068.442639721882
Huber-Tran,1,2415.4571096765903
Harris-Duncan,1,18612.0050508943
and Sons Shaw,2,88883.6104876014
"Dixon Foster, Chen and",1,16779.635329104753
Duke-Rubio,1,45808.696528519875
"Adams and Roberts Armstrong,",1,4431.900318616146
"Hicks, Knight Gonzalez and",1,9853.710296190786
Clark-Black,1,8941.43092710409
PLC Watts,1,13809.746837660026
PLC Blair,2,44433.219990633566
"and Hall Heath, Morris",1,19742.642102657963
Garcia-Cox,1,29492.985381011655
"Grant Jackson Jenkins, and",1,36686.86593393507
"Beard and Johnson Boyd,",1,11244.58634520948
"White, Brock and Gallagher",1,30630.316470417176
Ltd Arnold,2,72611.51489575408
"and Hubbard Juarez Carter,",1,2812.241725469376
"and Bond Lamb Ramos,",1,49208.417454865354
Davis-Grant,1,45253.134803749665
PLC Banks,1,8064.516995275097
Jackson-Hernandez,2,46628.24594550139
"and Johnson Davis Thompson,",1,25412.000198163754
Baldwin-Allen,1,28922.54971814104
Walton-Cardenas,1,8434.841170388747
"Myers and Norris Reed,",1,42768.68196611801
"Young and Robinson Wilson,",1,46790.50483653152
"Hunter, Kim Parker and",1,5149.26871464593
PLC Dickerson,1,44748.17232187609
"and Herrera, Cain Weiss",1,44875.90554980981
"and Hernandez, Kline Hall",1,43233.569108051204
"Patterson, Fields and Smith",1,22784.94846822941
"Cunningham, and King Phillips",1,11340.731638718718
"Clark and Williams Kirby,",1,34329.89964571426
"Miller Smith, and Anderson",1,10297.521490596111
LLC Bullock,2,43678.71675629064
Owens-Collins,1,44017.03291300981
"Dorsey, Moon Murphy and",1,24125.90608314689
and Ray Sons,1,25539.05158761258
"Benjamin and Maddox, Phillips",1,17175.923926948202
"and Kennedy Montgomery Horne,",1,4719.5617818343635
Mcguire-Livingston,1,39590.51654439176
Little-King,1,35291.07299179452
"and Cabrera Day, Stephens",1,21820.425108133306
Clark-Payne,1,23156.748029260238
Martin-Wallace,1,11014.427269954916
Harrington-Austin,1,46822.87287916541
Meza-Perkins,1,34747.56759209284
Sons and Duncan,1,33056.34138078324
"Rodriguez Roberson, and Harrison",1,33567.49209544655
"and Moore Martinez Owens,",1,46576.02250700402
"Cox, Miller and Mays",1,17129.901419658494
"and Thompson, Mendez Hunter",1,28248.622558616036
Group Ellis,1,7373.663024295205
"Farley Richardson, and Anderson",1,11545.625656301903
Pineda LLC,1,21231.341765838646
Ramos-Robinson,1,15877.973113729695
"West, and Parks Baker",1,32216.38895425876
Williams-Davis,2,34322.168424415184
Henderson-Taylor,1,21772.341398649638
Kelly-Allen,1,44939.56552476109
Ltd Barnes,1,40825.18442360509
PLC Williams,16,355526.9550995274
Washington-Sanchez,1,27783.86720534557
Hensley-Shepard,1,49000.226552616674
"Gomez, Tucker Collins and",1,34498.209390905125
Morris-Fox,1,2250.826534626081
"and Kim, Kennedy Brennan",1,50496.83340007267
Newton-Lawrence,1,36613.258834678636
LLC Bennett,3,113245.43101581861
Inc Henderson,1,30050.315462579736
Wright-Frederick,1,8816.874764545792
Branch-Lopez,1,31190.190289919577
Blair LLC,2,33728.903929106964
Meyers Ltd,2,52322.15301184536
Gray-Yoder,1,49156.20879807451
Cunningham-Li,1,38479.56003734644
and Olson Sons,1,26655.526422460684
Sons Franklin and,1,35071.94414894386
PLC White,4,72499.4041492196
Santiago-Neal,1,36927.55553232185
Jones-Garza,1,45663.037273148264
"Bolton, and Gonzalez Turner",1,29232.99096571719
Johnson-Gonzalez,1,39181.35917221964
Burke-Johnston,1,7987.502383778308
"and Howard Schroeder Williams,",1,19263.863877896496
"Donovan Hampton, and Weaver",1,14769.51113826672
Patrick Group,3,60875.85020380547
Garcia-Bennett,1,14425.888133569615
"Kerr and Miller, Mayer",1,27503.16614749346
"Garza and Escobar, Chavez",1,25785.302028302154
Lee Sons and,5,153823.64904601141
Thompson-Byrd,1,36023.526854478805
Rivera-Peters,1,31815.97907832593
"Hood Goodwin, Campos and",1,35417.60390857891
Mora-Merritt,1,21205.217841707796
Williams-King,1,40127.47211621574
Molina-Clark,1,38678.30719948298
PLC Soto,5,116453.64067608333
"Brown and Vincent Roman,",1,22012.01454031588
"Morgan, Garcia and Davis",1,21210.98980018093
Group Stanley,1,27363.441657196086
"Torres Lopez, Jacobs and",1,35821.15692974604
"Diaz, Little Shea and",1,48585.23448014506
"Jackson Thompson, and Beck",1,47364.06909603782
Wade-Hardy,1,28896.74849044532
"Boyd Sullivan, Burgess and",1,49085.270243624174
"Smith and Solomon Freeman,",1,38680.14580729328
Sons and Harris,1,-211.72384541426095
"Fernandez Aguilar and Hamilton,",1,47467.41428804079
"Johnson, Day Pham and",1,46184.12154134243
"Garcia, Johnson and Mcpherson",1,22511.563194752944
"Beasley King, Richmond and",1,11452.617785362057
"Smith and Hayes, Price",1,45129.286680535224
Ltd Pena,2,48466.42016160399
Davis-Hobbs,1,22607.263336114313
Ruiz LLC,2,68354.40351994138
Wheeler-Holland,1,22089.32328205188
May and Sons,1,29560.302760495433
Mendez-Sherman,1,24286.633046291976
Ltd West,2,72405.5676618943
"Lopez Romero and Howard,",1,48318.73270128352
Vincent LLC,1,38028.08818884832
Larson-Hurst,1,48300.63896152772
"and Dixon, Lucero Young",1,19808.073989325196
Ltd Henson,1,44268.91015774496
Galvan Inc,1,26653.980375656774
Walton Sons and,1,32623.394884495865
"Stevens Martin, and Pena",1,46632.28281128668
"Wallace, Hale and Hill",1,25946.150866975793
Werner-Smith,1,38780.05925917646
and Sons Mcdaniel,1,44458.940390419055
"Wade Pearson Murphy, and",1,39276.5400155153
"Hensley and Johnson Thompson,",1,8194.829452557286
"Thomas and Fischer, Hamilton",1,25984.752106030533
Sparks-Richardson,1,47453.1049878037
PLC Garza,3,94246.74789019208
"Gonzales Donaldson and Freeman,",1,12307.99810675016
Potter-Johnson,1,40730.31207499395
"Robertson Mills, and Davis",1,7314.3540425839765
"Mason Christian Stewart, and",1,1287.5464725710312
Inc Powers,2,25441.970468902757
Mitchell-Hawkins,1,48824.19518480539
Larsen-Bennett,1,46242.88244919489
"Wagner Brock Hawkins, and",1,17589.3212971432
Contreras-Contreras,1,11034.842011081342
Phillips-Patrick,1,21556.57470690116
"Wise, and Hale Johnson",1,30881.99798238426
Clark-Williams,1,15276.300332322908
Allen-Moore,1,28680.412390151996
Montes Inc,1,18247.022260152342
"Jones, and Nguyen Freeman",1,48627.057929860486
Sons Levy and,1,20075.44343020505
"and Mcdonald, Clark Martin",1,29231.101005038538
"Fletcher Ortiz, White and",1,21029.5480467843
"Bray, and Villa Giles",1,9912.50089177029
Garcia-Bush,1,45764.87518365504
Andrade-Lee,1,25343.437927768777
"Shaw Delgado and Sanchez,",1,21782.086375226954
Duke-Torres,1,20458.54594364298
Tran-Rice,1,8645.647287838514
Warner-Sawyer,1,18660.995167798126
"Boone Adams and Clark,",1,20642.498288896575
Davis-Riley,1,13121.331837605032
"Martinez, Foley Miller and",1,678.029229711662
Chan and Sons,1,1379.6534783221625
Dunn-Huffman,1,41615.658005457
"Carter Spence and Adams,",1,42589.219985867305
Sons and Frost,1,7726.555216753246
Lynch Sons and,1,45276.41218912343
"Reed Bowman, Rivas and",1,28787.438746424683
Thompson-Burke,1,35316.77891727255
Hawkins-Morgan,1,28271.541768434276
"Patterson Shaw and Grant,",1,15077.025389866569
Barnes-Kelley,1,38822.822979754106
Ltd Huff,1,44438.31485365933
"Johnson Garcia, and Guerra",1,17636.79715788207
Meyer-Hill,1,40693.35422395354
James-Smith,1,50142.02694785304
Sherman-Martinez,1,3771.237165573879
Colon-Leon,1,23154.638501228863
Black and Sons,1,34934.93537978995
PLC Mann,1,32968.23319367642
Inc Lopez,9,207754.50053431108
"Gutierrez, Martinez and Johnson",1,15675.033427806895
"and Johnson Perez, Hernandez",1,43095.33418064013
Hayden-Day,1,12204.230845462798
"Kim Hodge Hansen, and",1,27101.867774407674
Kelly-Williams,1,47234.08677343262
Rose-Brown,1,26028.635368529267
"Clarke, Roberts Simmons and",1,20065.360256197313
PLC Moore,3,107660.97210409229
"Davis, Wilson Ho and",1,25277.479922832572
Inc Levine,1,19174.681273068523
Ltd Salinas,1,28081.937282515268
"Hernandez, Parks and Moore",1,32144.69930982993
Group Johnson,12,325119.8106729146
Inc Chen,1,29862.173483041915
"Hobbs Skinner Watkins, and",1,30771.123234612383
"Howe and Terrell Roberts,",1,33724.04447721524
Campos-Bailey,1,13983.01261745863
"Hunt, Johnson and Walton",1,16761.231590912605
Bryan PLC,2,33437.49891206572
and Kramer Sons,1,10826.75845735579
Bryant Group,4,136992.3328144947
"Vargas, Morales and Banks",1,40307.995171951305
"Miller, Leonard Johnson and",1,39837.74085278687
"Bell and Sawyer Vincent,",1,34340.396666420966
PLC Fritz,1,38526.00454133261
Cruz-Warner,1,41322.44981843602
Berg-Ruiz,1,30287.169980828774
"Allen, Cross and Collins",1,39691.598544977955
PLC Saunders,2,75635.80394275488
Romero-Meyer,1,42008.387457715035
Hughes-Levine,1,48416.7605656544
"Brown Simmons, and Hansen",1,14142.7981619741
"Kennedy, Graves and Scott",1,19883.1281371035
"Richardson Allen, Gonzalez and",1,20488.367130986353
"Hendricks, Scott Harrington and",1,19681.00299004387
and Mckee Sons,1,6182.988394407385
Flynn Inc,1,15648.366937666317
"Gonzales, Davis Anderson and",1,36716.22707638725
"Williams, Wilson Reyes and",1,20754.97370637076
Hall-Roberts,1,27829.5859304417
Nelson-Lane,1,39421.370652401245
"and Lee Peterson Williams,",1,21860.336495432995
"Roach and Smith Kelly,",1,24816.769481246607
Barnes-Shah,1,9684.522392529183
"and Hardy, Sanchez Johnson",1,26321.90256510642
Turner-Glover,1,27790.174355131163
Dean-Blair,1,45570.963494121424
Berry-Flores,1,10573.677523677576
Lopez-Rogers,1,5617.477762374547
"Garcia, and Martinez Ball",1,43414.92098608469
Huff-Scott,1,27484.426108775908
Inc Bradley,2,44457.22489741122
Singh-Winters,1,23801.675092883695
"Lopez and Wells Freeman,",1,40784.13257678553
Group Schwartz,1,34493.180194440945
Ltd Durham,1,29281.143091886304
"Hudson Patterson, Trujillo and",1,18920.796560528343
Martinez-Wallace,1,3126.976476501947
"and Crawford, Campbell Welch",1,27559.151696860667
"Skinner Williams, and George",1,1362.724116483391
Inc West,1,43172.446215353426
"Nunez, Sanchez and French",1,42775.7264190192
Glass Inc,1,28151.90350530886
Davidson-Arnold,1,36645.86895945626
Group Garner,2,26785.019431667642
Diaz-Miller,1,36524.08075203508
Hickman-Schmitt,1,48222.23777553339
Dodson PLC,1,2369.9801091262766
"Delacruz Pearson, and Ramirez",1,49665.63234519101
"Mitchell, Martinez Tanner and",1,26011.43146292577
Carson-Nolan,1,44869.29794241986
Callahan PLC,1,31765.866960396295
Smith-Ingram,1,10622.559330450687
Branch-Gentry,1,20628.284170423995
Moon LLC,1,3958.4148161440644
"Cruz Ward Gallegos, and",1,34600.180846751275
"Hall Wright, Smith and",1,48790.83592905413
"Morton Anderson, and Howe",1,40717.28905165002
Reynolds-Gray,1,20545.289563046426
Peterson-Lee,1,11302.60779256993
"Clark and Carson Becker,",1,5276.711117140815
Mora-Hurley,1,1809.7493199669104
Roberts-Miller,1,45004.29253211126
"Cook Hoffman Parsons, and",1,9507.21288131985
"Yang, Bradley Reeves and",1,42880.60026937935
"Ramirez and James, Suarez",1,46552.17626141464
"Jones Levine and Shepherd,",1,16543.52595350662
Mccarty-Anderson,1,22457.591164440666
Nunez PLC,1,24785.120331738006
"Morse Summers, and Wilson",1,46542.235340192
"and Hunter Glenn Scott,",1,39151.456827145405
"Thornton, Whitaker and Dean",1,50007.34520239453
Steele-Johnson,1,10998.240624831347
Franklin LLC,1,45881.84812705212
"Haley Orozco, Mcpherson and",1,36338.95148475816
Hoffman-Jacobs,1,2325.948893220973
Merritt Inc,1,2822.8827137079925
Cantu-Hendricks,1,39036.58641100677
Nunez-Barrera,1,40890.984944540345
"Klein Mitchell Mitchell, and",1,25682.14666144071
Davis-Roman,1,43537.750656882294
Simpson-Hunter,1,3507.8564729899635
"and Morales, Davis Gross",1,12276.61435655796
"Jennings Banks and Hart,",1,33643.882500750784
"and Flynn, Austin Underwood",1,26236.14830842222
and Sons Blackwell,1,33489.00938412577
"Sanchez and Nichols Burns,",1,11476.075508694119
Webb-Scott,1,9433.839655308366
PLC Sutton,2,36487.93288033878
Mullen-Hernandez,1,20651.61483914353
Gonzales Sons and,2,23401.759237013313
Ltd Martinez,5,187091.60556530405
Lowe-Bruce,1,34898.35906255016
Reed-Ray,1,30363.640379615354
Dunn-Burns,1,4423.774915141303
Jones-Gray,3,99376.83288732663
Ltd Trujillo,1,35841.2411212939
"and Williams Aguilar Jones,",1,22466.88859766143
"and Watkins, Benson Wilson",1,5036.919529604187
"Griffin Williams, Harding and",1,19406.35821831565
"Williams Kline Brown, and",1,18249.543811582476
White and Sons,6,211493.66566240613
"and Hall, Webb Meza",1,33588.80781473213
LLC Harvey,1,28599.96899870983
Chang-Myers,1,17811.546552854994
Brown-Sanders,1,49756.44827840537
Gordon-Atkins,1,45962.804412565936
Hart Group,2,55150.67477116795
"and Torres Martinez Stewart,",1,15944.285705105207
Alvarez LLC,1,30826.494621405807
Vargas-Reeves,1,15446.30514921983
"and Brown White, Howard",1,4506.6178389345605
Warner and Sons,1,9794.925424309644
"Jones and Vargas Mendoza,",1,8360.816663680362
"and Koch Newton Sanders,",1,49457.58194442026
"Frazier Burns, Ingram and",1,25271.452368591275
"Ruiz Brooks, and Stanton",1,38754.97745258123
Ltd Gregory,1,40843.17861375192
"Lucas, and Lester Sullivan",1,10866.585616804383
"Cain and Gay Thomas,",1,20540.244351990215
Inc Gordon,1,32627.315126851157
Group Pittman,1,15650.83731022911
"Fox Davis Long, and",1,13136.00618909306
Bell-Green,1,8289.884685566805
"Mcguire, and James Adams",1,46539.43780843767
King-Miller,1,25655.477698722778
Myers-Hernandez,1,10673.653614852396
Moore-King,1,12901.139324509677
"Lewis, Hughes Baker and",1,34829.354450719366
"and Lopez Singleton Boyle,",1,13114.908381964833
"Terry Rivers Day, and",1,7098.04490362081
Rodriguez-Callahan,1,28619.69436279124
LLC Rodriguez,6,146732.00128433836
LLC Cruz,2,51367.031961596294
"Carpenter Goodwin, Rich and",1,28402.80336952963
"and Gonzales Adams Whitney,",1,24616.220633343684
Nelson-Taylor,1,36887.054459508145
Brady-Moran,1,43872.85430181329
Johnson and Sons,2,51837.379434472474
"Mccall, Lang and Henderson",1,41158.25982448749
Kennedy Ltd,2,56415.47159440795
"Thompson Nelson, Higgins and",1,38942.66825162839
"and Benson Harper, Wallace",1,3924.352154859903
"Johnson Smith Hudson, and",1,41376.44669128026
"Taylor, Sanchez and Jackson",1,6260.09256632979
"and Pratt, Sanchez Rodriguez",1,694.3705419785622
Ltd Knight,2,67435.77800631183
Leon and Sons,1,20461.970622376597
"Marks Williams, Bates and",1,39149.47164581117
Nguyen-Gillespie,1,9469.502071297062
Hoover Inc,2,46707.72421942473
Young Group,3,89779.77864457868
Romero Inc,1,4708.399903573947
"and Hernandez Everett Mccullough,",1,37912.4097367944
"Morgan and Huff Kelly,",1,47042.15739570438
Bird Inc,1,16521.802175616205
Torres-Hernandez,1,34724.07922105043
"and Joyce, Holland Jensen",1,22427.043260263716
"Long, Young Garcia and",1,43774.72984834171
Inc Christensen,1,17435.532443618755
"Hernandez Cox Wallace, and",1,31610.068199467212
"and Mejia Vincent Young,",1,18189.5508012267
Hernandez-Armstrong,1,16468.517399234355
Romero and Sons,1,16172.603162951733
"Juarez, Trujillo and Swanson",1,10753.602317078288
Conner PLC,1,31088.844481103242
"Wright Steele, and Benjamin",1,12998.353953952083
Porter-Patterson,1,2254.257115578741
Chambers-Welch,1,6277.3072647149875
Hooper-Freeman,1,44996.24997774532
"Carroll, and Rodriguez Cook",1,21424.534087347663
"Beck Terrell, Williams and",1,24450.18815772202
Jensen Ltd,1,34398.158745735374
"Stone Sanchez, Williamson and",1,5327.727617303048
"and Walls Black Morgan,",1,19743.13192439464
"and Barron Williams Castro,",1,26669.609950225207
"Thornton, Brock Montgomery and",1,6620.623952611344
"Stanley, Armstrong Taylor and",1,46410.966814067746
Herrera-Malone,1,16949.193718034083
Serrano-Lopez,1,32842.15892495377
"Harvey Reynolds and Wiley,",1,7945.531783029328
"Evans Mejia Middleton, and",1,16363.453674756194
"Horn and Ball, Sanders",1,15874.579886237869
Hall-Harris,1,26343.649466896728
Hamilton-Burns,1,9402.387341108963
"Wright Fox, and Hartman",1,4967.041666254788
Galloway-Rodriguez,1,39384.82530640294
"Pittman Harris, Walls and",1,20215.843592466812
"and Rivas, Trujillo Watts",1,24075.297502477075
"Moon, Graham Caldwell and",1,11675.16861686611
Barker-Adams,1,24838.36328544372
"Carson Chen, May and",1,17121.168402064945
Alexander-Snyder,1,26222.831906355997
"Dickerson and Glover Anderson,",1,10122.426606138164
Inc Barrett,1,17822.14896856296
"Adams Patterson, Lawrence and",1,37038.01473688717
"Torres, Mccullough and Robinson",1,20795.40144589282
Williams-Valentine,1,22239.377196206373
White-Jensen,1,45452.29897525177
PLC Bartlett,1,4695.540024898738
"and Jones Gross, Bird",1,12742.294104849994
Howard-Erickson,1,47878.59733388545
Harris-Smith,2,48544.25145942964
"and King Olson Thompson,",1,6923.078318719111
"Hughes and Erickson, Anderson",1,47985.16733832777
Hampton-Thomas,1,22950.651139182566
Massey Inc,2,51608.38576335873
Harrington-Marshall,1,15364.484785297807
"Mcmahon and Kim, Holmes",1,42653.76534463952
Franklin Ltd,2,66671.67452032088
"and Gill, King Osborn",1,37114.411679851175
Group Robbins,1,10649.328407821993
LLC Martinez,10,220571.05104003733
Ltd Thompson,7,200378.0637370469
"Delgado, and Mcdonald Berry",1,15267.301126506307
LLC Cole,1,12932.239735379666
Blevins-Douglas,1,9425.076007947047
"Williams, Rice Barnes and",1,29373.756114503507
Hodge-Thomas,1,26816.70586290615
"Little Moore, Ellis and",1,32667.246523797825
Stewart Inc,3,68799.06245678302
Washington Inc,1,47647.50335224153
"Franco Anderson, Davidson and",1,27976.67049348553
Garcia Inc,3,102933.37115620074
Ross-Navarro,1,4941.588173180553
"and Copeland Webster, Thomas",1,26764.39953391982
Walker PLC,5,163772.17433532115
Baker-Austin,1,9439.90585906019
LLC Jensen,2,26279.891702454835
Tucker-Clark,1,21860.8618259683
"Cook Jones, and Cunningham",1,40905.63136667278
"Schroeder, Day Swanson and",1,3196.149686678831
LLC Dorsey,2,55461.378773624914
"Allen, Davies and Mcintyre",1,34612.995379515145
"Sawyer and Velez Christensen,",1,33636.14371117686
"Waller, Price and Hernandez",1,33620.334350275305
Brown-Wiley,1,17199.255601895504
"and Wu, Johns Elliott",1,15064.146224113942
Cummings PLC,1,4931.885844867813
"and Barrera Allen Burke,",1,33377.79257685764
Kelley and Sons,2,17244.665766206126
Smith-Peterson,2,50795.22684091251
"Perry, and Contreras Jennings",1,1464.7844048912207
Murray-Robinson,1,23576.26212031668
White-Saunders,1,20588.73973929557
Miller-Bryant,1,12681.437490298846
Harris-Bass,1,40405.71912384811
LLC Hopkins,1,26774.434945873894
Thompson-Mejia,1,18868.8467175793
Diaz-Long,1,26139.445546628667
"Brown, and Gardner Townsend",1,21897.02245967543
Aguilar-Waller,1,28899.313309322206
Foster-Hall,1,47728.5460382288
"Hughes, Kerr Pierce and",1,30650.11181817626
Perez-Turner,1,32647.78093875503
"and Blackburn Nielsen, White",1,31034.068272419223
PLC Collins,2,69769.41653651964
"Gould Kelley and Cole,",1,6891.976503362539
Williamson-Sanchez,1,35367.293099211915
Smith-Mejia,1,20953.69592739015
"Massey Burke, Murray and",1,41276.13710393691
Gonzalez-Graves,1,42491.117081241806
Henry and Sons,1,25090.528841208645
Chung-Young,1,37357.67942781127
"Petersen and Roberts, Mcneil",1,18178.802060941653
"Burgess Lopez, Baker and",1,25052.841138440977
"and Mcguire Thomas, Martinez",1,43516.194863590055
"Chambers, Rocha Patrick and",1,11625.728043852423
"Lawrence and Bean Barton,",1,21654.260700787065
Mccoy and Sons,2,36100.5309819713
"Jenkins, Thompson and Nguyen",1,28063.84773154848
"Fleming Humphrey and Drake,",1,11803.902322701368
Jenkins-Rodriguez,1,48774.80949854291
"Campbell and Lynch Martin,",1,16934.978469224123
"and Lane Taylor Fuentes,",1,27253.601816609516
Smith-Maynard,1,26518.71243807109
"Mcdonald Taylor, and Bates",1,27703.011976805563
Allison-Walters,1,15048.827858026134
Sons and Alvarez,1,13916.398726854271
"Carson and Berry Porter,",1,13794.797601864371
"Rhodes, French Fowler and",1,7244.357509207043
"Kim Boone Alvarez, and",1,11606.14753211772
and Nguyen Sons,1,22394.052312121825
Moore-Ellis,1,21883.540502897413
Blankenship-Hopkins,1,11525.8895000531
"Vega Soto, Potts and",1,5043.750238071985
Inc Ali,1,574.5123412524217
"Jackson, Newman Adams and",1,11051.603180932654
Alexander-Duncan,1,45523.8745912582
Group Soto,2,41101.08602999663
Sanchez-Harris,1,33284.913799687834
Ltd Velasquez,1,11038.231069481675
"and Green Burnett, Marquez",1,32452.115788712617
Bell-Estrada,1,25222.408853755507
"Sanchez Kemp, Rivera and",1,10643.393784828888
"and Garza Robbins Craig,",1,10995.95196896399
Allen-Rodriguez,1,30002.31460752249
"Cain and Miller Mason,",1,19644.458801925328
Jennings LLC,1,37154.43932019941
"Lee, Gonzalez Mckay and",1,9303.205748246173
Ltd Cook,1,13004.167850858728
"Malone Webb and Knight,",1,1811.9637640924452
"Mcdonald, Holmes Good and",1,22944.659714829766
"Lowe Holmes, Dodson and",1,19439.53326583259
Richards LLC,1,38296.56542768334
Cruz-Hamilton,1,15784.912231859358
"and Maynard Anderson Bender,",1,30153.548341042064
"Morris and Drake Wilson,",1,27884.10791959397
Huerta-Sanchez,1,7320.042617086167
Wells-Price,1,49934.13796344043
Montgomery-Anthony,1,10710.325720833795
"and Clay, Morton Cunningham",1,5588.993884734703
and Cordova Sons,1,20361.865517906645
Brown LLC,14,380873.3385485579
LLC Howard,5,109718.36971528626
"Lewis, Gibbs and Powell",1,12950.759575448634
Perez-Henderson,1,20840.242917910036
"Robinson, Weaver Taylor and",1,5655.805938216732
Group Beck,1,39494.054818991506
"Cole Dawson and King,",1,24668.502180131232
Miller-Robinson,1,46334.88194177711
Ochoa-Edwards,1,9585.07136569674
"Thomas Price Reeves, and",1,48261.25770043253
"Smith, Zamora Graham and",1,33365.21544475726
Roberts-White,1,20521.538114102364
Brewer Ltd,1,30239.39713481874
Russell-Torres,1,36327.52439129154
Craig Inc,2,62939.02701109434
"and Mitchell Hayes Jones,",1,48995.88038935802
Inc Jarvis,2,62767.49281150784
"Walls Ramos, Cain and",1,8456.978287467837
"Ho, and Hill Bates",1,27420.622642503015
"Gallegos Rodriguez, Bush and",1,19566.880537670353
Castillo-Phillips,1,2474.9001045363743
Welch-Keller,1,27173.74662323381
"Green Holmes and Morgan,",1,29588.021333371027
Clark-Russo,1,21504.590209121678
Todd PLC,1,3143.6490858844572
"Rodriguez Rivera, Murphy and",1,24493.672511893838
"Davis and Taylor, Higgins",1,17481.577549521084
Johnson-Hardy,1,26407.139649571167
"Anderson, and Frazier Lowery",1,9016.769054343982
Poole-Scott,1,31316.386521054297
"Hunt, Villa Goodman and",1,4170.833495981934
Acosta-Barnes,1,24230.82120560439
"and Snow Martin Brown,",1,44472.62166952121
Wheeler Sons and,1,36388.90766284492
Torres-Warren,1,7269.9502836332595
Salinas-Pearson,1,40895.95425121649
"and Wright Fox, Sullivan",1,12885.019759800245
and Sons Long,2,25927.955218305324
and Reyes Sons,1,24241.526338391763
"Williams, Palmer and Thomas",1,40194.50637046547
Flowers-Johnson,1,28628.523517704667
PLC Fitzpatrick,1,4026.4880122973536
"Phillips and Cantrell Rosario,",1,43163.46260791256
"Heath Day Aguilar, and",1,16388.427623926098
"Smith and Barrett Williams,",1,36170.79028132263
"and Mann Turner, Goodman",1,17406.74963409023
Taylor-Cline,1,21156.088685427905
Jordan-Cervantes,1,23761.4503218419
"Hoffman and Townsend Erickson,",1,30206.701120457754
Sons Powers and,1,32937.80130066824
Garcia-Barnett,1,39367.456607005835
Rodriguez-Williamson,1,17820.253881499804
Fields-Koch,1,47164.31479628705
"Price, Rivas Fitzpatrick and",1,25263.341591877623
Velazquez-Ross,1,38416.36076485851
Martinez-Robertson,1,44125.373306994385
"Dalton Hall, Williams and",1,5327.02996089118
Harris-Galloway,1,17046.003584616137
"Murphy and Hall Flores,",1,8018.228836137869
Hayes-Thomas,1,32535.04006235062
Briggs-Hendricks,1,36749.77214375151
"Maldonado, Johnson Lucas and",1,10225.327945886149
"and Ross Owen Barber,",1,22822.677524594837
"Jones, and Davis Baker",1,40904.36864975344
Perry-Hines,1,30774.323076686887
Mckay-Fox,1,37685.31689554734
"Thompson Cervantes, and Hayes",1,37870.86888024318
"Payne, Fletcher and Vaughan",1,47802.648805252386
Richardson Sons and,1,29919.89958810604
Baker-Stokes,1,37574.693387866355
Walker-Hill,1,26267.615902218913
Casey LLC,1,46796.63687043764
"and Simon Parks, Brown",1,17598.21679538411
Brown-Evans,1,27077.36768718617
Nguyen-Mooney,1,20532.07516456603
Mcconnell-Newman,1,44923.36250248491
"and Phillips Thomas Herrera,",1,26129.99713429629
"and Miller Dyer Black,",1,15998.743870836237
Kelly and Sons,1,32827.6639726014
"Allen, Miller and Reed",1,28090.02566161433
Yates Ltd,1,39757.615370365056
PLC Schwartz,1,39033.64289272124
Thomas-Bond,1,41068.56374747202
"Brown and Gregory, Rose",1,34617.68089283478
"Young, Collier and Meyer",1,6773.363672605235
"Scott Larson, Deleon and",1,1711.217659000697
Clark-Mason,1,18553.025310348257
"and Gutierrez Dennis, Carpenter",1,29615.209152440788
and Moody Sons,1,15659.45866733158
Boone-Martinez,1,32945.83324613426
Saunders Ltd,2,24272.18214179764
Mcknight Ltd,1,4008.140211068979
and Kirk Sons,1,22340.965333524444
PLC Alvarez,1,7078.146130676018
Rogers-Weber,1,13412.60098230917
Proctor Ltd,1,50651.67027467736
"and Melton, Evans Foley",1,38709.02286076773
"Sharp Callahan and Ford,",1,4210.857677061017
Santos-Bullock,1,37892.956442024624
Harmon Ltd,1,19395.01525207018
"and Turner Shannon, Smith",1,14491.629278733531
"Harris and Chandler Brown,",1,35634.59580583684
LLC Richard,1,5758.785524384215
"Griffin Downs, and Collins",1,15288.875779206684
Hebert-Evans,1,15696.923834373589
Joyce-Meadows,1,18515.239598540076
Hammond and Sons,1,31912.823973750175
"Parker Dennis, Morton and",1,22394.085234774597
Glass-Jones,1,28670.17961485274
"Malone and Mckenzie, Rose",1,18378.623889799142
"Fernandez Lopez Gibson, and",1,22079.215767969104
"Jackson and Lane, Dillon",1,20227.863726744774
Bass Inc,1,5549.785435792208
Group Ortega,3,99453.90208805856
Hicks-Perez,1,20086.217102867195
"and Yang Fox Scott,",1,32760.468759879866
Ltd Foley,2,74429.49261670728
"Diaz Smith Johnson, and",1,45913.165905601694
Gibson-Osborne,1,22827.81090323245
"Martin Rodriguez, Richardson and",1,11162.425018145967
"Ellis, and Smith Black",1,18628.701838647696
"Sellers and Nelson, Anderson",1,37571.37570058234
Atkinson Ltd,1,2914.023503376444
LLC Morales,1,23378.01089741111
Gordon Inc,2,57369.396759889845
LLC Gardner,3,94681.92081995726
Tanner-Cox,1,4933.221878012801
"Harris, White Benson and",1,7953.359627162207
Adams LLC,2,26587.229560515527
Blankenship-Moore,1,44125.32582419621
Inc Gibbs,1,23707.66414996962
Hill-Watts,1,43624.51239588962
"Sullivan and Daniels Hart,",1,19218.109627027174
"Jones, Wilson and Bradshaw",1,15265.76234202801
Gonzalez-Espinoza,1,30290.43915098724
"White Roberts and Simpson,",1,21640.5090203568
Wood LLC,1,26862.364158874898
Sparks-Spencer,1,26452.403801290795
Morales-Todd,1,35133.233222983516
"Graves, and Morales Berger",1,48999.939175200794
"Salazar and Robinson, Miller",1,12573.737351526263
Rogers-Meyers,1,20791.1917347982
"Conway Brooks and Green,",1,18178.65749990634
"Gregory Crawford, and Gonzalez",1,4449.587803567415
Morales-Ho,1,43810.04733928988
House Ltd,1,35216.4793961165
Williams-Murphy,2,47930.69175785429
and Sons Carrillo,1,30795.5997367343
"Taylor, and Young Garcia",1,41028.291204273766
Baker Group,1,3117.526010528628
Tran Inc,2,50580.11481869992
"Fitzpatrick Ford Ball, and",1,39588.22875775235
"Cox Sullivan and Alvarado,",1,41640.5874340904
Shelton-Clark,1,16287.421964726276
Martin-Stone,1,17885.93160799441
Herrera-Dudley,1,45260.05744098021
Decker LLC,1,24468.053413992162
Burgess-Page,1,43859.37891214033
Sons and Evans,2,33418.674815818085
Burnett-Hart,1,34445.07822903776
"Jenkins James, Arnold and",1,10785.263758175312
"Montoya Hamilton, and Cordova",1,13937.35028253665
Little-Phillips,1,44907.41728209105
Luna-Coffey,1,19114.87853037762
"Hart and Reed Gonzalez,",1,900.0129755758951
and Sons Acosta,1,34847.70522886024
Wilson-Rivera,2,32127.04895561816
and Shah Sons,1,20155.978509755325
"Johnson and Roberts, Gutierrez",1,3960.1191077546823
"and Lopez Lee, Schmitt",1,33051.660382884314
Martinez-Browning,1,12013.219382846042
Bell Group,3,55739.926613781645
Benson-Pacheco,1,12838.633693868293
Webster-Bishop,1,40026.101489170505
Freeman-Delgado,1,22500.207228868156
"and Copeland, Riley Henderson",1,10915.39601472982
"Montgomery Spears, and Blackburn",1,45073.88155787962
Mendoza-Mendez,1,26333.81869677695
Daniels-Rodriguez,2,82797.52759779972
"Garrison Yates, Mcgee and",1,5628.833695147205
"and Santana Mccall Bean,",1,3069.799354066518
Wood-Wells,1,49795.899762661604
"and Davis Webb, Ellis",1,20514.66915367418
Jordan-Pena,1,21512.029029750265
"and Watts Avery Marquez,",1,8911.046576632107
Fitzgerald-Arias,1,16226.772489420968
"Williams, Hansen and Edwards",1,46906.69716157668
Watson-Bowers,1,34660.158053899024
"Davis, Bailey and Tran",1,17821.966151647666
Ltd Becker,1,42912.53661428347
Foster Sons and,1,31331.10146182108
"and Rogers Huang Pittman,",1,16259.276817848715
Schmidt-Hall,1,34622.00101414145
LLC Rodgers,2,27609.049081173733
PLC Gordon,1,19997.58043834917
Smith-Hodge,1,47249.541357881724
Kaufman Sons and,1,16294.565027453747
Lee-Craig,1,16608.54082365956
"Ortiz Lewis, and Berg",1,26762.93407117385
Pace-Taylor,1,26685.600998081114
"and Stafford Lee Price,",1,7328.339378509881
Reynolds-Lewis,1,17603.48789676423
Harvey-Massey,1,42558.068978551586
Sanchez and Sons,1,14728.366305072426
Woods-Campbell,1,40124.38560879104
Campbell-Morales,1,10372.111987944985
"Adams and Delgado Newman,",1,27763.57292712363
"Williams, Mercado Gibson and",1,28452.290305783896
"Medina Moore, Maynard and",1,49879.7707216241
Reese-Orozco,1,47286.141091326564
"and Gutierrez Carlson Jenkins,",1,40043.91603186404
Nixon Ltd,1,50314.74447722042
and Sons Durham,1,39778.62286358026
"Schwartz, Gray and Bryant",1,41064.21167511197
"Miller and Williams, Fowler",1,16038.518694940261
Jimenez-Rhodes,1,41908.7612202825
Becker Ltd,1,2937.5852334183273
"and Luna Castro, Stevens",1,2770.8994078257047
Santana and Sons,1,34470.34955635721
"Jones, Williams Hancock and",1,22831.578464060658
Leblanc LLC,1,26598.07738783669
"Martinez and Sullivan, Smith",1,30633.494635977244
Contreras-Martin,1,10357.017138932551
"Ward, Anthony and White",1,37247.62529208392
Sons Watson and,1,8320.660803287437
Sons and Marshall,2,35561.83171083584
Cook-Taylor,1,1870.6084397725908
Reid Inc,2,41930.326642969456
Gilbert Ltd,7,182659.97936196448
LLC Baldwin,1,10053.924584675826
LLC Anderson,3,54454.03044722321
LLC Sanford,2,78244.79167709814
Carlson-Stone,1,30324.450910368694
Roberts Ltd,4,114540.89644133384
Rollins-Garrett,1,6117.893627627148
Bartlett LLC,1,16243.24289073102
and Brewer Sons,1,34338.86135878305
Carlson-Delacruz,1,46267.98535795986
LLC Williams,9,239570.70775470062
Love PLC,1,46387.61658624745
"and Hopkins Holland Murphy,",1,34403.72369908155
Ray-Flores,1,39041.34017204091
LLC Frank,2,66003.500163183
"White Berry, Palmer and",1,7649.147089308449
"Murray, and Robinson Torres",1,14160.030068892696
Group Martinez,8,300993.6594687568
Jones-Rodriguez,3,61790.899879685785
PLC Robinson,1,43183.36181560805
Lara PLC,2,65646.70595993433
"and Anthony, Valdez Tapia",1,43526.016303054654
Martinez-Fischer,1,49190.18196048123
Johns-Wyatt,1,33035.80338816454
"Harper, and Hahn Williams",1,3595.941595360872
Thomas-Bartlett,1,15066.49748828188
Cole Ltd,3,53855.475359396674
Kramer-Davenport,1,48595.978265068465
Perez-Pitts,1,47590.48681291202
Taylor Ltd,11,242315.89064485778
Thompson Group,5,80660.60336001174
Elliott-Gonzalez,1,16275.993424418382
"Nelson Johnson, Ruiz and",1,9871.90570577872
"Reyes, Henderson Logan and",1,27907.26093450766
Ellis Ltd,2,61469.55256446785
Mclean LLC,1,13001.41273457425
"Frazier and Wilkins, Thompson",1,30468.43056625319
Willis-Higgins,1,12479.080377150465
"Cole, Shaw Boyd and",1,44779.593545034564
"Hamilton Martin Werner, and",1,13912.243509897193
Roberts-Rogers,1,13828.301883836688
Hardy Group,1,14301.93655474384
"Johnson, Brown and Holland",1,28850.277972752272
"Orozco, Davis and Bryant",1,46104.26703483829
Green Inc,4,78671.81199613248
"Bird Rangel and Castro,",1,12991.248866173708
LLC Ryan,3,91433.56869362925
Roberts-Miranda,1,50113.35463415703
Sons and Silva,1,42507.77155145295
"Kemp and Browning Jenkins,",1,48589.87339709186
Garcia-Adams,1,5528.433471013484
"Velez Mitchell, Ramirez and",1,37993.38861352338
"Coffey, Stone Gibson and",1,22080.467564195533
PLC Boyer,1,12650.365030703791
Bowers Ltd,2,51751.96286713109
"Ray, and Davis Peterson",1,7958.8269978075305
"Simpson, Rich and Gonzales",1,47376.75505519454
"Johnson Allen Brown, and",1,20756.30324358551
"Duran Adams and Mitchell,",1,8022.103987434331
Sons and Shepherd,1,28966.4291732731
"Holmes Smith, Scott and",1,35464.1241005463
Bryant-Lee,1,28752.443241487515
"Nelson Wilson, and Martin",1,2263.2884923323963
Herrera-Adams,1,20142.578857037304
"Carr Harris, and Martinez",1,22755.34275418263
"Young Martin, Taylor and",1,12495.213014666864
"Underwood Logan, and Smith",1,37690.87079431238
"Jones, Bauer and Williams",1,32381.180354823387
"Fleming, Edwards Short and",1,10115.038413348646
Duran-Richards,1,22462.33354327264
Mcclure-Cline,1,5431.866797034838
"Burns Sullivan Pham, and",1,31162.260766507643
"Page Mckenzie Johnson, and",1,28228.846988938465
"Olson, and Briggs Figueroa",1,20305.72445807597
Johnson-Sellers,1,12763.45956103779
Coleman Group,4,116974.9430444625
Carson-Cox,1,47824.43268773816
Carey-Saunders,1,25936.901449014797
"Hurst, and Mason Hudson",1,48288.40180011549
Clark-Horton,1,4056.3298805226204
Garrett Sons and,1,33539.0831739696
Ryan-Briggs,1,4591.823867971073
"and Davis Miller, Larson",1,29406.753193026427
"and Martin Marsh Wall,",1,18283.9555992571
Sanchez-Lane,1,43998.845621341876
Sons Becker and,1,12630.153593508814
"and Mitchell, Alvarez Wilson",1,6040.564637076795
Ramirez-Acosta,1,31746.188652526995
"Foster and Fernandez Vargas,",1,18192.213994736772
"and Baker, Combs Hill",1,11383.20212829464
Romero Group,1,13438.245295835377
"and Williams Walters Mcbride,",1,21993.608634751814
Ltd Ross,1,23666.0097979155
"Booker, and Sandoval Molina",1,25326.147233615666
"Johnson, Henderson and Calhoun",1,13447.876701693152
"and Morales Wright Travis,",1,47358.087991892884
Dickson Ltd,1,19270.900098654573
Nguyen-Manning,1,8269.230216643151
"Nixon, and Mitchell Herrera",1,13936.015504244495
"Romero and Mejia, Grimes",1,30242.183475231148
Howard PLC,1,17867.196191362244
"Stone Gonzalez, and King",1,39948.84300864317
"Lewis, Lee and Boyd",1,2070.333928478694
Hanson-Warner,1,13163.943798743276
"Sanchez Santos, Garcia and",1,21426.359648728067
"and Haynes Gibbs, Griffin",1,30911.282689416905
"Harmon and Martinez, Miller",1,28073.75465717318
"and Yoder Peterson, Nunez",1,38148.56966280565
Christensen-Terrell,1,11785.740168396755
Kelly-Lawson,1,29311.493499696542
Murphy-Rodriguez,1,41664.1318309887
"Shannon, Fox Hughes and",1,36307.346147809985
"Spencer Smith Baird, and",1,37831.224717454046
"Duran, and Pacheco Maxwell",1,24396.724387796425
"Powell, Elliott and Bailey",1,20987.30412951837
"and Perez, Harrison Mason",1,31786.60296224297
"King Warren and Chung,",1,21003.730940881043
"Mclaughlin Lester and Wolfe,",1,15519.664567846363
"Mathews, Boyd Rodriguez and",1,35019.7613643206
"Gonzales Anderson Rios, and",1,20160.345346414702
Park-Douglas,1,31709.465028472416
Rodriguez LLC,5,79848.29222360997
Davis Group,11,309021.95374336484
Miller and Sons,3,81418.11624858173
Bell Ltd,1,47700.53752862256
"Hogan, Young Holmes and",1,2462.2103195749787
Schmidt Ltd,4,75070.30995339462
Martinez-Elliott,1,32173.351536718852
"and Morris Mullins, Hernandez",1,44863.65088804078
Zimmerman-Schneider,1,29685.109822373204
Lambert-Richardson,1,49125.37574088965
PLC Cox,3,64704.49960003089
Mccann-Smith,1,48225.8041049745
"Brooks, Nguyen Sellers and",1,21792.325692187776
"Floyd, and Johnson Miller",1,22579.839968191296
"and Ryan, Browning Vargas",1,11299.558909241248
Brown-Young,1,40494.091796491826
Booth-Moore,1,26795.687018321925
and Sons Mcclain,1,6302.456042423623
Brown-Blair,1,15782.13607419944
"and Cruz, Thompson Martinez",1,21265.305873800175
PLC Marquez,2,90133.83408030283
"and West Wilkerson, Foster",1,26706.75056207485
"Jennings Jensen and Waters,",1,38273.06968933742
"and Smith Dickerson Hart,",1,43520.195693629656
Sons and Flores,2,57357.37660510537
Brown-Warner,1,49579.49391969197
English Ltd,1,38582.511052882495
"Nelson Cisneros Stark, and",1,33210.758538921196
Lucas Group,1,24201.500074234224
"and Thompson Brock, Castro",1,17983.816215610583
Austin-Ross,1,1416.644934522697
"and Barrera Anderson, Dunn",1,5418.129157941447
"Holloway, Gonzales Wood and",1,29142.328342424502
"Jackson and Walker, Torres",1,41456.71183618912
Taylor-Villegas,1,23421.013069162003
Reese-Finley,1,8896.851508365231
"Moore Butler, Gordon and",1,37696.946507231
"and Vance Berry Hernandez,",1,1121.8857376652218
and Griffith Sons,2,55655.01716392339
"and Wall, Williams Jensen",1,39351.22495285918
Acevedo PLC,1,18742.64815873972
Lutz-Hawkins,1,13024.641245853032
"Anderson Keller Lewis, and",1,8335.449805852224
Davidson-Davis,2,48621.27805787483
Armstrong LLC,2,59049.16932842936
"Huang Greene Myers, and",1,15362.633164387704
Bowman Ltd,3,59245.16684066891
Thomas Inc,5,158545.02500456083
Group Webb,3,135531.7156876416
and Sons Payne,1,17968.488191220167
"Terry Nixon, Cobb and",1,27424.15858584629
"Lawrence, Maldonado Johnson and",1,27562.21202962587
Ltd Gomez,2,43297.16967553768
Hurst-Goodwin,1,34920.451262707524
"and Morgan Oconnor, Olson",1,43632.72296915058
Nguyen-Smith,1,27110.78985181194
Jones-Martinez,1,31844.95199153517
Gregory-Church,1,21786.75208904667
Lyons Inc,3,72382.64250338615
Barton Sons and,1,45279.98421626482
Brown-Turner,1,46101.919838600916
"Doyle Smith and Oconnor,",1,2404.0639724707744
Mcdonald-Gill,1,11151.443386150027
"Williams, Clark Murray and",1,21367.832733238574
Garza-Gallagher,1,15593.968297845067
LLC Chandler,1,43764.37388887607
"Clark Rasmussen, Nelson and",1,24659.43903748079
Garcia-West,1,25072.60025608614
and Sons Harper,1,12468.498790530537
Willis-Holmes,1,28502.624919632282
Mckenzie-Drake,1,4837.870310701928
PLC Swanson,2,83875.8156520638
Ltd Ortiz,2,73433.7723110453
Calhoun Group,1,27342.641395441748
"Alvarez Hayes Guzman, and",1,7221.304253692377
Blair-Madden,1,26445.65890556178
"and Boyer Freeman Valdez,",1,28920.778050653484
White-Skinner,1,28046.872316327008
Diaz-Simon,1,6423.8575819579355
Cabrera-Moore,1,39138.5882540104
"and Mason, Conway Scott",1,31369.229614902753
"and Wilson, Wright Moore",1,19369.825312690107
"Greene Collins and Brown,",1,41614.400247169986
Pope-Scott,1,31957.237947917554
"Andersen Jenkins Nguyen, and",1,17972.14686997157
Stone-Montgomery,1,29306.678362505732
Valenzuela-Martinez,1,9835.816753124416
Sons Ortiz and,2,46866.07190211853
"and Andersen Miller Jones,",1,36698.948276670046
Barnett-Garcia,1,47486.87248855784
Moore-Gamble,1,39653.55374566756
Glenn-Simmons,1,43633.70989992287
Ingram-Benson,1,14654.739432329492
Rice-Roberts,1,17894.517814830517
Nichols-Hall,1,12436.10396017619
"and Barry Duran Hall,",1,20425.831955073514
"Khan, Woods Fischer and",1,47214.89170936847
"Sheppard Acevedo, Torres and",1,8528.210842376642
"Martin, Hood and Miller",1,30248.38762750987
"Murphy and Johnson Montoya,",1,14990.978889180155
PLC Cochran,1,13649.627805355647
Stanley-Bryan,1,776.3486126863243
"Brooks, Murphy and Bowman",1,47795.81459428456
Higgins-Rivera,1,29580.50210040095
"Olson Taylor and White,",1,43196.0939259807
Rush Ltd,1,27122.90056522415
Sons and Tate,1,43229.87722394162
Davis-Briggs,1,37348.140166806115
and Conley Sons,1,36555.4668281637
"Ramos, and Blanchard Church",1,48906.738133690895
"and Day, Rivera Lewis",1,48550.39218474657
Flores-Powell,1,41899.120471809976
Blankenship-Payne,1,44542.728278557326
Thomas-Odonnell,1,39020.29793846059
Thomas-Phillips,1,29291.427686755233
"Robinson Duncan, Reyes and",1,5251.969318080211
"Day and Stuart, Kelly",1,29218.951721733632
"Knapp Holden, Clark and",1,1021.0998186720828
Ltd Mann,1,12374.385356076982
Mcneil Inc,1,26618.74186701544
Cole-Reyes,1,28297.48454582152
Salinas-Norman,1,39855.76654652919
"Ramos and Brown Glover,",1,19910.636597075263
"Oliver Bates, Johnson and",1,18268.57663834677
"and Morgan Sims Harris,",1,46795.22246732009
"and Leonard Valenzuela, Anderson",1,39659.29566066809
Wilkinson-Flowers,1,2577.5934725765187
PLC Strickland,1,50269.63394225005
Stephens-Vasquez,1,17839.903684493194
Cisneros-Craig,1,44376.983009902106
Graves-Shaffer,1,25791.775255470744
"Wright Morris, and Graves",1,37573.215650087564
Miller-Ramos,1,12253.833863382939
Valencia Group,1,26759.11440169534
Evans-Anderson,1,35917.04279510291
"Benson Lynch, and Carlson",1,23952.913461539203
Lamb-Mills,1,6766.651929540414
Johnson-Roberts,1,6892.115018224567
Rhodes-Carey,1,10107.18765105721
Cole-Davila,1,45540.09554432138
"and Wagner, Lee Klein",1,-306.3649251412676
"Baldwin, and Roberts Ray",1,31266.835302199484
LLC Ferrell,1,8590.190771961148
Martin-Martinez,2,26314.9124200426
Noble-Rivera,1,48574.83579820074
"Johnson Thompson and Crawford,",1,9579.863646419486
Brown-Lynch,1,39701.183556253
Armstrong-Fox,1,41130.194389982455
"Griffin Espinoza, Berg and",1,29129.22105839683
Duffy-Brown,1,26779.5633417991
Johnson Sons and,9,248625.52435024886
Griffin Group,4,132614.9880105867
Pearson-Adams,1,23969.47484711167
Garza-Yang,1,23654.095496932532
"and Brown Lawson, Gardner",1,9544.832739755997
Inc Patterson,1,21185.943903002808
"Tran, Gibson Rodriguez and",1,40701.9159252454
Kelly-Mitchell,1,45641.50921882436
"Wilson and Brown Arnold,",1,13877.419002947585
Inc Mckee,3,86769.39465389287
Woods Inc,1,32284.40503686309
PLC Singh,1,49047.9923829998
Group Ayala,1,42706.04796908966
Marshall PLC,3,49140.55213737412
"and Castillo, Hale Hart",1,23670.35232571978
and Golden Sons,1,8507.744604252264
Ltd Griffin,2,28122.320388246168
"Shepherd and Ho, Delgado",1,4610.488991416458
"and Yoder Hayes Thomas,",1,30794.350554103334
Rodriguez-Collins,1,6603.615309435
LLC Thomas,4,108973.9879475486
and Sons Pitts,1,4147.181532085825
Inc Rasmussen,1,26750.405255399543
Snyder-Campbell,1,706.9183919942022
Jarvis-Smith,1,13083.57847396282
Caldwell-James,1,22633.666631590513
"and Hernandez Acevedo, Thompson",1,5901.612755820079
"Jones Peterson, and Bell",1,14593.697624475297
Martinez-Long,1,47322.837973974674
"Allen Pitts, Bryan and",1,44175.662832482354
"Ingram Beltran, and Poole",1,4797.97010584344
Mccormick-Wise,1,22121.13877060567
"Gomez Holder, and Freeman",1,31420.62669721518
Knight-Saunders,1,44476.49608186315
"Williams Cordova Byrd, and",1,2611.637725584603
Cooper Sons and,1,46538.11479329068
Patterson-Todd,1,32232.845528429476
Moore-Mckinney,1,33342.0924020866
Ltd Alexander,2,94064.14318659535
Graves-Lewis,1,31803.892883023265
Wheeler LLC,1,51252.92570987018
Mosley PLC,2,25050.972044124657
Morgan-Diaz,1,44614.271258369175
Gillespie LLC,2,71689.00642358583
"Freeman, Weiss Marshall and",1,43477.278936391405
"and James, Nelson King",1,45576.9553867682
"Morrison Espinoza Roberts, and",1,39156.102600032784
Bennett-Kidd,1,6559.19837133906
LLC Atkinson,1,26112.282695243764
Sons and Kramer,3,55476.92580336892
Hamilton-Barker,1,39406.7605310079
Moon-Trujillo,1,43615.81332893437
Richardson PLC,1,19026.29512336695
"Ashley Murray, Maldonado and",1,40685.48107958318
"Johnson and Mitchell, Duncan",1,27533.524861456455
Sanders-Green,1,39034.698655337364
PLC Villegas,1,39421.49307079281
"Delacruz Cain Lane, and",1,22243.251539333043
"Parks Hall and Allen,",1,2316.0945151134692
"Hawkins Copeland, and Marshall",1,2236.267556015969
Mullen Inc,1,32470.200116119497
Group Parks,1,25569.433898940664
Reynolds Inc,2,53256.15441030743
Johnson-Payne,1,23944.692963713762
Cain-Robbins,1,43673.271407592394
"and Adams, Johns Duncan",1,25806.343309505795
"Morris Barnes, and Rowe",1,7605.604430260992
"Miller and Bailey Sullivan,",1,25293.168588202247
Velazquez-Thomas,1,22511.718091952665
Group Huang,1,28307.18511389642
"White, Jackson and Avila",1,18099.30794049448
"Murray, Schmidt Anderson and",1,13342.521426530004
"Hatfield, Shaw and Bruce",1,30326.230741285577
Davis-Newman,1,1667.5528618427265
Sanchez-Tanner,1,43448.366290571634
"and Rosario, Kim Glass",1,12739.238888998721
Garrison-Jackson,1,6453.081668793823
Livingston-Adams,1,5882.308770155327
Sons Williamson and,1,43341.9397300987
"and Powell, Fields Evans",1,28914.587743569646
"Finley Rodriguez, Herrera and",1,34103.06630817132
"Smith, Bailey Austin and",1,46189.76798523772
"Reed, Mcdonald Wallace and",1,26480.0539352393
Perkins-Martinez,1,5378.918130897478
"Walton and Silva, Cannon",1,14902.904897537976
"Kline, Harris Robles and",1,31865.154663318
Johnson-Mcdaniel,1,41645.220824392105
"and Meyer Lewis Davis,",1,15307.671219386793
Benitez Ltd,2,43093.53314729211
Guzman-Young,1,46553.212673515074
Thompson-Schneider,1,48314.87925125623
"Davis, Blackwell and Valdez",1,15513.041342112785
"Adams, Ross Edwards and",1,35301.14538396975
"Gray, and May Hernandez",1,5574.557035283339
"and Phillips, Rivera Pitts",1,37112.92735631351
Jacobson-Hall,1,32491.49921386777
"Knapp, Davis Ortiz and",1,47417.408376968495
and Sons Munoz,1,19973.66118171524
and Allen Sons,1,31427.474037582273
"Morris Garza and Cole,",1,28195.777958645205
Miller-Davis,1,14644.704090478192
Jones-Chavez,1,8881.030736908791
"Morton, Lee and Hernandez",1,15672.643234769692
and Sons Martinez,1,16247.68716945811
"Velasquez Vaughn, and Mason",1,1593.9641186600315
"Sanchez, and Page Watkins",1,24744.149544710574
"Greer Cain and Taylor,",1,35411.47137378961
Esparza-Martinez,1,16097.76216434909
Lopez-Brooks,1,18828.764128786574
Underwood-Mcguire,1,24690.22217668026
Mcdaniel-Walsh,1,10011.290745005337
and Sons Mcbride,1,4808.820311548971
"Lopez, and Howard Morrison",1,44931.128771940224
Herring-Smith,1,22475.883716687033
"and Lewis, Hardy Cooper",1,24346.519426503222
"Smith Harris, Smith and",1,46504.818208661345
Smith-Ewing,1,6407.901188672767
Chavez-Chapman,1,8976.398188785079
"and White, Martin Strickland",1,41989.197661440805
"Ramirez and Baker Cox,",1,48577.09358436674
"Gonzalez, and Glenn Greene",1,16292.747706788454
"Garcia Scott and French,",1,25231.35206107309
Proctor-Davis,1,6889.238658226059
"and Maldonado Davenport, Brown",1,41785.189504309754
King-Wilson,1,26813.357390135254
LLC Olsen,1,19343.471734249993
Bender Ltd,1,36654.215020533986
"Wood Phillips, Davis and",1,45985.52234748728
"Lee Brewer and Walters,",1,13772.734419303699
Phillips-Morrison,1,44190.94013898095
"and Clark, Mercado Stark",1,9661.969416622254
"and Phillips Floyd, Jackson",1,24888.463480041584
"Villarreal and Herman, Graham",1,6971.498296481301
Taylor-Sanchez,1,39896.612299950204
"Boyd and Clark, Macias",1,18577.372513560495
Miller-Lopez,2,45262.852796069266
"Davis Nguyen Wade, and",1,46710.06194158325
"and Huang, Rivera Ryan",1,16922.710948250333
"Watts Long and Miller,",1,43330.53413816566
PLC Hardin,1,7522.657644450788
Group Elliott,2,55365.46909567299
"Pham Clayton Gardner, and",1,13952.484548084638
PLC Espinoza,1,23902.538531440223
Morris Inc,2,50443.491430663686
"Mcguire and Brown, Weeks",1,7290.475852823623
LLC Wang,1,2815.490627078355
Moreno-Ingram,1,50361.75684821677
Chavez-Smith,1,39452.685253753734
Carter Ltd,2,29666.559746114486
"Lewis Nelson, Bailey and",1,25777.408400008826
Thompson-Johnson,1,17765.672430828545
"Matthews, and Jones Sawyer",1,32315.66267415006
LLC Short,1,9575.353658489872
Ward Inc,1,13998.74883096416
Powell-Wade,1,20906.253146756455
"Mckee, Walton Warren and",1,31337.88465004969
Moody-Solis,1,45386.676092251684
Group Vincent,1,4983.091442001232
Glenn PLC,2,74828.01511976226
Group Woodward,1,46282.196972057594
"and Guerrero Rose, Johnson",1,8483.434830784967
Meyer Group,2,65631.42223775652
"and Carpenter Jones Fisher,",1,7162.9911264304155
Hernandez-Phillips,1,48240.2542161307
Thompson-Robertson,1,14003.321599353596
"Williamson and Hughes Franco,",1,32952.8634192487
"Smith, Hooper Hamilton and",1,2770.636889312671
Meyer Ltd,2,38435.21950201544
Hernandez-Martinez,1,35549.52118175993
Hester-Graham,1,43414.30624353539
Haley-Wilson,1,11318.4588847587
"Thomas Rodriguez Rosales, and",1,31691.57347447636
"and Edwards Freeman, Moody",1,33736.00800384604
Collins-Hester,1,40380.849007527155
and Chavez Sons,2,36872.2615175826
"Castro Pierce and Tran,",1,8955.130169454964
"White Hardy Miranda, and",1,48373.89349050898
Little-Green,1,16078.530364356704
"Hines Fields, and Lamb",1,10172.305423669757
"Mcintosh Wilson and Daniel,",1,50896.059485836326
Miller-Ortiz,1,36635.79997586485
Hawkins LLC,2,52585.40536555569
"Huynh Hines, and James",1,44705.68726780375
"Bennett, Murphy Roberts and",1,47365.86640565549
LLC Salazar,1,28693.12913607171
"and Sutton, Caldwell Moore",1,3417.0379577901485
"Pratt and Johnson Lang,",1,32859.52150812024
Burke LLC,1,31736.568190371316
Marshall-Noble,1,28777.081210110216
Medina-Reyes,1,27249.412712428453
Hardy-Sosa,1,5997.129264527546
"Scott Neal Dodson, and",1,26168.16645320903
Davis-Cooke,1,47500.45551105502
"and Blair, Weiss Brooks",1,38195.7108856153
Cook-Adams,1,47641.316439955444
Inc Rose,1,29374.469064724562
"and Thomas Soto Williams,",1,6418.244905764649
"and Green Miller Love,",1,16470.954635526294
"and Chambers Ball, Taylor",1,2331.9209232418707
"Tanner, and Huang Brown",1,28631.502116015028
Alexander-Moore,2,54108.22285194931
Obrien-Lambert,1,21037.95280956418
Morales-Bradley,1,48883.90837378845
Juarez-Fowler,1,32633.31113997998
Jones-Ortega,1,13504.148592252744
Gonzalez-Williamson,1,39057.941751588536
"Myers, Gilbert and Scott",1,35840.406168375
Smith-Stone,1,27744.85001176153
"and Jones Rose, Reynolds",1,17675.222528215243
"Wallace, Jones Reeves and",1,5676.988900589286
Rocha-Medina,1,14367.014964361888
"Lee Scott Bryant, and",1,9915.298730179087
Newman Group,1,15807.649873525399
"Williams and Davis Spears,",1,24986.97598531618
"Miller, and Cruz Tran",1,37991.977879327074
"Spence Scott, and Johnson",1,6517.964192773011
Inc Jacobs,1,5243.023876271549
Schwartz-Wall,1,49318.67064955017
"and Garcia Thomas, Smith",1,8639.07146265658
"Dixon, Larson and Evans",1,24306.676146384365
Pennington-Gutierrez,1,41512.87393492865
Sons and Gomez,1,18734.42135780321
"Thompson Garcia Vaughn, and",1,10171.146952922256
Hansen-Oliver,1,16740.389773143528
"Johnson, and Thompson Wilson",1,34835.70275495887
Thompson-Le,1,43085.270522231185
Walters-Molina,1,50290.54822196239
Chavez-Edwards,1,29578.500965390078
Davis-Simpson,1,4681.511836566643
Larsen-Moran,1,30531.528881012207
"and Hall Adkins, Brown",1,18804.116816109494
"and Berry, Nguyen Hudson",1,38831.020378908484
"Alvarado and Myers Smith,",1,17138.940055102103
"Davis Elliott and Anderson,",1,22580.847822075484
Chung-Jordan,1,46425.280521630644
"and Mcintyre Russell, Tucker",1,32947.40651136996
"Baker, Davis Hill and",1,15449.063973707853
Cole LLC,4,139719.68331604335
Duffy-Bowman,1,21297.406511963552
"and Carpenter, Hernandez Chang",1,25500.706999138256
Garrett PLC,3,45014.98674160883
Copeland LLC,1,11685.036083592824
Group Jacobs,3,107617.91961441864
Smith Sons and,4,98214.17205018272
Ltd Todd,1,14030.363096754181
"Hernandez Brown, and Norman",1,46947.03727409146
Ltd Vaughn,2,13587.55860040754
Inc Mcdaniel,1,28696.247386388728
"and Harrison Galvan, Shields",1,39741.496777895416
"Carter Carter, and Patterson",1,-370.9836738546819
PLC Daniel,2,51732.40609101058
Thomas-Smith,3,61008.633820016155
"Maldonado Kelly Lewis, and",1,13905.202464245962
"Smith and Gomez, Cook",1,49224.118352881844
Zamora and Sons,1,3340.7944601924473
"Bell and Archer, Jimenez",1,10896.174836270171
"Griffin, Moran and Kirby",1,11431.269561039664
"and Roberts, Deleon Nash",1,25636.793255433997
"Morton Haas Schwartz, and",1,17218.913134291503
"and Chang Rollins Perry,",1,23275.577496481834
Howe LLC,1,38311.68677445637
"Roy and Williams Gonzalez,",1,40601.47227050417
Alexander-Gallagher,1,42050.69408496628
"Jones Williams Walker, and",1,38200.29186803123
"Miller, and Mills Matthews",1,12328.186090879542
"Kline, Davis Thomas and",1,15548.695264913875
Bailey PLC,2,53872.728667495656
Smith-Reed,2,49174.07858536375
Lucas Inc,2,46513.962214424966
"and Martinez Reyes, Rhodes",1,21973.193481164937
Thomas-Christensen,1,32765.218390177124
and Sons Castillo,1,8878.990402731562
"Hernandez, Boyd Williams and",1,20293.64312048514
Stephenson-Glenn,1,34041.18204855268
Perez Ltd,3,76243.28065716062
Oconnor-Ware,1,24867.777729912417
"Jones Bruce and Bell,",1,25012.580249917657
Singh-Smith,1,18629.048103630408
"Williams Watson Cox, and",1,40759.77253395259
"Meyer, and Martinez Russo",1,48544.62498401552
Mclaughlin-Wilson,1,12007.467365166052
"Carlson Wright, Valenzuela and",1,48070.18512224571
Garcia-Ramirez,2,48707.29820253854
Bates-Johnson,1,9542.969169817283
Nunez-Anderson,1,37052.6184792511
Schultz-Cooper,1,37119.03027000531
Inc Dean,1,46907.99862079794
"Clark Pruitt, and Hoffman",1,35954.90072113814
Fuentes-Smith,1,35483.23194390045
"Cross, Underwood King and",1,34742.21286184388
"and Bell Jones, Montes",1,23560.63459190113
"Holmes, and Levine Eaton",1,14758.467727964775
"and Richardson, Gomez Reynolds",1,42668.72718054969
"and Gordon, Watkins Williams",1,21791.99336188115
"Hernandez Rivera and Munoz,",1,37487.621427809754
Welch-Brooks,1,36621.675170963965
Murray-Snyder,1,6614.253457784556
"Diaz Mccarthy Kidd, and",1,37383.0368710548
"Mueller, Rhodes Kelley and",1,31065.503553288392
Santos-Long,1,29942.758474671326
Williams-Mcclain,1,23379.284967655192
Taylor-Thomas,1,33498.977028438516
White-Wright,1,7411.4459115039235
Rollins-Peterson,1,38256.99453494195
Nichols-Tran,1,22818.05069968981
"Aguilar, Spencer Sanders and",1,13913.054456194186
Blackwell-Martin,1,17730.985649607977
"and Miller Collins Greene,",1,30812.941611077542
Miller-Maddox,1,30562.43926365248
"Brown, and Willis Kelly",1,7122.687069230857
Sanford Group,1,29308.667471289085
"Brown Crawford, and Shannon",1,19417.17585792712
Johnson-Lewis,1,33322.87418837424
Inc Levy,1,15300.13402742223
"Ford Russell Bell, and",1,39985.49269087639
Wells Inc,1,17974.029233891226
Gonzales-Liu,1,14828.453718781702
Inc Bartlett,1,29091.11913711139
Singh-Wheeler,1,9972.097843633612
Davis-Moran,1,11896.357802319335
PLC Moss,1,27769.71090200581
Vang-Kramer,1,18702.677309200157
Green-Ford,1,9100.492399268725
Howard-Garcia,1,17477.792500091567
Wade-Patton,1,41124.40074265866
Andrews-Jackson,1,33141.348861937026
"Robinson, Delgado and Rodriguez",1,3600.618175105055
Dennis-Johnson,1,41670.79955398047
"Drake Edwards, and Hickman",1,47389.26982666545
Taylor-Mccarty,1,2181.750418365129
"and Huber, Lopez Bradshaw",1,18979.91042936694
Group Bush,1,46079.52627399725
"Cooke Ramsey, and Russell",1,12460.70135761547
Group Cox,1,45355.07211027702
Wilcox-Johnson,1,26258.594813104217
"and Fisher, Stewart Underwood",1,29602.64702693912
Brewer-Washington,1,51415.25787151488
"and Roberts Jones, Evans",1,20272.482419068307
"Nguyen and Cruz Jackson,",1,38978.77380933795
"and Lewis Hernandez, Harrison",1,2460.9049001206945
Dunn-Bentley,1,48651.7366550091
Poole LLC,1,6486.2357259859145
Castro-Gomez,1,29465.817089085107
Ortiz-Martin,2,81325.5306542139
Ltd Weber,2,79928.30851033286
Sims-Mullins,1,699.9481081626193
Gutierrez PLC,3,71663.2175726096
James-Simon,1,4005.6967133839635
"Martin, and Robinson Graham",1,36671.40274757111
"Byrd, Morris and Riddle",1,37801.94282441467
"Lucas, Ward and Leonard",1,10749.631882948957
"Cook and Miller, Dunlap",1,34592.13933523015
and Gibson Sons,1,43413.98618195885
Lee PLC,3,72112.79881434374
Ltd Maxwell,2,31349.014914821204
"and Sanchez Gonzales Bray,",1,48251.130389425394
"Bird, and Jacobson Dorsey",1,36148.53788340128
"Allison Strong and Nixon,",1,4812.023314971754
Schroeder-Williams,1,21579.061832232608
Dawson Group,2,91697.06176287167
Ochoa LLC,1,39637.60696930751
"Jenkins and Smith, Garcia",1,31227.455240437346
and Sons Lin,1,4906.790181021695
LLC Perkins,1,33214.29248701759
Maxwell-Grimes,1,18636.339418605297
"Adams West and Poole,",1,31473.652807483926
Smith-Horne,1,43350.46139882974
"Andrews and Wright Hernandez,",1,35366.384706678145
PLC Chapman,1,25530.641384088696
"Armstrong Guerrero, Vance and",1,41537.615762135545
Bush PLC,1,49940.496734506494
"Martin Salazar, Hunt and",1,34106.97809635768
Baker Ltd,2,70737.33576998921
LLC Carter,2,40528.8866840628
Stone PLC,3,79329.42636740438
"and Knox Flores, Christian",1,16928.787864459086
Obrien-Huffman,1,32013.163108863653
Hill Sons and,2,63003.291974162
PLC Silva,2,33005.37206894172
"and Vazquez Ward Banks,",1,3670.1337317055795
Green-Patterson,1,50339.83150309839
Cunningham-Galvan,1,41071.18027117828
"Walter and Nichols Hartman,",1,10228.465805825586
LLC Dunn,1,5717.964835719183
"Watson Barr, Fisher and",1,3995.4247607656025
"Thomas Smith Joyce, and",1,16970.522386170014
PLC Woodard,2,56806.16181699232
"Hernandez Salinas, and Stevenson",1,22407.034075687894
Reed-Ramirez,1,21293.417221527277
Fox-Owens,1,10870.088540081786
Nash-Woods,1,9180.897109148471
"and Smith Wilson Dougherty,",1,12364.29731603849
Inc Arellano,1,9956.332950020385
"and Stewart Vaughn, Brown",1,41009.31320644977
"Hernandez, Contreras and Pierce",1,43507.77083907413
Terry Group,1,38103.219492393604
Edwards-Rodriguez,1,25904.42701492099
Cox-Roman,1,41161.84235901691
Richardson-Erickson,1,33767.774879731274
"and Kelley Miller Baldwin,",1,12733.581202823761
"and Nelson Rice, Hamilton",1,27010.824290839933
"Hale, Jones and Hogan",1,22694.085159793605
Smith-Pena,1,9806.118212573536
Smith-Brown,2,62106.822691803885
"Young and Bradford Graves,",1,12210.442978614408
Ward-Silva,1,39676.95036274154
and Hickman Sons,1,5022.5214418989435
Cobb-Zimmerman,1,44003.636156391316
Ltd Proctor,1,24076.734964174764
Gonzalez-Hobbs,1,33531.29691747606
"Huff Miller and Thomas,",1,14516.748140346082
Stein-Johnson,1,36523.42919118243
"Morton Richards and Bryan,",1,37123.63068902147
Walker-Greer,1,27416.123708643925
Smith-Rogers,1,31230.71933743221
Sons and Kirby,1,1596.8301121154077
"and Davies Ayala Park,",1,13029.135754883555
"and Nichols, Henry Clark",1,7826.116492411585
Martin-Chambers,1,42706.518595805566
LLC Shepherd,1,42230.89717673525
"and Lopez Phillips, King",1,20655.780829989573
Castillo-Obrien,1,22695.506621434597
Cooper PLC,1,22118.22504052017
Inc Mitchell,1,29011.594782046013
"Bell and Fields, Bennett",1,39648.61734242061
"and Salazar Smith, Walker",1,47553.39445337179
Inc Mcintosh,1,33805.92368231341
Johnson-West,1,17767.936657733677
Sons and Adams,1,30215.79320859676
"Heath, Rowe Barnes and",1,32841.153038255754
Hurst-Bailey,1,19654.139875777746
Baker-Mcintosh,1,1793.316312625155
"Jordan Kelly Craig, and",1,13271.86052490851
Sons Dunlap and,1,27575.517243898965
"Jackson Simmons, and Barnes",1,6050.201346240743
Horton LLC,1,32966.07670036087
Swanson-Holmes,1,29449.12953819241
"Thompson, Martinez and Padilla",1,11118.517480050245
Roy Group,1,43023.89016938585
"Russell, Phillips Spencer and",1,45957.45584374996
Weaver-Mcconnell,1,23181.186939114777
Farrell-Gregory,1,28512.155019693557
"Parker, Allen and Perez",1,29416.411975605
Group Hickman,1,15996.487518142352
Deleon-Boyd,1,6212.3210608749805
"Murphy, and Campbell Simpson",1,26898.90809888706
Myers-Thomas,1,7298.452201514456
"Hunter, and Conley Black",1,19446.482004152847
Middleton-Ward,1,12740.886811819928
"Stevens Hall Green, and",1,44234.69757677228
"and Scott, Martinez Wilcox",1,14786.822008735677
Cummings-Sosa,1,35844.2021292647
"Turner, and Williams Mercado",1,33161.93840299814
"Ruiz, Scott Mitchell and",1,9894.809406640365
Ltd Wilkinson,2,55896.36201228733
Travis Inc,2,41157.395358538575
Petty Ltd,1,16396.32383535369
"Thomas and Hogan Robertson,",1,2450.625130864122
Holden Inc,1,4512.484707953812
Moss-Mathews,1,26451.751145946415
Wright-Schmidt,1,40406.87229855708
Inc Jensen,2,62846.32523376057
Knight PLC,3,105712.68556053544
Thompson-Dorsey,1,11489.974893763787
Johnson-Williams,5,206029.54005618326
"Jones, Landry Mcknight and",1,11265.516749743161
"and James Watts Herman,",1,16937.37548372591
Vasquez-Smith,1,10686.165342384526
Young and Sons,2,43139.97803639664
Freeman-Cole,1,32968.677525557505
Mueller-Lamb,1,8016.637674720265
"Craig, Brown and Brooks",1,18306.813993800628
"Moody Richards Randall, and",1,26819.260725505123
Cameron-Sutton,1,29290.43671394916
Morrison-Weber,1,46783.39525617996
"Neal, and Hernandez Casey",1,21873.16193627565
Holland and Sons,1,22732.388557564034
"and Rodriguez Robinson Johnson,",1,43939.061911772915
Barber-Lopez,1,33161.536012380864
LLC Wells,1,16917.955364583184
"Sanders Burton and Stewart,",1,15278.625236241942
Schneider-Bell,1,13182.45230721866
King-Nunez,1,36406.84248411777
"and Boyd Weaver Diaz,",1,10537.313730120652
LLC Small,1,16688.420822655993
Butler and Sons,1,47212.90510958292
and Sons Warren,2,26539.82008089571
Benitez-French,1,13575.103175295975
Cox-Mathis,1,35942.96572879645
PLC Ware,1,43466.80679631501
Sons and Keller,1,21223.343888775853
and Robertson Sons,1,38375.70548233087
Ltd Gray,3,110650.68100908716
"and White Smith, Walls",1,29032.24481130966
Yates PLC,1,2586.615794566017
Jones-Smith,1,1713.8395855911842
"Owens Cain Stevens, and",1,8609.172896353262
Wood-Ward,1,6436.880690824228
"and Davis Ball Lopez,",1,32067.615680701812
Jefferson-Brooks,1,16621.173193005056
"Underwood, and Scott Wallace",1,39525.87553536331
Lin-Harris,1,36713.9327975666
Daniels Group,2,43282.01472231584
Stevens-Sanchez,1,37191.507640641335
Mullen-Bailey,1,28801.927554283327
Ashley-Burton,1,18278.098851875213
Young-Webb,1,33687.80214588001
Boone LLC,1,37159.98762868326
Hill-Green,1,32895.99632443656
PLC Duncan,1,11753.023804803559
Mata-Coleman,1,6635.914782650614
Bishop LLC,1,10010.88560062598
"Taylor and Watts, Ellis",1,3596.5073269739555
"Hunt Morris, Boyle and",1,18426.567475052096
"Duncan Sandoval Brown, and",1,16534.719524405304
Valdez-Jones,1,44977.52490758666
and Sons Mullins,1,3714.176878038942
Rodriguez-Vincent,1,38152.22092922583
"Thomas Craig Ramirez, and",1,14024.13892901506
Reyes-Black,1,28718.12229327353
Sons and Rodriguez,3,106605.01561548968
"Fernandez, Phillips Keller and",1,13208.331178547392
"Walters Nixon, White and",1,2416.769689944891
Bennett-Becker,1,47272.94381050198
Day Ltd,2,60216.728104395115
Wilson-Turner,1,5651.7771073018885
Group Chaney,1,46094.75936957401
Blanchard Ltd,1,26915.53349285486
"Craig, Patel and Shah",1,43117.74617457739
"Morse Lane Hughes, and",1,47272.051456086585
Davis-Patterson,1,35036.25234909417
"and Knox Butler Perkins,",1,50737.45029481245
"Nichols Ortega, and Alvarado",1,26539.09480875114
"Robinson Boyer, and Kelly",1,1311.4382512672696
Garrison-Petersen,1,12599.868266482745
Pierce Group,1,36138.01775592121
Foley-Phillips,1,44396.1575882721
Newton-Ballard,1,17284.73027333728
"Wilson, Johnson Wagner and",1,42087.8304429714
"Campos Owens and Patrick,",1,42817.49310069861
Hughes-Jackson,1,48795.44377149799
"Moore, Carr Kramer and",1,10255.507290194993
Group Cochran,1,46408.703439439065
Rivera-Gordon,1,23727.159171773623
Schwartz Inc,1,35971.70525199131
Barnes-Hurst,1,2314.9809825835964
"Moore, and Robinson Vang",1,45213.13552096588
"Elliott Silva, and Cole",1,41372.49657725225
PLC Mason,2,64531.810449076336
Williams-Maxwell,1,36864.64456131702
Ltd Grant,3,69763.05295984088
"and Tate, White Long",1,44982.477947141335
Carroll-Smith,1,12736.284486613427
"Petersen and Campbell Barnes,",1,13242.996010405797
Woods-Anderson,1,24599.04508496923
Nguyen-Hernandez,1,954.4756423967748
Smith-Orr,1,17910.887208837416
Thomas-Thompson,1,38616.82347719397
PLC Wolfe,1,40824.09676354244
"Jackson and Proctor Oneill,",1,37251.77834791588
and Sons Rhodes,1,1871.7587365124703
LLC Sparks,1,2691.688563631653
"Lin Thompson Wells, and",1,42696.52116389919
Blackwell-Gamble,1,23340.30471921353
Rodriguez-Arnold,1,38668.694588676415
"Ray, Cain and Miller",1,14291.698915695883
Ltd Richardson,3,89006.9297988902
Martinez-Davis,1,4697.2343343229295
PLC Morrison,1,25999.13334993686
Kelly-Tapia,1,30988.296317377502
"and Perkins, Long Herring",1,28356.685971565345
"Moyer Mcbride Cole, and",1,19267.28618639946
"Brown, and Stone Perez",1,39003.989466692045
Sweeney LLC,1,36334.02035323065
Clark-Stewart,2,69774.13485353712
"Wright, Friedman and Franklin",1,41022.40001058062
"Watson Mitchell Garcia, and",1,42744.31462114608
Butler-Hines,1,47293.526771280005
Mitchell-Garcia,1,22957.00336622798
"Alvarez Clark, and Francis",1,29585.985112426424
Inc Key,1,12664.23147415173
Robinson-Johnson,1,28506.457765731284
"and Green Russell Smith,",1,1640.415946982388
Booth LLC,1,16139.829836397455
Sanchez-Johnson,3,84856.42953356342
"Molina Reyes and White,",1,41633.13559015159
Murphy-West,1,9796.417212466917
Garrison Sons and,1,38445.69527741313
Bryant-Johns,1,47275.3977013842
"Vance Powell Myers, and",1,21803.09708790306
Woods-Macdonald,1,46852.83050410347
"and Mosley, Williams Russell",1,10769.289594527403
Jackson-Green,1,14533.530779087507
Morales-Perez,2,57783.539674043415
Taylor-Price,1,22552.00839944338
LLC Archer,1,4424.901440090037
Bailey and Sons,1,4279.6706555518285
PLC Quinn,1,24159.03953188006
"and Brown English, Sullivan",1,16635.40872071514
Inc Todd,2,69252.9170034739
Holmes Ltd,1,11985.317360757368
Bell-Smith,1,27627.72868679313
Gray-Joyce,1,30366.88809028577
LLC Winters,1,19979.282755980235
"Anderson and Humphrey Diaz,",1,15802.385792936604
White-Green,1,9421.44563701421
"Castillo, and Ross Miles",1,11326.164962099132
Ltd Tate,1,5964.48370361082
"and Lawson Garcia, Wilson",1,18929.76704414581
Alvarez-Mathews,1,13146.069851948781
Newman LLC,2,67217.00640054863
Gallegos-Bird,1,14346.472142437025
LLC Flowers,1,23405.39000437158
Brewer and Sons,1,49741.23650476374
"Young, Duncan Ortiz and",1,8652.261830418507
"Williams Watson, and Little",1,48519.935457663094
Weber and Sons,1,21238.93867475124
Bruce-Harmon,1,45937.049250210075
"and Gates Evans, Larson",1,49131.30936962701
Richardson-Rodriguez,1,15411.479541332254
Cameron Ltd,2,6954.1868436278
Group Barnes,4,116314.99790889051
Fox-Smith,1,22356.478225630977
Pierce LLC,1,28557.063373040266
Bender-Johnson,1,36326.83400920176
Group Wade,1,15212.944401240537
Schaefer-Smith,1,36587.401309522946
Sons Cross and,1,44160.08146752888
"Haley Davis and Morris,",1,26205.25583744716
King-Hill,1,26589.322219590147
Scott-Mathews,1,10382.735061079942
"Rodriguez Brennan Allen, and",1,37573.78924554364
"Edwards Hendricks, Martin and",1,13705.481555024911
Tran-Deleon,1,34213.396498370166
Lane Inc,1,22669.751340362032
Flowers-Edwards,1,7811.1629273279905
Jarvis Inc,1,29664.520415159077
"Owens, Rodriguez and Jackson",1,29901.242761975594
Briggs-Morrison,1,21839.069847760544
"and Fletcher, Brown Olson",1,13920.477731279723
"Campbell, Beasley and Ochoa",1,11397.955602403154
Frye Ltd,2,75952.99632478581
"Ayala, Snyder and Rivera",1,15227.872617634457
Green-Flores,1,3042.6243667448575
Chapman-Mann,1,47940.81239936667
"Rose Clark Brown, and",1,12120.05334134136
"Wheeler and Dickson, Wright",1,5320.112794572184
Campbell-Anderson,1,39663.857602520264
"Garcia and Shah, Bradley",1,33355.64538715307
"Casey Ayala, and Ramos",1,30896.731702803838
"and Gonzales Bailey Allen,",1,37952.06940319951
Gonzalez-Smith,1,8901.32440846474
"Oneill, Monroe and Knight",1,23138.587335815006
"Howard and Cannon Hamilton,",1,38752.243990685056
"and Padilla Johnson Nguyen,",1,38221.54554993978
Pugh-Edwards,1,39037.5937700023
Roberts-Haney,1,16046.826573118695
"Reeves, and Price Munoz",1,38836.483917479454
Bell-Beck,1,25538.52470576871
Johnson-Mosley,1,40425.947422088175
"and Pena Rivera Henderson,",1,18161.21416756551
Jackson-Rogers,1,21709.102197202432
"Lopez and Harmon Mcdaniel,",1,29464.893301814944
and Sons Cole,1,28476.71416685674
"Anderson, Bell and Santiago",1,4461.908398691903
Kennedy Inc,1,21999.530637735737
Roberts-Martinez,1,47174.85709945267
Davis-Fritz,1,46369.54072351887
Perez-Clements,1,21419.30409047448
"Hill Yates, and Taylor",1,26766.524867746157
Mccann-Vasquez,1,42918.43056549881
Thomas-Jackson,1,16845.705549931354
King-Martinez,1,3463.7623358150167
"Robinson Zamora, Mendez and",1,21997.742592724182
Inc Mcintyre,1,22851.505126798056
Williams-Johnson,1,33313.395736439714
Liu-Wilson,1,4751.162741032384
PLC Mills,2,41394.46083084156
Ltd Miller,8,253495.58996547523
"Fernandez Harris, and Wilson",1,25275.944227663615
Garcia-Clark,1,11229.75548691414
Ali Group,1,19720.03590279593
Torres Group,2,29286.019057689504
"Davis Moore Bartlett, and",1,41320.708580069164
"Hill, Murphy and Stewart",1,11641.62885015552
Mcintosh-Cantu,1,44867.88628507936
Smith-Parker,2,65051.12332422072
Inc Santos,1,22317.68096975426
"and Perry Leach, Alexander",1,23502.45958122782
PLC Mendez,2,36033.20998317928
Lara-Paul,1,12020.716487472873
Harris Inc,3,58386.739272277024
"Hartman, Shaffer Thomas and",1,13556.96147092239
Mccarty-Martin,1,15477.450260383082
"Perry Larson and Berger,",1,21058.153611135443
"Garcia White, and Cobb",1,20921.646135626183
LLC Woods,2,74794.36971923306
"Richmond, and Vaughn Fowler",1,40663.147501626394
Morrow Inc,1,31840.54873524183
Mejia Group,2,50957.596234369616
Bryant-Ball,1,49702.343028268624
Weaver-Robinson,1,40540.65092657389
"Brown, Jones Hoover and",1,38086.777896914326
Johnson-Larson,2,30893.02538427922
"Brown Vazquez, Oconnor and",1,22501.78628825368
"Lopez Johnson, and Anderson",1,45660.51467480986
"and Flores, Hayes Dennis",1,31757.35709009187
Sosa Group,1,19078.09877581121
Neal-Palmer,1,42143.73221284883
LLC Davis,8,227692.96940590648
Wilson-Taylor,2,69745.00194211677
"Williamson Brown, and Smith",1,15087.331129331633
Dudley-Nelson,2,60547.765143146586
"Alvarado Richard and Brown,",1,14949.394660410511
"and Fletcher Lopez, Hull",1,43447.757201052875
"Forbes Jackson, Chapman and",1,10175.769824013578
"Fuentes, and Harris Woods",1,24069.942628680335
"and Russo Ruiz Barron,",1,4880.488026919332
Dorsey-Fitzpatrick,1,42738.907790702455
"and Henry, Oneill Montoya",1,29477.08581374742
Davidson-Moore,1,38031.90931578401
Bell-Lee,1,10068.37711288619
Ltd Coffey,1,28595.35314634677
Martin-Reed,1,44062.54239012433
Hughes-Duke,1,18831.170069711232
Diaz-Curtis,1,43177.27449077818
"French Wilson, and Woods",1,41395.38805866579
Davis-Daniels,1,30672.86105805698
"and Mason, Lam Roy",1,16628.64213110503
Stevens-Jones,1,15036.373278598696
"Norman Chapman Mejia, and",1,21436.11842437121
Castro-Farley,1,22295.633685918503
"Murphy Jefferson Norris, and",1,12880.025437306684
"King, and Grimes Richardson",1,28717.551177166406
"Smith, and Simmons Schwartz",1,15351.185752322926
Pham-Lester,1,49086.65932813301
"and Tate Smith, Garcia",1,47890.78325754122
Ltd Erickson,1,2998.558971085503
Harrington-Silva,1,23073.795167243607
"Warren, Lee and Duarte",1,45252.080932055906
Murray-Buckley,1,36068.084077900094
Hernandez-Schroeder,1,31432.579849331833
"and Oconnor Martin Wilson,",1,33355.50646345419
Martinez-Lopez,1,12181.038993793056
Stafford PLC,1,21138.255283690163
"Callahan, Rowland Oliver and",1,17481.353803834998
"Ellis, and Ellis Andrews",1,35287.1714019845
"Lopez, Lopez Gordon and",1,30043.653835152174
"Ray and Anderson Moore,",1,8511.754843152703
and Sons Carter,2,43971.19451576464
Brown-Williams,2,92409.98018750318
"Mcfarland Cross Gomez, and",1,43701.75769268566
Heath Sons and,1,21543.835585257773
Norris-Scott,1,11031.520308076804
"Sanford Zimmerman, and Coleman",1,35731.079303260456
"and Ramirez Thompson Haynes,",1,24748.76246291736
Group Patel,1,46016.10468239907
Lindsey-Fleming,1,34325.32421048844
Todd-Holmes,1,28111.16316690555
Hull-Davis,1,47736.593074873526
Sons Cook and,1,42676.38311783295
"Owens Quinn and Page,",1,16682.103338285513
Riley-Haynes,1,44140.48656783455
"and Atkinson Perez, Allen",1,17486.932391178158
Richardson-Walters,1,42700.82991309686
Booker-Mitchell,1,45800.39370126187
Inc Trevino,1,43033.835942775746
"Zamora, Gonzalez Mcclure and",1,34688.02521490717
Inc Newman,1,24422.79561074839
May-Schmidt,1,33672.786273840225
"Young and Hernandez, Huber",1,39917.83214306489
"Vasquez, and Davis Martinez",1,39578.50908470679
Stevens-Gaines,1,33863.447950741975
Guzman-Brown,1,49131.90043898747
LLC Sawyer,1,6110.424057444752
"and Williams Ellis Schneider,",1,24220.86025780402
"Herrera, Morton Cruz and",1,14792.973666821237
Miller-Williamson,1,17676.587245732142
"and Petersen Ward Jenkins,",1,19479.381655156736
"and Allen, Roberts Evans",1,2606.9374565333796
Inc Carey,1,42951.280561099455
"Fisher, and Johnson Mueller",1,38470.688291859224
Ball LLC,2,83196.7673340517
"Elliott Jones Hinton, and",1,26276.792663524604
Stevenson-Chen,1,38363.26126897195
Parker-White,1,32746.556374725184
"Cunningham Andrade and Butler,",1,46134.92597863609
"and Rhodes Trujillo, Booth",1,27309.707878439352
Inc Williams,6,194269.82828882654
PLC Doyle,1,6684.896407920145
Jenkins PLC,1,2952.6118816791045
and May Sons,1,2207.034569931243
George-Smith,3,48298.17640553364
"Ramos, and Lee Griffin",1,7753.111014229033
Andrade-Stone,1,40495.81312297833
"and Howard Fuller, Friedman",1,5809.5284135136635
"and Morrison Wright, Mcfarland",1,48882.89524611296
Caldwell-Velez,1,40374.18605987474
"Galvan, Moore Alexander and",1,27225.24725691185
Barton-Phillips,1,37592.949850134115
Crawford-Harper,1,18353.813982586882
"Sanchez Miller Wood, and",1,22644.48264064268
"Anderson and Nichols, Arias",1,42298.53029402928
Barnes LLC,2,41988.20411509593
"Cantrell and Armstrong Marshall,",1,28350.037942913485
Wright-Cordova,1,29863.739535138437
Barber-Chandler,1,22299.207453292387
LLC Miles,1,26452.66310108395
Watson-Marshall,1,16146.828626975155
Shelton-Coleman,1,27310.18118825526
Moss LLC,1,28748.404009721206
Simmons-Stokes,1,25958.28163038314
Sanders-Young,1,29819.161108877448
Allison PLC,1,15593.004976999677
Blackwell-Gilbert,1,10182.010512845189
Ltd Hoffman,1,34661.177434208614
Inc Rubio,1,47449.32097295299
"Lawrence and Sellers, Williams",1,38676.66471904221
Cline LLC,1,30897.93320730124
Ltd Conway,1,30825.521454478057
"Sanchez Malone, and Sanchez",1,1845.4882733784405
"Clark Jones and Hanson,",1,48204.37031972597
Sons Herrera and,1,9305.449623984323
"Oconnor and Moore, Snyder",1,28574.787288304287
Bell-Carlson,1,35196.6486171579
LLC Caldwell,2,47168.30383917496
"Fleming and Skinner, Acosta",1,17993.551478239984
Ltd Alvarado,1,4735.300150569448
Hampton-Ingram,1,47038.97116025767
"and Clay, Rios Sims",1,6755.684270449436
"and Houston, Miller Good",1,144.19121057644634
Vega-Edwards,1,14606.640285182477
"Daniels Goodwin and Bennett,",1,2423.477348882475
Lopez-Harrison,1,18551.057015043905
Morris-Perez,1,29947.303227850476
Reese-Reynolds,1,11181.712492573657
"and Ramirez Cole Murray,",1,13511.553083723275
Allen-Cooke,1,9949.006707747638
Jones-Parks,1,22667.605567538674
"Walker and Washington Ferrell,",1,14138.472805845486
Landry Inc,1,51147.0577432805
"and Mayo, Juarez Wade",1,11919.744701726568
PLC Armstrong,2,70971.80543105629
Johnson-Strong,1,47487.70894462213
Miller-Rivas,1,23452.508839182137
Freeman-Hahn,1,22685.605128128656
"Harris and Guerra Case,",1,9345.16629087
"Nelson Simmons, and Alvarez",1,4885.989198080849
Ltd Harmon,1,48101.74577247329
Herman-Christian,1,7196.430287238246
"Stewart Clayton Smith, and",1,4545.380202714724
"Olson Quinn and Howard,",1,49432.85335804065
"Wells Martinez, Dixon and",1,11807.773884941924
"Acosta, Figueroa Compton and",1,48430.009165246585
PLC Peterson,2,91399.34726086544
Casey Group,1,26735.533923272145
"Perez, and Galvan Estrada",1,33778.47039091568
PLC Medina,2,10458.372088618604
Glass-Miller,1,13332.17048682465
"Davis Wells, and Gonzalez",1,43002.19491198041
"Hansen Smith Li, and",1,39563.26007210806
Norris-Roman,1,43888.7089502798
Hughes-Crawford,1,28259.37918822099
Underwood-Murray,1,37179.6511948319
"Nelson Miller and Hayes,",1,29495.12925318644
Dennis-Pennington,1,20612.488408708316
"Bautista, and Lam Velazquez",1,23412.349491754303
May-Reed,1,4993.633197111283
Sons and Suarez,1,16320.05443457979
Kelley PLC,2,95737.54937541412
Payne-Miller,1,19716.11252134591
"Chen Soto and Sullivan,",1,15664.347425540713
Sons Hopkins and,1,25069.63677006773
Sons and Sanford,1,38432.80378287139
Kim-Mitchell,1,47480.179457878505
"Ramos Shah and Thompson,",1,28946.87140928531
and Obrien Sons,1,6407.18984769818
Flores-Clark,1,7342.669695054872
Stanley Ltd,1,22471.139072084115
"and Perez Rodriguez, Potts",1,13750.174778457997
Christensen and Sons,1,42822.43054863507
Palmer-Hayden,1,43366.159925713524
"Hernandez Dean, Phillips and",1,1519.983701976716
Cuevas-Alexander,1,33163.266648174984
"Wong and Fleming Green,",1,32253.58337632889
"and Castillo Chavez, Hayden",1,45636.330565852346
Garner Ltd,1,12248.2819876064
"Bullock Williams, and King",1,39006.72890513678
Montoya-Thomas,1,35225.39301043691
"Massey Sutton Gregory, and",1,28124.001337276684
Smith-Hamilton,2,28164.020179482406
Newman-Matthews,1,34711.6212817518
Martin-George,1,39846.13735334709
Campbell-Hughes,1,48033.007582053535
LLC Stanton,1,43953.852035433076
"and Lucero Wang Graves,",1,47001.838355459586
Ltd Snyder,1,6497.769577489807
and Sons Webster,1,24722.260814915564
Torres-Jimenez,1,9243.881646384616
Stewart-Cruz,1,48226.90140077539
"Morris, Johnson and Reyes",1,18648.104616161465
"and Dudley Zhang Meyer,",1,41668.0528318078
Wilson-Ray,1,9543.500509088848
"Lawson and Butler, Jones",1,5795.765877835617
"Thomas, and Scott Frey",1,39764.061472645
Group Norton,1,44485.78074558735
Grant-Marsh,1,38229.23142419365
"Scott, Castillo and Martinez",1,1987.0669837634036
"Fox Murray and Johnson,",1,49365.65286942627
Hicks-Jones,1,20975.952203872945
Singh-Boyer,1,18831.382146480995
Ashley-Holland,1,30390.20887099919
"and Gray Fleming Young,",1,30871.424544629877
"Hamilton Brown and Crane,",1,29423.426590014384
Atkins Inc,1,49663.452871020476
Robinson-Reyes,1,50254.201831162274
"Rich and Roach, King",1,47491.39238680917
LLC Gray,1,29992.53616434469
Johnson-Holland,1,34557.288636349294
Ltd Smith,25,633870.5762223976
"Hodges Brown, Munoz and",1,12339.958608754505
Lewis-Fletcher,1,18561.270578109692
Bell-Thomas,1,37309.35215875852
"Warren, Wood Miller and",1,16321.003008031937
PLC Potter,1,20269.149863315997
Marsh PLC,1,22251.989925061014
"Graham Nelson Shelton, and",1,7109.575742660781
Walter-Holmes,1,18170.903933821934
Clark-Weber,1,21783.744377086718
Novak-Gutierrez,1,30796.30627893416
"White Norman and Williams,",1,27983.629497083894
Goodman-Griffin,1,19128.380200943255
Parker-Coleman,2,28388.723843242446
Stewart-Pratt,1,28201.586359127483
"Monroe, Hernandez and Martinez",1,21734.303913502332
Anderson-Jones,1,14503.758034008824
"and Mckinney, Ruiz Evans",1,10803.209677081084
LLC Wong,1,34325.24003837843
LLC Park,2,15983.197450289885
"Scott and Lee, Morris",1,7572.204424910875
"Rogers, French and Henry",1,21638.004513104206
Howell-Gould,1,4856.611213256478
"Erickson Fletcher and Maynard,",1,19811.882850194717
"and Brown, Griffin Roberts",1,7585.653093963399
Blanchard PLC,1,48364.70253644701
Flores Group,1,48679.94232029833
Villanueva-Gonzales,1,11756.881354082807
Ruiz-Brown,1,27432.421807947972
Galvan-Hopkins,1,24887.577591036686
Ellis-Perkins,1,26815.50928436727
Turner-Burgess,1,18417.001497275272
Carter-Miller,1,14453.397664622702
Ritter-Jensen,1,39219.59372959769
Castillo-Walsh,1,38454.894915608646
Trevino LLC,1,10284.857396352592
Stone-Miller,1,45622.939162161565
Smith-Rocha,1,35361.99520174786
Ross-Simon,1,6139.309234129972
"Williams and Miles, Shaw",1,15538.877643761782
Lester Inc,1,23984.891909807207
"Barron Smith, Sullivan and",1,6675.5038487511065
Sons Santiago and,1,2319.0246270107978
Schmidt-Thomas,2,80420.2410913983
Mueller-Fisher,1,20107.383458878383
Wall-Smith,1,8431.702242764548
"and Williams Austin, Lee",1,14691.03868872582
Smith-Kline,1,13364.939004695108
"Brown Solomon and Spears,",1,15827.221120385544
Ltd Hensley,1,44344.59576466485
Martinez-Clarke,1,41137.214022641325
Pope Inc,1,35673.46713816069
"Jones Sullivan, Jacobs and",1,48159.66709403168
LLC Willis,2,52668.48882300306
LLC Boyle,1,20162.2554542352
Sons Hall and,2,72923.4042619701
Howard-Thompson,1,43643.89048434404
"and Lloyd Kline Parker,",1,20522.647913281762
Moody Inc,1,2890.2824112505837
"Morris, Charles and Huffman",1,18360.30733824966
Curry-Beard,1,14151.608791540999
Kelly-Mercer,1,7500.092668513966
"Wu Vega, and Flores",1,6970.2622459935255
Shaffer Group,1,29153.759156611577
"and Aguirre Smith Williams,",1,46024.79806662736
Myers-Mathews,1,40490.27841298324
Ltd Leonard,1,5747.7336913889785
Taylor-Bridges,1,13869.44690978748
and Sons Dunn,1,21660.068349172965
Hahn Inc,1,8412.997185826996
Petty-Harris,1,42658.053978144955
"Holt, Miller and Wilson",1,38341.038440558055
Forbes-Johns,1,19732.20381343298
Mills Inc,1,35689.94488579339
Fuller-Carney,1,29714.312311641068
Trujillo Inc,1,11923.302467511634
Marquez Ltd,1,28479.861528286085
Greer-Graham,1,7307.336769764572
Bartlett-Logan,1,20183.78979644849
Schroeder-Davis,1,12411.723073241574
"Allen Johnson, Meyers and",1,38891.28740136122
"Castaneda, Henson and Holmes",1,6948.094547187487
"and Johnson, Jackson Clements",1,48266.20993120117
"Bright Anderson, Jacobs and",1,19571.37153989932
"and Fox, Olsen Stokes",1,46042.22369313034
"and Joseph, Roberson Wang",1,12374.121609862572
"Jackson Todd and Castro,",1,32451.092358488677
Gonzalez-Good,1,26508.497407265655
"Dixon Miles, and Swanson",1,28401.461073873197
"Mcgrath Anderson, Adams and",1,35016.046392099706
Ferguson-Moore,1,14844.802353095689
LLC Fields,1,30420.646897157563
Smith-Adams,1,24708.99844437171
Dunn PLC,1,14315.501795932258
"Love Hill Williams, and",1,27840.527091011005
"Hunt, Carlson and Cherry",1,36339.81908117465
and Mcdonald Sons,2,55189.908444306544
"Powell Branch Osborn, and",1,18382.66405465011
Hunter-Hughes,1,-1018.2453712282881
Cook LLC,3,84500.65156639888
Inc Taylor,9,215626.80261747472
PLC Phillips,4,70113.03977973759
"Wood and Murphy Jones,",1,25100.38028154659
Group Peters,2,5910.184770614796
"Frey and Leon Espinoza,",1,9829.914581855013
"and Browning Merritt, Gonzalez",1,8777.604988014045
"Curry and Gonzales, Thompson",1,9659.199268127308
Rice-Donaldson,1,18961.03209601114
Washington and Sons,1,51146.16783807289
"and Green Garza Ware,",1,14551.880298526852
Trujillo-Newman,1,29254.050319889582
Benson Ltd,2,56305.01876088115
"White, Wallace Thompson and",1,35101.36310261148
Clark PLC,7,173138.14953034875
Vance PLC,2,54657.54976860888
and Stanley Sons,1,9614.24792234886
LLC Butler,2,42933.139542460936
Owen-Powell,1,44933.19026801528
Lewis LLC,5,97564.2349775618
Gordon-Baker,1,32103.462982451925
Ibarra Inc,1,21262.499303219312
"Ramsey Quinn, Bush and",1,9517.61628886824
Ltd Romero,1,35959.44497634187
Ltd Hansen,4,56197.38955927928
"Carter, Roberson Coleman and",1,21376.994732341012
Mills PLC,1,26294.031316755758
Price-Williams,1,30978.5165864112
Berry Group,3,57795.502089806454
Horton PLC,3,26939.68018814677
Group Murphy,3,83291.53393307835
Sparks-Lopez,1,17811.16705509001
Walsh-Knight,1,11032.510472388445
"Valdez and Blair, Watson",1,44578.82452242912
"and Robles Burgess, Gibson",1,28196.813767218988
Ltd Castro,1,35971.12795150951
and Sons Marshall,1,20832.089371225364
Burgess-West,1,48883.77090837273
"Oliver and Johnson, Osborne",1,11712.83368223123
Inc Simon,3,67994.86613087873
Wood PLC,5,86238.43779314222
"Herrera and Ward Valenzuela,",1,9410.387602236413
"White and Nelson Green,",1,44993.67936267602
"Farrell and Welch, Joseph",1,43328.9135946581
Hines LLC,1,36022.19078882187
Gregory-Chandler,1,12977.659153016137
Pope-Mahoney,1,42622.44334849943
Thomas-Pierce,1,32900.04447818309
"Clarke and Jones Gray,",1,37286.2634569996
"Lopez Dorsey, and Ashley",1,16448.371132304077
"and Nguyen Salazar Johnson,",1,19688.812865152835
"Zuniga Gray, and Acosta",1,32810.909095521034
PLC Ray,1,47139.003186788505
"Rodgers, Valencia and Navarro",1,2697.7790514432763
LLC King,4,74832.99209658935
"and Taylor Evans, Valenzuela",1,4306.108802471981
"Garza, Morton Freeman and",1,15107.748803971283
Estrada-Campbell,1,36233.66769300916
Bennett-Nelson,1,6304.346882416141
"Williams Reed, and Smith",1,15826.138504553506
Riley LLC,1,37839.59927852251
Inc Sheppard,2,67221.39493460025
Perkins-Gardner,1,30066.15056180088
Group Jones,8,214641.42640290837
Robertson-Baxter,1,48469.069190887996
Howard-Alexander,1,34124.35923337074
"and Byrd Parsons, Chen",1,28150.134006483164
Garcia-Crawford,1,18460.915625636153
Jones-Schwartz,1,37955.83795302106
"Powell, Lopez Osborne and",1,49809.03178340473
Spencer-Howard,1,48246.91316824746
"and Anderson, Huff Ford",1,40646.349124289256
Dyer-Schultz,1,16383.94078749216
"Velasquez, Allen Horton and",1,49179.48698671657
Bell-Cannon,1,22900.084749282538
"and Allen, Taylor Bennett",1,14843.248700992004
"Roth Hart and Mays,",1,2968.8979193429627
Lee-Ball,1,47740.834960519715
Scott-Randall,1,7225.549389124613
Sons and Waters,1,42712.436131541974
"and Harrison Frank Silva,",1,31417.41572128364
"Deleon Parker, Olsen and",1,34750.25407252896
LLC Yoder,1,44176.68273781794
Petersen-Price,1,41879.43422123521
Johnson-Benton,1,44567.1536843102
"and Adams, Booker Buckley",1,27604.74469271712
Compton-Ayala,1,18443.526067535582
"Padilla, and Carroll Zavala",1,15317.82353960873
Moore-Allen,1,14424.55405117553
Group Adams,3,72772.10565097426
"Lewis Ramsey and Mclaughlin,",1,21158.554313312183
Jones-Lamb,1,40665.94848886658
Mendoza Group,1,26472.77403592118
"and Evans Myers Miller,",1,41955.70139865635
"Townsend Meadows and Campbell,",1,15489.585826715309
Jordan PLC,1,5611.740431299957
Sanchez-Mcintyre,1,8072.492256919729
Oliver-Wiggins,1,45417.31424426588
"and Hicks Pham, Cooley",1,12129.242865993154
Figueroa-Wall,1,11795.45217719058
Walls-Jimenez,1,21412.92526920998
Wallace-Elliott,1,39101.81712932424
Miller-Lee,1,31094.72284428012
"Murphy York, Collier and",1,19687.80956652518
"Conner and Newman Barron,",1,18068.323006474013
Vincent Ltd,1,28310.21570090844
"and Donovan Jones Nguyen,",1,49832.71692128325
PLC Powers,1,20776.5468236878
Wilson-Gibson,1,14884.46054511864
"and Cervantes, Rodriguez Lynch",1,6163.662571926908
"and Wilkerson Roberson, Meyers",1,46089.01491669559
"Gomez Rivera Hale, and",1,13862.98582119304
Colon LLC,1,12891.63059008728
"Cook, and Clark Chandler",1,46447.1370931657
"Evans and Hall Schneider,",1,24948.477824026922
Group White,3,88770.64050193092
Robinson Inc,7,133802.79782087053
"Doyle Hess, and Dudley",1,36230.38776095568
Mitchell Inc,4,73106.99662199376
Skinner LLC,1,1332.3384328468917
and Carter Sons,1,12098.033219920722
Scott-Moore,1,45665.850891878516
"and Sullivan, Mcclure Shields",1,41222.005871367684
Inc Newton,2,27596.65869483571
"Chung Herrera, and Pollard",1,20258.780318593508
Allen-Campbell,1,47863.02391959248
"Taylor Mcintosh and Ross,",1,14265.93681336909
LLC Perez,3,116846.44142128894
"Moore, Jenkins and Bolton",1,32713.342494279066
Beard-Michael,1,7198.044711539503
Wilson-Smith,3,40574.79962429768
"Stevens, Hudson and Simmons",1,12502.754130054718
Group Roberts,3,92176.49045116607
Smith-Espinoza,1,9148.560651941494
"Fitzgerald, Cummings Reed and",1,23529.167007037868
Garcia-Joseph,1,38759.826462743564
Diaz Group,2,63963.2739805756
Parker-Austin,1,25876.42638487313
Wheeler-Richards,1,30870.604457420905
PLC Harper,3,50696.45739891917
"Smith Pugh and Lambert,",1,1673.5936449903566
"and Mathews, Williams Mcdowell",1,48004.48567738744
LLC Middleton,1,19837.554955434505
"Harris and Smith Austin,",1,16053.246172990634
"and Burgess Bell, Walker",1,27504.996025804907
Morse-Jones,2,43784.25806195657
Rodriguez-Wyatt,1,43022.00861676979
"Flores, and Gibson Rodriguez",1,30502.964930778166
"and Smith Jordan, Rodriguez",1,11978.420595580696
and Sons Bryant,1,21300.575799441933
LLC Alvarez,2,52082.287594383524
Williams-Gonzalez,1,28262.090215478973
"Newman and Carroll Morrison,",1,8203.50245225664
"Lozano, Foster Taylor and",1,4938.823328745619
"Valenzuela Johnson and Peters,",1,40997.02802303733
Ltd Mcclure,1,48154.97956858187
Davidson-Smith,1,32775.25178609957
Thompson Ltd,5,132087.96314943826
Haynes Inc,1,25060.650184651444
"and Brock Doyle Cisneros,",1,25026.289357439146
and Sons Myers,1,47476.46393942884
Brown-Snow,1,24386.44204073826
Diaz-Banks,1,35181.022806478395
Waters-Smith,1,19524.519946128738
Mccoy-Ayala,1,14399.387686164573
Burton-Brown,1,44305.99091661801
Rice-Melendez,1,13226.44341976069
"Owens and Gates Washington,",1,21858.386216380393
"Maldonado Miller Everett, and",1,9787.674827259092
Hayes-Parker,1,18328.93908668682
"Harris, Frazier and Franklin",1,24028.393482191754
Barry-Cabrera,1,28388.216505024513
LLC Barrera,1,22970.209044489053
"Hicks Campbell Smith, and",1,25170.932578509994
"Sharp Hunter, Compton and",1,6942.815989003537
"Johnson Jennings Johnston, and",1,6644.628213457805
"Brown Kelly, Higgins and",1,44986.9423655323
White-Johnson,1,21211.61009033992
"and Moore Elliott, Bush",1,13753.306687680588
Murphy-Taylor,1,8920.071512949495
"Reyes and Walker Woods,",1,37243.522084468015
Inc Lamb,1,42340.163619043335
"Brown, Farrell and Mann",1,42878.25336306541
"Burke Cortez and Horton,",1,48826.033576578426
Berg-Pineda,1,13368.465703780716
Barker-Hogan,1,17810.054947421297
Gay Inc,1,9482.02606296602
Pearson-Whitaker,1,3430.1422146525265
Group Chen,1,14099.51905480142
Hernandez-Black,1,35533.8059292942
PLC Hoover,1,13293.235671536437
"and Martin, Clark Smith",1,5963.662809400254
"and Whitehead, Schultz Ramirez",1,1598.3128961310354
Murray-Miller,1,7242.254380656135
Dunn Ltd,2,60057.403327042186
Holland-Allen,1,37632.63228934098
Camacho-Arnold,1,246.70037939798885
"Larson Duarte, and Andrews",1,3347.374140885589
"and Reynolds, Patrick Ray",1,33335.91718400389
Ltd Lowery,1,37155.163437490846
Bowman-Wade,1,11246.511739705857
"Mcdonald and Smith Flynn,",1,6476.951073305815
"Dudley Macias, and Wood",1,29823.1425633
Inc Sawyer,1,3173.1190968998117
Bird LLC,1,17283.757979927464
"Norton Keller, Cook and",1,38999.542674173965
Kim-Rodriguez,1,10651.75631078458
Mahoney-Williams,1,28400.081583913787
Turner PLC,1,26292.327693680996
Lang and Sons,1,5107.575803496394
"Lambert Nguyen and Summers,",1,1837.6220539858978
"Gordon Jimenez, Poole and",1,11962.423060289633
"and Bailey Dickerson Dalton,",1,5814.7451557102195
Colon Inc,1,47556.879762325705
"Hall Stewart, and Walters",1,13988.55892352104
Gonzales-Wright,1,9140.371087328838
"Davis and Roberts Jensen,",1,15271.108158323224
Townsend-Jefferson,1,12885.829916949755
Cruz-Ward,1,45138.12867203379
"Nelson and Herring, Moore",1,19571.852252910874
and Briggs Sons,1,33946.39933257562
"and Martinez Carr Mullins,",1,32303.842330331176
"and Humphrey Martin, Perry",1,10968.911066287728
"Curry Fields, and Miller",1,49928.80773312169
"and Johnson, Nichols Moreno",1,26697.143062378058
Jones LLC,12,268041.5793307167
"Kim Rosario, and Hammond",1,39957.94062222976
Inc Lynch,2,25071.31717492798
"Mitchell, and Garcia Saunders",1,5919.300084398267
Inc Rios,1,3718.548170373284
Barber-Page,1,40606.45848272725
Wilson Sons and,2,9903.445047535399
Yoder-Carlson,1,19292.542182952722
Kim-Smith,1,263.2973373347952
"Martin Taylor Johnson, and",1,8196.565286628058
Wright Group,4,120067.17131040787
"Fleming Garza, Davis and",1,32625.860849422956
Boyd LLC,3,56493.507308665394
Robertson-Cohen,1,47578.61935553025
"Myers Edwards, and Chandler",1,17563.407910990507
"King Kelly Lewis, and",1,16569.358796074397
Ltd Page,2,78251.90504818565
Inc Salazar,2,10764.64667707415
Powell-Scott,1,40508.26353269029
Brown-Johnson,2,71912.79519660815
"Gonzalez, Skinner and Gonzalez",1,46599.598559226695
"and James, Buck Alvarez",1,11847.110497546539
"Collins, and Kemp Cobb",1,9001.61535158077
"Strickland, and Jenkins Jackson",1,25297.715612993637
Duran-Hayes,1,31089.034774656942
Gray-Lewis,1,40715.35044190797
"Leblanc, Cole Simon and",1,35644.823110435515
Group Cherry,1,23688.715003562636
"Medina Ochoa Hall, and",1,1248.2196071827857
Rodriguez-Bond,1,14897.241759675024
"and Roth Edwards, Black",1,22521.403383582943
"and Blanchard Walker, Barrett",1,9802.103569865252
Schneider-Schwartz,1,37514.40784515352
Callahan-Jones,2,36802.626280982164
"Williams, and Pittman Alexander",1,36383.165781972435
Hernandez-Gordon,1,38404.48741859626
"Watson Ferguson Terry, and",1,38963.52042346238
Group Mckinney,1,6208.921772398229
"Jones Jennings and Christian,",1,39635.43986265222
"Hodge and Jones Johnson,",1,48807.34272063003
PLC Pratt,1,32203.36544381502
"and White Anderson Rodriguez,",1,45313.253908709674
"Johnson and Jones Horne,",1,3333.1598871159995
Pollard Ltd,2,34774.24306126317
"and Johnson Franklin, Watkins",1,8092.7073406528325
"and Brown, Clark Hernandez",1,45084.130924924786
"Smith Stewart and Donovan,",1,7530.046276303525
"Riddle Gonzales, Hodges and",1,22845.308861981695
and Sons Rios,1,2227.252924485857
Zimmerman PLC,2,81656.98625324834
"Walters Garza and Brown,",1,19963.270891360255
"Stone and Andrews, Boyd",1,13181.71788372935
Davis-Hunt,1,12414.985445720498
"Moon and Sexton, Perry",1,19165.541173757825
"Campbell, Chavez and Parsons",1,7022.552524321879
Sandoval-Mccarthy,1,291.7343556864871
"Delgado Harris, and Hill",1,32630.428057698955
Hays LLC,1,27459.103589392213
"Mora, and Hatfield Koch",1,48018.43062534994
"and Cook Thomas Parker,",1,33391.62103444778
Evans-Pena,1,31341.600609456145
"Warren, Mcmillan Garcia and",1,34437.83790162649
Harding-Lindsey,1,28280.324044542456
"Clark, and Simpson Moreno",1,31483.46207217503
"Potts, Hunt and Levine",1,31240.570823529935
"Black and Carter, Smith",1,30611.896263263156
Aguilar-Leonard,1,25065.028364768026
Murray-Alexander,1,48599.917774158086
"White and Washington Khan,",1,43405.790877137384
"Hernandez and Wilson, Nguyen",1,23746.560028374734
and Sons Vega,1,18924.088860423246
"Porter and Brown Hill,",1,44934.543803970984
Thomas-Hensley,1,45980.33970035102
"Avery Hamilton, and Sanchez",1,34567.13004603918
PLC Short,1,26656.163501491337
Summers-Hernandez,1,34908.9200679528
Norman-King,1,4686.799144569318
Garza LLC,1,32005.179116940784
PLC Avila,1,22364.039954365755
Bell-Long,1,42374.6742080032
"Robertson Cobb, Harris and",1,13211.864561707638
Bryant-Cruz,1,8643.432629998502
"Lopez and Moore Russell,",1,10758.621894182603
Parker-Olsen,1,3594.9599488376844
Ayala-Nixon,1,27725.94186033584
"Mayer Cohen Wood, and",1,34410.286979761004
Scott-Hall,1,11405.487817681475
Fry Sons and,1,19066.069378391687
Marsh-Sutton,1,18565.547156959547
Norris Inc,1,24059.373592926284
Bullock-Richardson,1,24518.1525319035
"and Cobb, Farmer Hernandez",1,22624.587465551056
Brooks-Cardenas,1,35980.966313936224
Ware LLC,1,31701.729399174405
Lewis-Simpson,1,39167.54875792052
"Lowe, Knox Patton and",1,15004.971302363394
"Porter, and Rose Allen",1,35548.66418247538
Johnson-Barrett,1,9263.410752556056
Mclaughlin-Martin,1,50262.0646765015
Ltd Deleon,1,11147.49413425876
Jones-Thompson,1,2650.7149523295766
Stevenson-Miller,1,43882.11329823703
"Davis, Burgess Bass and",1,34430.68061342156
Hall-Middleton,1,8974.091837754178
Vaughn-Cobb,1,34749.07565859889
Ramos-Ware,1,10348.90090137673
"Ellis Wilkerson Perez, and",1,36346.15222380264
"Juarez Taylor, and Owens",1,37914.69162301926
Dean-Hawkins,1,10661.51064913277
Gordon-Ward,2,38172.75394864436
"Alexander and Jensen Andrews,",1,3730.002190896625
and Esparza Sons,1,50202.20784782312
Jimenez-Huff,1,1805.522805709396
Yu-Bryant,1,14273.011155137357
Howe-Mitchell,1,28062.07813262707
"Curry Miller and Padilla,",1,20909.853329325502
Ltd Davis,6,209659.10115916983
Mccormick-Morales,1,5333.245582713122
"Davis Petersen, and Colon",1,30281.644625785364
Perez-Martinez,1,22459.04146543831
Garcia-Ramos,1,41216.615589510344
"Hicks, Moon and Ayala",1,34364.05306811473
Nichols-Vazquez,1,28181.7965892903
LLC Brewer,1,33989.53555788245
"May Shepherd, and Mathis",1,44808.09218670391
Group Gonzalez,6,158995.07888053602
Webster-Walters,1,46812.79373533116
"and Fernandez, Morales Jensen",1,11166.057947306206
"Quinn Cole, Clay and",1,42303.31514587058
Patel-Robertson,1,42288.99767056961
"Montgomery and Baldwin, Martinez",1,32254.441154988657
"Flynn Barnett Kelly, and",1,35849.85834901921
"Wright and Sharp Franklin,",1,25275.67059284739
LLC Cannon,1,3312.851821714561
Group Oliver,2,59079.81620049919
Inc Vasquez,2,79852.44435051903
Fox Ltd,2,29429.03870641484
"Parrish Landry and Chandler,",1,11950.283072140426
"Cook and Tapia Hughes,",1,24108.39710498487
"and Jackson Smith Elliott,",1,16261.281947071504
Savage-Hall,1,25593.187524109653
"Kelly Boyle Morgan, and",1,44029.8760726881
"Martin Romero, and Costa",1,44462.418597816526
"Pena, Salazar Hudson and",1,2100.3072977603115
Morales-Gonzalez,1,26467.100905487718
"Barnes Jackson, and White",1,30644.22286422614
Jordan-Obrien,1,29583.097633719583
Ballard-Nixon,1,13536.4137231686
"Martin Smith, and Beard",1,12963.800591301355
Group Wallace,2,56362.287281466495
Jones-Wade,1,3749.7505164867302
Baker-Hamilton,1,45937.381546718876
"Porter and Martinez, Young",1,48066.5834538352
Hall-Carter,1,16062.736907704266
Charles-Roman,1,19120.2993892488
Gonzalez-Johnson,1,15034.896835570302
Wilson-Brooks,1,16380.560017527161
"Jackson Davis, and Cherry",1,38239.29486766026
Group Burns,4,142367.36106192376
"Werner, and Rogers Golden",1,20675.652148480698
"Hall West and Patterson,",1,4827.221457181689
"Hampton Leon and Fernandez,",1,18153.112126765314
White-Miranda,1,27613.73047587034
"Blair, Burnett and Leach",1,3875.595493448439
Curtis-Schwartz,1,47086.19453693487
"Moss, Williams and Nielsen",1,37095.022438072476
"Vega Young, Brooks and",1,8342.14011776902
Young-Patrick,1,18554.052316020327
Ortiz-Fuentes,1,31720.73382241244
"and Mata Glenn, Smith",1,38514.83486443817
"and Gould Lopez Watts,",1,6147.97494957948
"Harris Henson and Ellison,",1,11176.910783662875
"Stanton and Harding, Hicks",1,18494.663890951702
"Dixon, Jones and Christensen",1,21984.645969702553
"Welch Harrison Phillips, and",1,26375.9002594664
Perkins-King,1,8798.145496894784
Sons Travis and,1,17272.054907373018
Coleman-Hurley,1,33715.89654637524
Edwards-Roman,1,49867.063740561614
Elliott-Zamora,1,12545.345663990207
Atkins Ltd,1,50257.17429232154
Gonzales LLC,2,9487.775624772728
Meyers-Holden,1,38555.68620946692
"and Calderon, Chavez Rodriguez",1,9140.789372172178
"James Campbell Avila, and",1,1786.111501216896
Solomon-Maldonado,1,37935.54858441794
Sherman Group,1,27103.13929674915
Day-Ray,1,4647.613111881568
Banks-Higgins,1,31082.533092726473
Santana Inc,1,3642.7893508974757
Webster-Jackson,1,16483.324480569012
"Bailey and Meadows, Wheeler",1,9955.354758799773
and Reynolds Sons,1,7019.854185540169
Sons Potts and,1,17323.01427107408
"Green and Shaffer Mann,",1,3899.1775181247367
Dominguez-Bell,1,36515.311703586136
"Hicks and Ellison, Harris",1,41781.422421802956
"Carroll and Jackson, Graves",1,29848.918514025914
Hall-Randolph,1,48098.35890368584
"Tate and Dunn, Davis",1,30649.38074723103
Lowe Inc,1,32169.31088619047
Inc Villanueva,1,11077.089383662094
Perez-Stewart,1,3752.4544632817824
"Taylor Jones, and Ferguson",1,20425.700808297304
Hughes-Jones,1,40847.63272820055
Allen-Wilson,1,38052.13195949273
"and Franco, Herrera Meza",1,36669.3984854706
Scott-Murray,1,5604.298611715375
"and Guzman, Mann Gray",1,27543.79507109898
Davis and Sons,1,24911.78748304669
Stevens-Miller,1,39571.64313565865
Matthews Ltd,1,14382.826297218355
Davis-Kirk,1,33428.627539795656
Smith-Alexander,1,19650.143292341352
"Clark and Livingston, Ramirez",1,8026.2714679901355
"Whitehead Guerrero, Reese and",1,22898.51664054505
"Kirk, and Becker Morse",1,48579.79625185182
Hull Sons and,1,10780.742007834762
Jarvis-Roberts,1,4415.754866840846
Clay LLC,2,49781.56904940783
and Sons Dixon,1,33708.85754426482
"and Goodwin, Hernandez Andrade",1,41307.895829138375
Benson PLC,3,65590.24925430355
Collins-Gutierrez,1,11202.346692134328
PLC Conway,2,32760.736783105658
and Brown Sons,2,52168.166079295086
Howard-Meyer,1,45299.977171606566
Bell-Hernandez,1,38160.7448684728
"Ward, and Clarke Ayala",1,7003.643782467946
Pace-Peterson,1,1475.9550795428954
Chavez Inc,1,45722.420597401804
Perez-Wang,1,24815.041623554564
Evans-Moses,1,37424.907796319625
"Sosa Morris and Baker,",1,32440.285174249027
"and Davis Bennett, Burgess",1,22521.034813436287
Sons Hanson and,1,29874.10570199396
Carter Inc,7,164034.36248905695
"and Ibarra Lang Porter,",1,25167.754675805067
English-Stout,1,14917.64494770211
Smith-Cooke,1,14032.665200074489
Watson-Cross,1,42585.968425959145
Steele LLC,1,5340.288618052735
"Mendez and Rodriguez Thomas,",1,15173.240880585383
Hall Sons and,2,51645.3610139591
Maynard LLC,1,16118.427302767803
Tran LLC,2,42447.51400365402
Diaz LLC,3,76039.54680710341
"and Goodwin Cruz, Johnson",1,12770.282041626378
"Price and Pittman Gibson,",1,6280.547224285264
Inc Graham,2,47313.93941602509
Fitzpatrick-Johnson,1,36895.68656013518
Mata-Clark,1,16550.085601046172
Cox-Neal,1,34508.51121379354
Cooke-Bell,1,32516.213017622165
"Cruz and Henderson, Pitts",1,14257.456046869038
Greene-Cain,1,27213.01708796937
"Matthews, and Miranda Diaz",1,22120.797266938553
"Lee, Rodgers Nelson and",1,36865.48556460317
"Evans, and Smith Tran",1,23826.5480423213
Group Whitney,1,1855.166217832618
"Sullivan, and Mcintosh Lin",1,14378.510499230704
Cline-Harmon,1,2741.9456067861142
"and Farmer, Harvey Alvarez",1,47277.076522017815
"and Watson Lee, Sexton",1,14570.38338835742
Schmidt-Smith,1,6292.765914985545
Group Taylor,4,94665.78614318237
Patel LLC,4,105361.36565162921
"Williams, Johnson Mills and",1,2203.527640561369
Burch-Friedman,1,14218.513446896503
Harding-Jones,1,3590.9151345671266
Navarro-Warren,1,26856.333155229357
Roberts-Martin,2,23948.017349050413
Spencer-Foster,1,46549.923186026586
"Francis and Smith Pope,",1,5526.865492934952
Bass-Armstrong,1,38218.7830899459
Taylor-Oneill,1,1627.7184418299419
"Powell and Byrd, Mcclure",1,38456.355376081425
Smith-Hooper,1,48916.66807454622
"Owens, Kidd and Cox",1,23461.659519283963
"Tran Richardson and Long,",1,31529.353815672213
Bolton-Bell,1,39379.11536489366
"Willis, and Lewis West",1,16300.429942104605
"and Jones Lawson White,",1,32121.57759979128
and Bray Sons,1,46792.522338953415
Schwartz-Pratt,1,35989.45926295909
Maddox-Adams,1,21491.7055918902
"Gonzales, Sharp Hernandez and",1,20119.93006200373
"Clayton Espinoza and Davis,",1,48251.5524641088
PLC Walters,1,12988.384116656556
"Morrow, and Miller Reid",1,6789.2051077101205
"Thomas Dawson, and Adams",1,35882.89438289137
Torres-Carey,1,28564.40647164879
Cohen-Dominguez,1,6396.403603897706
Brooks-Salazar,1,24553.59389183226
"Summers and Rodriguez, Williams",1,9543.728730778637
Perez-Hamilton,1,14532.340491757173
"Martinez Robinson Evans, and",1,26493.189288413556
Inc Vang,1,25910.19447426626
Castro-Becker,1,41646.21177447071
Whitaker LLC,1,43519.52099036973
Jackson-Gates,1,9322.812424325779
and Casey Sons,1,43927.34611292224
"Mills and Foster, Cline",1,16200.91161381016
and Mahoney Sons,1,20251.61960267647
Gill Inc,1,10334.871033522404
"Miller Perry and Simon,",1,14880.355591123865
"and Rivera, Jackson Ewing",1,20392.2324121506
"Cooper Adams and Miller,",1,21746.764993576176
Brown-Cortez,1,47566.507842139574
"and Evans, Steele Spencer",1,17696.906146385132
"and Gordon Brooks Miller,",1,27562.564442837716
Sons and Wong,1,11418.025388932143
Moore-Acosta,1,42423.59958029051
Solis-Hoover,1,38402.371416670416
"and Ruiz Wiley Long,",1,38764.22616431331
Tucker-Mccoy,1,16806.054258371547
"Short, Pierce Greene and",1,1018.4235379068723
Haney Inc,1,45864.87127199616
"Mercer, Young Thompson and",1,44306.14719830519
White-Hatfield,1,5843.240706692526
Sherman-Garrett,1,1804.3083269058818
Williams-Moreno,1,2620.692933474713
Lester-Park,1,51661.01203312709
Knapp-Black,1,16107.26124321533
Henson-Paul,1,11127.903195008399
"and Salazar Lewis Silva,",1,3925.6909365427855
Patrick-Vaughn,1,36487.94861656296
"and Walter, Lang Jones",1,36814.566229481825
"Miller Barnett Everett, and",1,14962.554420159584
"and Porter Turner, Hill",1,10779.057475271535
Walker-Scott,1,31520.341769147984
Arnold-Lopez,1,18535.15119463403
"Coffey Humphrey, and Cole",1,18070.111820043
"Young and Cooke, Tucker",1,1729.4724651938645
Anderson-Le,1,41608.1925044726
"Moran Martinez, Ramirez and",1,32295.86165752234
and Rice Sons,1,40089.2485325205
Savage-Kerr,1,31018.748430607877
Lowe LLC,2,21478.2990551215
Sons Martin and,4,115628.02611939496
Moore-Arias,1,1538.3943165504872
"Johnson Kirby and Richard,",1,7868.688582267521
Ltd Orozco,2,57719.932960323946
Sons and Bowman,1,15483.385683732555
"Hawkins Davidson Oliver, and",1,43396.8526718766
Boone-Graham,1,15181.070326097615
"Bell, Levine and Reeves",1,40290.97727234496
Johnston-Jones,1,43275.23190566438
Ltd Meyers,1,15426.328337391613
Parsons-Martinez,1,21888.472081517473
Thomas-Miller,1,6604.203030740269
Joyce Ltd,1,47121.93010535466
Group Howell,1,31702.832274276934
Ltd Gonzalez,1,43963.14612765521
Bradford-Mitchell,1,5543.075930175869
"Carter Stanley Palmer, and",1,32320.32725107979
Wood-Massey,1,33994.2149417675
"and Fields, Garcia Marshall",1,5606.318257888702
"Chavez, and Smith Hawkins",1,43681.54430891695
"and Mitchell Clayton, White",1,27992.083216583957
Dougherty-Rogers,1,26385.76151472695
"Smith, and Knight Marshall",1,17387.448137476153
"and Burns Shields, Elliott",1,32791.44611318238
Park Sons and,2,45972.863144854455
"Nielsen and Moore Hansen,",1,38660.00195918731
"West, Johnson and Reyes",1,31606.35970924557
"Clark and Simpson Morgan,",1,9595.663677974666
"Wright Woodard, Jones and",1,39303.0269015409
Mcfarland-Russell,1,17415.408415610662
"Johnson Baker, and Allison",1,15476.966273087468
Munoz-Cunningham,1,29920.106484425465
Evans-Lowe,1,17560.572254029288
Boyd-Boyd,1,25036.942971344775
"Smith Arellano, and Stokes",1,27112.529212896716
and Sons Ward,1,37289.19747717949
Ltd Tanner,1,34875.928126050865
Mason-Vasquez,1,40549.5000826802
Sawyer-Lin,1,22586.95952708039
"and Arellano, Gill Jackson",1,36523.15915444601
"Lucas, and Hubbard Deleon",1,36241.12759076122
"and Salazar Thompson, Gray",1,36810.29097290626
"Powell, and Khan Olson",1,9665.079577962708
"Cook, Small Monroe and",1,14673.676748056736
Sosa-Macias,1,46847.38352778256
Inc Williamson,2,64313.19713623602
Webster-Alvarez,1,8756.130996947479
"and Gibson Grant Lee,",1,45016.40971698574
Carey-Stone,1,38545.33041696331
"Graham and White, Smith",1,1206.2139422620917
Garrison LLC,1,28259.356850220403
"Martinez, Mcfarland Lee and",1,50314.93735645986
"Banks Flowers Weaver, and",1,33211.42642935559
Vang-Novak,1,46462.11036183875
"and Thomas Dawson, Riley",1,19124.399531483334
"Johnston, Shepherd Mckinney and",1,27424.309495627447
"Simpson Frank, Ortiz and",1,2390.0333422048916
Nelson-Thomas,1,43631.97960085716
Smith-Ward,2,30306.551123538622
PLC Little,1,28362.912603588808
Miller-Ramirez,1,9153.73990762268
Gonzalez-Mcbride,1,3557.0433387088433
"Wagner Krueger Lopez, and",1,48007.951019338034
"Ayala, and Rangel Costa",1,46484.247848932566
Fuller PLC,1,14889.791056136039
Combs-Bell,1,10097.15135120741
"and Griffith Pratt, Simpson",1,7349.45368825443
"Garcia, Wallace Haley and",1,25476.377584177906
"Acevedo, Martin and Price",1,44587.345383007385
Gonzalez-Edwards,1,38968.16683802605
Sons Harrison and,1,18060.08028142014
"Wheeler Wright, and Perez",1,22232.92852560733
Lindsey-Harrington,1,38174.50501315266
Ellis-Bond,1,6781.697616012185
Sons Estes and,1,5157.081978416642
Barrett-Jones,1,29780.990475940413
Johnson-Mullen,1,3633.253063144846
Grant-Lee,2,61962.093930972595
"Sullivan Tran and Matthews,",1,15293.100012382112
Hayes-Smith,2,79821.31370685154
English-Bruce,1,48550.257849529386
"and Fuller Tucker Martinez,",1,36749.21478579315
Heath-Miller,1,1945.532070572139
Miller-Crawford,1,33658.105857323346
"Cole, Chapman Bradley and",1,6133.5163643058895
Stanley and Sons,1,14824.934793734828
Harris-Ayers,1,28372.783480874943
"Lucas Stevens, and Hurst",1,6738.281049814956
"Jackson, Craig Johnson and",1,44587.01673983874
"Hicks Flores and Parker,",1,33378.04308183601
"Roberts Ramirez Mcgee, and",1,30692.15596537665
Group Atkins,1,37267.88568392389
"and Stout Armstrong, Jones",1,45165.08665868176
"Lopez and Sheppard, Valencia",1,35842.88174002363
"Sims and Cook Walker,",1,11679.369717850526
"and Harvey Reynolds Brooks,",1,11190.184131917837
Bailey-Herman,1,9379.010120093033
Sons Clark and,2,66102.21946403531
Valencia-Moreno,1,38090.164200065265
Berger-Schaefer,1,29465.537340177343
Price-Preston,1,37509.97042871956
Harris-Galvan,1,37103.24889926496
"Anderson and Medina, Sullivan",1,35041.0309676033
Williams Group,11,312760.9564108348
Sandoval-Bennett,1,24561.7371858171
"Hutchinson, Wilson Daniel and",1,46950.58325788335
Villa Inc,1,16377.5231280267
Martin Ltd,6,182667.05051529084
Group Sparks,1,11425.888500241705
"Fisher Kirk, and Becker",1,34804.88395505898
Cook-Hurst,1,22506.85995251781
Taylor Inc,6,122768.60849909858
"Gonzalez Burch, and Diaz",1,21770.014114050024
"Wilson and Hood, Robinson",1,33437.44845382385
Jackson-Brennan,1,15102.955438436247
Bowman-Young,1,36340.426851139855
Haney-Nielsen,1,6297.6869162032035
Boyd-Diaz,1,48947.651851321076
Jones Inc,8,254630.55609318538
Fernandez-Parrish,1,12781.956885363157
Bennett Inc,2,57547.61461686347
Webster-Flores,1,26084.51000342398
"and Cummings Rowe, Mathews",1,35819.243562453055
"and Farmer Jones Phillips,",1,26527.68080065548
and Mccoy Sons,1,38950.29275139085
Smith-Wilson,4,111792.9175264372
"Smith, Williams Wilkins and",1,15118.946441028485
Aguirre-Williams,1,17139.18540098727
Rogers-Moore,2,78376.02555487613
"Brown, Lopez and Stokes",1,31764.76313691662
"Brown, and Foster Gordon",1,21587.305679625104
"Malone Gonzalez, and Ramos",1,10389.024112421872
Bradley Ltd,3,79525.1368813493
PLC Wheeler,1,38374.77664682134
Palmer Inc,3,51611.3864544924
"Young Wilkerson Flores, and",1,39180.520673451305
"Nunez, Hicks and Gibbs",1,24105.363687604393
"Powers Webb Blackwell, and",1,32444.314997172944
Group Walters,1,40375.40258319607
Preston PLC,1,6380.37652405995
Robertson-Glass,1,38707.623502942864
"Hughes and Ramirez, Gordon",1,31564.253433486578
Morrison-Wright,1,26491.475682797416
"Montgomery and Morris Morgan,",1,39355.429582713376
Ltd Garcia,2,40127.54345627349
PLC Oconnor,1,41785.58186939398
Morgan Group,1,34120.614584849565
Odom-Edwards,1,40952.86713330666
"Walters, Johnson Sharp and",1,43011.879960081555
"Watts, and Meyer Baxter",1,26282.319496605232
"and Hudson Merritt Lynch,",1,25616.65543194162
Fletcher-Pierce,1,20427.788079030866
Oneal Group,2,60226.25410000431
"and Patton Patterson, Gonzalez",1,35514.54423051717
"Wong, Lopez and Parsons",1,9719.793548327787
and Sons Parker,3,69054.84783719371
Donaldson-Wilson,1,35949.131158229815
Lewis-Erickson,1,10279.238706321488
"and Johnson Palmer Baker,",1,39821.809154956696
Bauer-Roberts,1,2407.0522764469238
"Flores Flynn Miller, and",1,22464.76488052368
PLC Hughes,4,102250.97320064716
Moody-Ingram,1,48363.65438546354
"and Stafford Johnson, Spears",1,47927.80572339899
Jennings-Larson,1,9743.022371511468
Roberts-Lynch,1,18134.58214034828
Landry LLC,1,27433.352676936604
Haynes-Garcia,1,11354.071943140938
Richards-Garza,1,23061.41865699093
"Hanna and Moore, Weiss",1,26297.86338904995
Lopez-Bryant,1,8837.014735954072
"Jones Conley and Chapman,",1,45676.2494816611
"Edwards, Irwin Lee and",1,34051.637566499354
Zamora-Wallace,1,5675.9078633051595
Thompson-Walton,1,21365.523767038278
"Patrick and Guerrero, Garcia",1,29173.609537336484
"Daniels and Contreras Howell,",1,33806.112118512676
"and Stevens Fernandez, Davis",1,9574.72108486573
"Perez Jackson and Jones,",1,30090.300520861838
"and Gonzales Baker, Young",1,21288.06903031413
Carter-Dawson,1,18617.134133427488
Osborn-Brown,1,35438.979535866325
"Ruiz Burton and Sanford,",1,8867.103795597268
Pierce-Kennedy,1,47905.26342170222
"Cisneros Phillips and Rivera,",1,20589.953671947354
"Johnson, and Harrison Lee",1,47754.96365918261
Lawrence-Johnson,2,43356.09687147753
Morrison Sons and,2,39522.71985497939
and Cooper Sons,1,30750.710691884044
King-Greer,1,42210.05885842901
"Cooper, and Burgess Saunders",1,12747.13326298186
"Wilson, and Smith Cox",1,25488.95537104325
"Ballard and Pearson, Nelson",1,23946.11023608005
"Walker, and Wolfe Lynch",1,29717.589778753845
"Montoya Lyons, and Cole",1,16622.266173963675
"Sharp Wright and Williams,",1,3849.449900317434
"and Mueller Thompson, Abbott",1,27551.63429286546
Inc Mcdonald,2,45259.589509269215
Holt-Rangel,1,49602.38361940914
"and Mullins Burns, Fry",1,4803.275610409466
"and Adams Hunt Bennett,",1,41157.17990606897
Schmidt-Warren,1,1445.4119280087928
Irwin-Howard,1,4424.23100638929
"Martin, Hayes and Walker",1,37686.87852945931
"King, and Hernandez Garner",1,15985.730365350077
Lawrence-Perkins,1,13380.213256407444
"and Moore, Johnson Curry",1,25615.88666639697
"Acosta, and Young Morrow",1,1857.4823482161926
Tapia-Cole,1,23156.28586320265
Owens-Vasquez,1,29455.56976543612
White-Fry,1,28640.883406999026
Anderson-Mckee,1,12344.454618935008
"Calderon Ramirez, and Roberts",1,46671.784582499975
"Ramirez and Wells Burton,",1,21930.785291278695
"Espinoza, Wyatt and Oneill",1,45423.44576041915
Lee-Lee,1,25565.766154428526
"Brown Williams Johnson, and",1,9623.503282413867
"Hill, Campbell Crawford and",1,40006.45058373269
"Johnson Ramirez, Farmer and",1,13415.124416083538
Colon-Kent,1,42321.59336958381
"Cabrera King, Henderson and",1,39892.600026202505
"Dunn and Brooks Allen,",1,39146.73638570271
Kennedy-Vance,1,16732.440354508966
Chandler-Carey,1,20077.685445770447
Murray-Browning,1,9945.238953093727
Clark-Hubbard,1,13784.79379719934
Gillespie-Rogers,1,34846.25312821478
Bautista-Moore,1,15077.325567304844
"and White, Pena Lane",1,24764.739462603964
"and Franco Warner Gibson,",1,14755.545376172184
Randall-Miles,1,11509.20677885269
Hoover LLC,1,28204.633063713936
"Chaney and Moon Shields,",1,43768.47711462125
Hardy Inc,1,7858.926859946798
Group Lopez,4,47172.48572055272
"and Conway George, Huff",1,7235.190690187703
Hernandez PLC,4,112151.13578513672
Rowland-Abbott,1,47734.98787070838
Cook-Fischer,1,18598.20178472179
"and Patel Owens Dominguez,",1,41515.259304236046
Newman-Martinez,2,62576.01639333565
"Beck, Malone Braun and",1,7812.263324965218
"and Wright, Fletcher King",1,7284.74419426006
Mclean-Levy,1,9177.024160659332
Little PLC,1,14755.33283478122
West-Wise,1,8655.503460602702
Perez Inc,3,22094.90432168923
"Miller, Nicholson Ortega and",1,30297.640465531622
Rasmussen-Huynh,1,20968.192457734065
"Clark, and Estes Thomas",1,26886.65520673171
Underwood Group,1,25415.53042048031
Group Cannon,1,34208.655857828024
"Garcia Moreno and Edwards,",1,8019.0569855496915
Parker-Ramsey,1,4868.956818046069
Stephens-Williams,1,35259.23966639792
Esparza-Bennett,1,33670.600738292036
"Reynolds and Underwood, Davis",1,42615.145113721344
"Hall Lee, Cantu and",1,44031.85965650343
Hull PLC,2,63978.25542891448
Williams-Todd,1,40047.872350365724
Bell-Jimenez,1,17962.890875558278
"and Anderson Williams Harrison,",1,44514.944174045166
Byrd-Parsons,1,19350.55109844679
Ross-Lopez,1,45372.65743901295
Group Walter,1,46153.53810718414
PLC Patel,1,32694.28915447582
"Walker Jensen, and Hernandez",1,31124.999112613204
"Lawson Werner Johnson, and",1,8643.476592458375
"Cooper Rosales and Rose,",1,31737.4653402092
"Sutton, Oliver and Howe",1,13616.035471230272
Henson-Johnson,1,24229.425673113605
"and Arellano Parks Meyer,",1,12723.31358359609
"Burns, Morrow and Steele",1,37410.78547358391
Santana Group,1,11609.775180195364
Nguyen-Forbes,1,19391.92061786833
"Brown, Mayo Garcia and",1,3619.0954317299847
"and Stewart Burton, Skinner",1,5356.842228453821
"and Anderson, Smith Carr",1,26448.169307727916
"Casey and Martin, Burke",1,14142.548593039224
Hicks Group,1,24254.128766913458
Richardson-Thompson,1,21316.42753732541
"Norton, Poole and Sanchez",1,15537.126048310334
Mcmillan-Gonzales,1,8211.886413867043
Gray-Rios,1,38257.26497635963
"Mcmillan, Choi Carpenter and",1,29602.57769131929
Group Flores,2,37594.00648367845
"Gilbert, Morgan and Bowman",1,26641.68101027124
Roman Group,1,47038.24017454801
Gregory-Frank,1,48453.42899732016
"and Perez, Hernandez Gonzalez",1,20317.056436991053
"Prince and Allen, Brady",1,18972.781003925407
Riggs LLC,1,14164.29585369851
"Anderson Moore and Hill,",1,29895.473993097217
"Velasquez, Hansen Bennett and",1,9413.753235726545
"and Calderon Cooke Bullock,",1,47636.22956868719
Mooney-Scott,1,24583.653599322417
Henderson-Stephens,1,29819.162903090608
Garcia-Payne,1,37194.30591799747
"Taylor, Williams and Zavala",1,45408.02295528977
"Gonzalez and Larson Jenkins,",1,12339.799776426022
"and Jimenez, Jenkins Patton",1,41214.33196725934
"Henderson, Lawrence and Gates",1,12901.237346370312
Jenkins-Charles,1,23665.139087782645
Mcintyre-Hill,1,12784.46575960753
Davis-Wilson,1,25313.05646315483
Wallace Inc,1,28764.588469321232
"Lopez Obrien, and Jones",1,35474.652536388305
"Spencer, and Dennis Perez",1,24121.309341716198
"Erickson Young and Jackson,",1,30204.70838951148
Stevenson-Wilson,1,13448.735206625652
Alvarez-Rogers,1,46403.06755918287
Garcia-Jones,1,43579.9078706298
"Burgess and Campbell, Richards",1,11515.47826493336
"Williams and Chandler Davis,",1,12573.74310770282
"Fisher, and White Woods",1,32486.489704083186
"Webster Barnett Thomas, and",1,40556.66527896747
"Fuller and Jarvis Huynh,",1,12712.407318266838
"Miles Berry, Gutierrez and",1,45618.05578018084
"and Scott, Ryan King",1,38434.58235126276
Thompson-Washington,1,19567.407299197705
Estrada-Marshall,1,40174.55957985009
Walsh PLC,2,69157.94276018749
"Hampton, Henry and Holden",1,9481.521810218657
"Cooley, Singh and Wall",1,49412.57425371798
Reeves-Sullivan,1,33627.664167901145
Wilkinson-Harper,1,40217.44823976193
Harrington-Meyer,1,10489.7406993684
Rodriguez-Wilson,2,63943.469246374225
Miller-Hernandez,1,10696.828797559325
Whitehead-Munoz,1,27383.576890477518
Sullivan-Burke,1,12909.927991866984
Heath PLC,1,29007.729744106633
Burke-Taylor,1,2438.3667181332125
Group Flowers,1,39327.295509304655
Greene-Perez,1,18680.811428836958
LLC Leon,1,3172.8460425304365
Taylor-Robertson,1,4363.651470047154
"Powers Sanders Brown, and",1,1267.0693604218643
"Livingston Vaughn, Lynch and",1,15382.91202146416
"Holmes, Randall and Coffey",1,32340.868876747434
"and Nguyen Ortega Harris,",1,30519.820049816775
Brown-Griffith,1,16468.17591333449
"and Tucker Wright, Best",1,10208.42610992394
"Archer and Ferguson, Hayes",1,42073.84081500663
Group Doyle,1,42214.979697714276
"and Mckay, Morrow Myers",1,9609.522307149366
"Hayes Robbins and Gallagher,",1,30562.56762520042
Christian-Hall,1,34510.884904131046
Castaneda-Tran,1,37905.955178324264
Hickman Group,1,5164.553856335374
"and Carroll Orr Kelly,",1,42434.776861682854
LLC Allen,5,114058.0950779946
Anderson-Miller,1,25664.352537981984
"King Weiss, and West",1,42829.63252472385
Sheppard-Rivera,1,15501.653530600915
Sons Lam and,1,29083.34115979853
Macdonald Group,1,44356.30155722579
Bentley Ltd,1,36572.084376112114
"and Wright, Coffey Eaton",1,8920.640117692266
Reed-Guzman,1,43317.62042303469
and Sons Lane,1,44218.037233803094
Smith-Obrien,1,41900.60031383976
Stein-Campbell,1,7731.51012420524
"Johnson and Hale Durham,",1,13461.80725128057
"Avila Washington, Burton and",1,36156.671337586464
Taylor-Flynn,1,37194.551277411556
"Scott Vasquez Ray, and",1,13234.077265027572
"Griffin, Williams and Rivera",1,45920.09805713534
"Rose, and Mcdowell King",1,34791.379450245
"Rodriguez Bush, and Shaw",1,37478.32460765728
Nichols-Garrison,1,33804.201118474
Peters-Randolph,1,18635.357186347646
"Weaver and Burch, Sanders",1,39089.86555234056
Garrett Ltd,3,95558.75392430135
"and Cunningham Martinez, Jones",1,28480.32901664497
Montes Ltd,1,19008.255266985518
"Guzman, and Krause Gray",1,29194.69015576407
May LLC,2,49335.28376144085
"Smith, Ortiz and Sanchez",1,33891.65665545992
Ltd Finley,1,4831.382700035747
Hood LLC,1,30670.475012310297
Ayers Group,1,24988.105859077885
Alexander-George,1,10320.157374724855
"Robertson, and Phillips Hopkins",1,32034.81278199931
"Byrd, Brooks Harris and",1,4354.305929652944
Reed-Mann,2,85549.8965702383
Esparza Ltd,1,2155.8349907652114
Boone-Miller,1,13466.487788587428
"Pineda Maxwell and Vincent,",1,8458.875943419032
"Erickson, and Evans Bartlett",1,1440.3845534293996
Ingram-Fields,1,30859.220407076486
LLC Parks,1,21913.410758614475
Mcintosh-Wilson,1,22618.50462915263
"Johnson Lindsey Evans, and",1,10645.07219887504
"and Hancock, Long Rodriguez",1,19695.660129025408
Chang Group,1,4790.923065620727
"Wells Cohen, Foley and",1,6907.832456056351
"Ramos and Martinez, Benson",1,21319.300290121377
"and Hernandez Dunlap Barnett,",1,16587.21791359793
"Edwards, Stewart King and",1,36262.33571168767
Sons Griffin and,1,13202.033455532219
Moore-Cox,2,8641.636960085656
Alexander-Howard,1,41700.16740306777
Sparks-Garcia,1,11613.87706747961
Perry Group,3,60046.730360210764
Wright Ltd,2,79891.29389515286
"Maldonado Stein, Knapp and",1,19799.300553718684
"Lamb Mckee and Garcia,",1,31489.984615807527
"and Carpenter Vasquez Leach,",1,20481.09113716866
Dawson-Bryant,1,11514.199981209698
"Hamilton and Hansen Carrillo,",1,39356.69358108828
Parker-Clayton,1,44193.27484278742
Thomas-Norris,1,12452.389048076506
"Rogers, and Hess Ramos",1,9418.077272974344
"Johnson Parker, Smith and",1,17111.725607662815
"Simpson Reyes Carrillo, and",1,21604.421602004866
"Cox Fox, Andrews and",1,3365.141724742987
Barnes-Day,1,29409.661852020312
Green-Miller,2,52029.12615992547
Green-Ellis,1,31776.95566500748
Cummings-Wilson,1,21368.427946387284
"Rasmussen and Johnson, Anderson",1,10806.050186809052
Jenkins-Sanders,1,10940.392839341297
Haney-Moore,1,47361.127275234096
Williams-Williams,1,14786.916515185287
Hayes-Gibson,1,34363.10064007634
Callahan-Turner,1,43668.54310187334
and Lynch Sons,1,48768.11279970192
Hawkins PLC,1,35460.39397819242
"and Wang, Jackson David",1,20763.896487250608
"Lopez, and Mcclure Parsons",1,2290.2099827446996
LLC Stanley,1,29534.535588381856
"Werner Sullivan, and Dixon",1,31229.772724040038
"Williams, and Graves Moore",1,8977.678660924379
Levine-Khan,1,46441.13210329859
Weaver-Rodgers,1,9588.469874456332
Arnold Inc,2,77442.23774164633
"Armstrong Foster Lynch, and",1,38856.83923440952
Griffith-Walton,1,41985.111736773506
"Garcia Simmons and Harrison,",1,29872.66316506511
Drake-Jones,1,47934.986646026075
and Sons Chapman,1,1789.9041510236193
Simmons-Gardner,1,46106.10866446835
Sons and Hall,2,69466.66941024346
"Frank and Klein Miller,",1,43937.56295838614
Woods-Crawford,1,25295.74955843343
Lopez-Mosley,1,24964.546042403188
Lloyd-Lewis,1,19275.670543513173
Perez-Sutton,1,34771.61239996875
"and Johnson Johnson Todd,",1,18008.64129394885
"Roberts Hogan, and Kim",1,46481.45229528411
"Booker, Flores and Salinas",1,37876.041680867194
Sons and Poole,1,17481.3976363229
"Wilson, and Little Sanders",1,33481.17234362978
LLC Torres,1,14331.094123866082
Cantu-Berry,1,48175.466116807904
Scott Ltd,3,72831.84427076513
Sons Wilson and,4,127354.68340826986
"Burch, Moore and Thompson",1,11921.659510698162
Group Anderson,4,114621.13252448657
"Miller Massey Lopez, and",1,20508.588956594478
Sons and Chapman,2,44356.441299093174
Mathews-Lawrence,1,45019.02631325966
Inc Mcbride,3,86818.56547022575
"and Johnson Wright Carter,",1,14657.573294090143
Olsen LLC,2,37282.503940759416
"and Shields Williams, James",1,49241.690582777286
Reed-Gibson,1,40313.37340186948
Smith Inc,14,301823.69193613605
"Jimenez, and Miller Perry",1,36677.19663727958
Roth-Stephenson,1,39493.66582997144
"and Browning, Dawson George",1,42862.28144647886
Brown-Taylor,1,44089.55073575097
"Smith, and Davis Cain",1,49727.66858963937
Macdonald-Johnson,1,50218.087641226026
Gould-Lyons,1,15107.326040309204
"Pitts, and Rogers Jenkins",1,20678.48188316567
Beasley-Cain,1,16803.222028580883
Jones-Griffin,2,25539.469028479252
Moreno-Lam,1,17823.12426002735
"and Hendricks Page Li,",1,21060.57805884831
Leach PLC,1,24811.152755001927
Schultz-Taylor,1,25268.994502184603
Williams-Jimenez,1,15343.254324461186
Mejia-Haney,1,38122.78358519189
Ltd Beard,1,25907.412675469564
"King and Lee, Hester",1,40242.89476682559
Owen LLC,1,27418.27810129424
Henry Sons and,2,50600.73389570037
"Perkins and Nelson Ellis,",1,31582.16718750555
"Moore and Lara Jones,",1,11503.300993363911
Inc Watson,3,70571.90940822472
PLC Rogers,2,77775.56071215602
Blankenship-Scott,1,22374.22969273752
Group Sanders,2,39743.598679588424
Best-Davis,1,46750.660845473
Greene-Ramirez,1,16300.988165537361
"Terry Stevens, and Ramos",1,42499.908178633814
Hall-Patton,1,35947.32110804201
Davis-Simmons,2,57341.571905025135
Stephens-Watts,1,38357.43895687993
Carey-Thompson,1,35300.55986203115
"and Stein Wood Johnson,",1,19888.232926775152
Wells-Bishop,1,38898.3650582786
"Perez Jackson and Walters,",1,12175.669367338804
Phillips-Decker,1,45904.04015152316
Group Dominguez,1,20062.12182781611
Inc Cortez,3,62236.62644192293
Caldwell-Carter,1,3366.868406740596
Pratt-Hicks,1,12023.032892435112
Mueller-Anderson,1,50140.498358155375
Moody Ltd,1,22366.661084794127
Espinoza-Torres,1,45114.25046036715
"and Finley Fields Alvarez,",1,21067.282150660383
Park-Wright,1,11662.942277455491
Inc Blackwell,2,51114.54467428659
"and Hernandez Dennis Obrien,",1,24436.97318640283
"English, and Cherry Meyer",1,515.107195094517
"Rush, Gardner and Stout",1,9245.067421902002
Sherman-Hernandez,1,4785.567356828141
Meadows-Zuniga,1,3133.0568197527114
Foster-Chase,1,38081.612516010166
"Martinez Molina, Thornton and",1,15325.376192556098
Raymond-Hendricks,1,5618.190292367317
"White, Hayes and Perez",1,28910.501468193903
Cruz-Raymond,1,33620.78017817195
Moreno-Miranda,1,16652.166542989977
"Hood, and Rodriguez Sims",1,22293.372473649462
"and Erickson Cochran Cochran,",1,31435.274598434422
Smith-Mendez,2,64349.24415160606
Hudson-Perry,1,23738.408025830136
Inc Colon,1,28410.146448081636
"Brown, Ruiz Sanders and",1,10393.223655748458
Waters-Ellison,1,11656.18838326722
"Ellis Olson Anderson, and",1,26962.773960957795
Lang Inc,1,12614.09824902615
"and Dorsey, Noble Davis",1,25223.5779022626
Hancock and Sons,1,41354.46016979742
"Morris, and Kelly Hayes",1,37885.640346215245
"Richardson and Jones Howell,",1,18230.84697577148
Edwards-Carey,1,7731.213687683781
Garcia Ltd,2,71814.93191837143
Moore-Dean,1,31227.661231310343
"Bates Raymond Robinson, and",1,15370.855913396112
Brewer-Nelson,1,31686.619670603915
"Carter Nunez, Walker and",1,16467.57751077433
"Morgan, Holmes and Wiley",1,41199.788752820576
Ltd Hamilton,2,50480.714351468894
Stein-Romero,1,8704.123335143186
Sullivan-Ortiz,1,9937.293431614125
Kaufman-Bass,1,49874.66774857235
Mann-Duncan,1,32132.800259199117
Oconnell Group,1,39514.73067106065
Hodge LLC,1,1872.226181180659
"White Buck Johnson, and",1,40588.952837709025
Mccarthy PLC,1,32928.90711743451
Torres PLC,1,8684.206642722207
Curtis-Cox,1,27903.95462843059
Allison LLC,1,19510.770176515034
"and James Rose, Shields",1,5510.761694096393
"and Warren Peck, Hendricks",1,49103.09369268229
King-Underwood,1,11105.371196617698
Graham Ltd,1,23775.164998023378
"Weiss, Ho Nichols and",1,9172.189801409295
Brown-Parker,1,37554.24369154677
Mcdonald-Villegas,1,19148.61822129283
Knight-Ortega,1,49362.47080965868
"Singh Stone, and Estes",1,47045.116721234226
Robinson-Hawkins,1,39809.56666867807
Alvarez-Vargas,1,48914.64369837643
Thomas-Huber,1,27309.436760697274
"Griffin and Lyons Rivers,",1,12356.560651293956
Soto-Richmond,1,32895.10189130326
Group Schneider,3,75123.56296937371
Hamilton Group,4,67592.39144061462
"Hoover Rodriguez, and Vang",1,11418.62217239504
"Deleon Oneal, Moore and",1,42247.34251846451
Ortega Ltd,1,43474.5187709147
Pearson PLC,2,92226.31977860909
Wilson Ltd,7,192735.25011599137
Zimmerman-Smith,1,18773.292005310184
Keith-Romero,1,2134.9946370242624
Gonzalez-Logan,2,41436.79167074255
Ltd Rivera,3,51774.581124091965
Schmidt-Hood,1,45461.63195003163
"Ross Gibson and Rios,",1,28971.65475333518
Tran PLC,1,17092.837732522672
"and Clark Murray Watson,",1,47517.96729478344
"Rivera, and Webb Davis",1,2259.40834765187
Swanson-Dorsey,1,22622.44591558612
"Schultz Gutierrez, Nunez and",1,24605.20585914686
Inc Hamilton,3,109407.07275982981
Sons Ruiz and,1,13250.234263176873
"and Dickerson Terry Sandoval,",1,14924.228942416874
Frye Inc,1,45982.85966518884
Inc Blake,1,21066.163553034035
"Ruiz Mann, Whitaker and",1,10720.622918372354
White-Torres,1,7335.447039299841
Smith-Martinez,2,82552.58327538177
Potter PLC,1,40951.530460480535
"Barnett, Noble Miller and",1,40167.438288986035
"Ferguson Livingston Cowan, and",1,19640.85918165333
Mercer-Carr,1,28175.832232828383
"Williams and Taylor, Arroyo",1,13433.617037159478
"Taylor, Johnson Green and",1,11171.05960930416
"and Lopez, Sullivan Newman",1,11745.995006000821
"Henderson, Rich and Moreno",1,24407.84088148913
Shepherd-Vega,1,44481.82065761093
Hood-Jones,1,20537.61571363672
"Woods Diaz, Wilson and",1,40019.11067517139
"Salas Williams Moore, and",1,25879.867898627832
"and Patel, Richards Ingram",1,4986.383040575292
Ltd Ray,1,20771.880784570956
"Mccarthy and Dawson Anderson,",1,49105.75955307482
and Ferguson Sons,1,39401.06767369093
"and Munoz Woods, Gordon",1,27540.220789383482
"Gomez Gilmore, and Lozano",1,1503.6442514513453
Taylor-Lowery,1,6350.597393047333
Group Jordan,2,30194.01016482256
Coleman-Shaw,1,50815.72122555399
"Phillips and Hahn, Sandoval",1,7782.268761318166
"and Juarez Johnson, Stone",1,37126.30908683347
"Owens and Wilson, Smith",1,29654.478391442306
Stephens-Fisher,1,19805.176093711052
"Smith and Clark Brown,",1,12809.087576442256
"Harris Jenkins, and Moreno",1,18185.09981264658
"Robinson, and Roth Yu",1,2916.7927562771306
and Lambert Sons,1,13936.601683029583
Carlson-Mcfarland,1,7421.736216715415
Luna-Pierce,1,27623.492435943434
Li-Bowman,1,38187.1377787164
"Fox Robles Hooper, and",1,37360.320690454246
Harris-Patel,1,3644.9523160388226
Elliott-David,1,40272.335104472746
"Booker Mcpherson, Moore and",1,48677.63011762466
Ltd Caldwell,2,50676.6999790312
Chambers-Williams,1,36481.08259683088
Webster-Fields,1,50044.50865886255
"and Wang, Stephens Patton",1,8966.028023041401
Sons and Warner,1,47949.74954065839
"Padilla Fuller, and Andrade",1,28911.771667322875
Carter-Cohen,1,35019.06485852507
"Chen, and Warren Moss",1,28720.01123285633
Washington-Ball,1,35626.73980134802
Mccall-Burch,1,41659.565502491605
"Carroll and Hall Meyer,",1,23173.45867501299
"Stafford, and Johnson Smith",1,6103.751349033341
Day PLC,1,29388.759335236038
"Murphy Lowery and Baker,",1,28466.106196599347
"Solis and Larsen Stanley,",1,14906.213994305866
"Smith, Shaw Stevens and",1,6509.122262702815
Glover-Pacheco,1,40295.595511757725
Perez-Scott,1,24480.914343985733
"Spencer and Williams Bishop,",1,738.5764967992568
"Willis Davis, Nguyen and",1,4987.325077188386
"Love Boyd Brown, and",1,37368.15807719891
"and Hubbard, Fernandez Murphy",1,28351.169013217725
"and Francis Weaver, Brown",1,47340.574547872224
"Goodman Thomas, and Peters",1,1592.4973005810832
"Turner Duran Montgomery, and",1,43213.44763732136
Santos-Diaz,1,37635.277609631186
"Nichols Brown, and White",1,32362.393361150152
Torres-Lopez,1,12847.968100651573
Krause PLC,1,8179.291626555352
"Fry Glenn, and Martinez",1,29692.803072192015
"and Ford Cole Barker,",1,36460.78295552281
Mullen-Andersen,1,40974.22930580464
Anderson-Rivera,1,22571.19633467359
"Mckenzie Montoya and Schwartz,",1,46117.29889806881
"and Lopez, Dyer Lee",1,7339.440891206893
"Garcia Edwards and Daniel,",1,6196.635136069902
Dawson-Jones,1,21125.32197863222
Mercer-Booker,1,7704.300990915003
"and Moore, Ballard Johnson",1,43298.433699271125
"Frank Hernandez, Taylor and",1,30046.27893659327
Humphrey-Burton,1,41422.91397315639
"Hobbs Schneider, and Walter",1,44076.204422490155
Jones-Johnson,3,80252.41050298474
Monroe-Morris,1,37657.55181413199
"and Orozco Henry Harris,",1,29549.52388370991
Bishop-Bautista,1,18768.4323953753
PLC Torres,1,35818.90311306447
"Harrison Johnson Miller, and",1,7556.513996466131
"and Little Tanner, Gonzalez",1,40074.433961083225
Reynolds Group,2,58577.883116058394
Sons and Hernandez,3,81540.99241739385
Baker-Quinn,1,35264.69896715316
"Frye, King and Phillips",1,23048.89095923489
"Cummings Becker, Lam and",1,6436.23098557065
Daniel LLC,3,25917.984530720478
Davis-Coleman,1,37945.806346078105
Group Booth,1,10227.799718879669
Khan-Franklin,1,31050.21005622813
"and Robertson Hernandez, Bridges",1,38535.71661448468
Rivera-Wilson,1,37262.28161312949
"Chapman, and Edwards Bush",1,16053.524203853009
Weaver-Watkins,1,12775.680440129452
Thompson-Newman,1,26918.66221833209
"Allen Watson and Robinson,",1,18144.5109527321
and Sons Erickson,1,47746.739877487584
Martinez-Johnson,1,31124.30621914551
PLC Taylor,5,132990.75759291335
Inc Sullivan,1,26135.315131036616
Ltd Turner,3,85397.39028912151
"and Rodriguez, Lucas Frank",1,36147.41425794063
Martinez-Lee,1,32885.93446309053
Chambers-Lamb,1,2820.9029160183227
Mckinney-Yang,1,31773.260368460575
Pope-Day,1,14759.39929135517
"and Chavez, Martinez Romero",1,45200.28357722192
Garcia-Lewis,1,37740.746268006245
Williams-Peters,1,41059.193964307764
"Randall Rice, and Barber",1,33227.36082221516
Riley-Nolan,1,45900.762258206734
Inc Walls,1,2898.9484250753676
Ltd Parker,1,3291.472625278734
"Mullins Lopez and Jones,",1,46594.48390403967
"and Richards Mueller Brown,",1,37133.19249890331
"Mcmillan, and Arias Moran",1,44133.66168325298
"Barron, and Hall Brewer",1,16956.57308095139
Jones-Oneill,1,17741.021887468036
Wolfe Inc,2,60671.30594497252
Howard-Tran,1,4407.344975888346
Simmons-Shelton,1,39242.628342733944
"Munoz Wilson and Little,",1,45413.484438396474
Best-Becker,1,12231.119859656394
Wood-Lee,1,15437.493291930108
"Williams Mccoy, and Smith",1,28368.383481529847
"Andrews and Juarez Parks,",1,1225.8138551934637
Allen-Scott,2,53552.55457782536
"and Higgins Gray, Hurst",1,10047.451736347013
Erickson-Martinez,1,8842.370591331382
Walton-Lee,1,19421.949051192718
Cervantes-Goodman,1,23251.751204704753
Taylor-Andersen,1,42562.425825347564
Brewer-White,1,18787.01424310782
"Brown and Hicks, Gonzalez",1,19576.922429973154
Donovan-Olson,1,18014.377538092085
Ltd Mccoy,1,42703.30647261488
"Banks, Davis and Morales",1,13861.096464204533
"and Dixon Williams, Torres",1,20014.109276487954
Goodwin Group,2,38043.10220581012
Gilmore-Lane,1,44561.47390931614
"and Nelson Cox Hoover,",1,27050.246201896283
Sons Rosario and,1,6706.940586506717
Ltd Vincent,1,48756.18496472842
Wang-Holmes,1,4199.416586310738
"Hernandez Richard Simmons, and",1,651.924677266182
Frost-Swanson,1,31089.755285338746
Francis PLC,1,39609.81705119835
"Sparks and Moore, Bird",1,12320.80690784523
Collier-Carlson,1,12798.839828961132
Garza-Garcia,1,39753.78580368832
"Bishop Munoz and Davies,",1,29539.89043967744
Edwards-Orr,1,42789.67072725258
Powell-Miller,1,41135.85131091291
"and Campbell Brown, Jones",1,4186.697875987207
"Barron Giles, and Morris",1,40033.00810386218
Love Group,1,40259.41053811409
"Potts, and Clarke Franco",1,13572.044718689473
"Fitzpatrick Bishop Ellis, and",1,16322.939237903665
Peters Inc,1,27654.507795737674
LLC Ball,1,4648.481816008511
Moore-Bailey,1,6183.114481845857
"Peterson and Reyes Hernandez,",1,4432.396597874441
Anderson-Lane,1,46072.73960612653
Sons Peters and,1,24307.82484012556
"Mooney, Watson Huff and",1,41105.53445846542
Garcia-Palmer,1,50840.27571996674
LLC Ferguson,1,15231.106063081139
"Johnson Mendoza Fernandez, and",1,38658.574865806724
"Perry, Wilson and Lee",1,38101.95568415493
"Montgomery and Benitez, Benton",1,34244.32519279543
"Wilcox, and Irwin Wagner",1,41007.91507504651
Marks-Reeves,1,20975.32963220634
Jordan LLC,1,33675.32022424772
Foster-Miller,1,12128.290201131966
"Vazquez Sanders, and Mcdonald",1,10399.971110204331
"Moody Chavez and Jackson,",1,29417.132249104045
Mejia-Williams,1,18822.029976163798
Bruce PLC,1,46143.74574883793
"Patton Green, and Dunn",1,47544.54048068138
Scott-Rodriguez,1,20847.634887368924
"Choi, Perez and Smith",1,6029.049635559311
Hill-Miller,1,33042.69486164971
Burnett-Wilcox,1,17589.65357687354
"Brown, and Jones Weaver",1,26786.529555311292
"Austin, and Reynolds Duran",1,40137.789171480654
Kim-Higgins,1,33870.120904948504
James PLC,4,113654.32126441006
Wang-Hill,1,17159.581531514294
"and Johnson, Carter Johnston",1,19190.264994607627
"Tanner Smith Miller, and",1,21561.772386699362
"Pearson Escobar, and Harper",1,4537.475704122971
and Sons Trujillo,1,38598.475298861726
"Leon Mcfarland Wise, and",1,26379.368851365056
"Wade Savage, Harrington and",1,26138.88043551831
Group Bradley,1,24500.126992236375
Ltd Henry,2,75371.3037898911
"Booth, and Johnson Smith",1,25665.340029019477
Adams-Valencia,1,20264.21424262133
Gomez-Gilbert,1,46039.74641089517
Davidson-Keith,1,21432.184660565075
"Owens and Calderon Cannon,",1,31180.133525539033
Villegas-Pacheco,1,25051.421384852736
Hawkins-Parker,1,38008.470753077665
Hill Inc,8,99350.44842658562
Walsh-Ramos,1,28683.60519062951
"Davis and Livingston, Allen",1,44421.34624400449
and Mcneil Sons,1,19256.064587206267
Burns-Townsend,1,43545.039825230415
Wheeler-Walker,1,21276.46757302058
Collins-Fox,1,7014.958786120271
Ltd Manning,1,9531.755577693095
"Glass, and Clark Martinez",1,9289.24601768879
Inc Brock,4,71498.2155886122
"Foster, Bentley and Price",1,27623.694842640518
Lee-Miller,2,56429.18935818037
Simmons-Patterson,1,1178.6571521081476
Middleton-Hill,1,39764.576009799544
Inc Lawson,1,11216.872157560343
Deleon-Stanley,1,26659.924601037925
Kramer-Stewart,1,41154.956271604795
Group Williams,6,62151.334502142236
Robinson Ltd,3,87101.50643552832
Davis-Willis,1,33911.17037022556
Small-Brennan,1,26208.77926560787
Williams-Hernandez,1,38825.69630497232
Ltd Baker,2,51781.52145115787
Quinn-Wells,1,24984.414425616986
Church-Moore,1,3994.7239632334445
"and Lopez, Oconnor Perkins",1,28579.048137998296
Quinn-Lucas,1,4021.65679417917
"and Morris, Kim Nelson",1,27508.977651620968
Burgess-Lee,1,5331.745888490188
"Martinez Santana, and Kaiser",1,22326.10940011099
"Garcia Wu, and Hudson",1,15133.213111191473
"Boone, and Kim Watson",1,22144.331963184723
Gardner-Bell,1,11290.802144865824
Morris Ltd,2,51457.729393220055
"Casey and Cook, Craig",1,21814.81710856337
Delgado-Thomas,1,1048.6854746501701
"Robinson, and Johnson Walker",1,41954.16189534838
Barr-Horne,1,12429.551624414877
"Ruiz Perez, Mathis and",1,23567.574276765376
"and Ali Snyder Hughes,",1,28847.107951613794
Becker-Welch,1,44171.13727621109
Barnes-Chase,1,6933.289874480524
Good Ltd,1,18558.55408204355
Ltd Vang,1,47788.856682319536
"Copeland, Davila and Pratt",1,1781.8223212843516
French-Smith,1,46603.0655097783
LLC Vega,1,16375.950922956614
"and Torres Hart, White",1,6366.404053762308
Murphy-Williamson,1,36412.26257601866
Underwood LLC,2,39602.70644683587
Stephens-Snyder,1,15067.616787525369
Decker-Cruz,1,41560.20295709249
Chandler Ltd,1,28641.465061583098
"Clark Griffin and Smith,",1,10773.461800363406
Peterson-Baker,1,35988.18008670438
Andersen-Thompson,1,39421.10868367611
Bailey-Jackson,1,43889.841033691155
"and Salinas Smith Roberts,",1,47375.96349312402
Mckenzie-Sutton,1,18747.54371355298
Smith-Lloyd,1,47046.620857292226
"Edwards Williams Wilson, and",1,28775.791188278316
"Wyatt, Koch and Moore",1,38729.740799727544
"Banks, Thomas and Robertson",1,29496.245702858494
Huynh-Hopkins,1,36142.148368418406
"and Hughes, Brown Zavala",1,43473.269372496456
"Wall Adams Ayala, and",1,39459.16732368616
Jones-Munoz,1,29635.013782821232
Ryan-Jenkins,1,48444.859155693666
Brown-Carpenter,1,29854.295436989636
Gates Group,2,15174.53744373397
"Ware and Howard, Buck",1,48936.52085589634
Singh Group,1,44861.10716040342
Mooney-Fuller,1,23103.981368685556
Roberts-Harris,1,28930.2452678144
"Lewis Floyd Nguyen, and",1,38405.82772541267
"King Campbell and Cline,",1,22729.011930912027
Baker-Morrison,1,38651.92970737601
"Thompson Wiggins and Frazier,",1,1962.6271293274579
Burns-Massey,1,28090.64645538826
"Ford Avery Gomez, and",1,8263.70002793635
"and Flores, Fuentes Thompson",1,33456.58328709338
Taylor-Stevens,1,19996.164147254556
Stephens-Houston,1,43132.48978284283
Chapman Inc,1,42680.742857229496
Vargas-Martin,1,39775.709102216504
"and Fernandez, Ferguson Bird",1,29742.588581508968
"Gonzalez Ross Gonzalez, and",1,46717.19718740568
May-Allen,1,45700.03265151918
"Cunningham Allen, Marsh and",1,5046.039632523019
"and Adams Chavez Camacho,",1,5031.078227720668
Green-Brown,2,73695.13213790797
"Wade Graham, and Osborn",1,31629.655530501575
"Holmes, Sanders Bernard and",1,28832.398938129805
"and Williams Nash Bowman,",1,14078.54536467825
Garcia-Duncan,1,5967.104728738881
"Price, and Lawrence Garcia",1,22037.839008316707
Waller-Hernandez,1,43717.575462216315
Anderson-Franklin,1,14312.652214894033
"Johnston and Watson, Frye",1,29268.342124470677
Cuevas-Cruz,1,18841.09021992014
"Ford Fitzgerald, Riley and",1,21699.09760415904
"Mcguire, and Andrews Kerr",1,28154.888584433636
"Stanley and Wilson, Santiago",1,9451.364537963698
Group Medina,1,33974.36257412613
Ltd Fletcher,1,21391.342461994194
"Owen Gill, Robertson and",1,31365.27829514244
Morales-Anderson,1,23124.627064907512
Cohen-Riley,1,20495.132134531013
and Sons Murphy,2,53552.70232817769
"and Andersen, Molina Garcia",1,44260.00473409064
Sons and Miller,4,87010.61531700568
and Sons Smith,6,149525.17064791053
Kemp-Munoz,1,6312.607691018524
"Harrington, and Owens Preston",1,8421.915384516322
Bates Inc,3,113774.39736093805
"and Peterson Matthews Robinson,",1,5268.690457465453
"Edwards Johnson, and Burgess",1,6578.0290575360805
"Davis White, Flores and",1,21856.73825465747
"and Underwood, Benjamin Baker",1,25369.62208368459
"Moore, Munoz and Dunlap",1,49701.856977794094
Jackson-Thomas,3,68867.23223710927
"and Swanson Proctor Daniels,",1,32786.669232265194
LLC Wood,2,73748.4780222669
"Richmond, and Williams Cabrera",1,47511.50735318321
Harper Ltd,1,14854.849983920363
"Taylor Hughes and Smith,",1,20268.68168380596
Wade-Sellers,1,38530.60088303686
Hicks-Salas,1,23390.360536402146
Ward-Gregory,1,43622.66943933724
"Davis, and Foster Stanley",1,17826.614033773807
Ltd Burton,2,32575.834942539637
Aguilar-Silva,1,9169.665987221686
"Lawrence, Lopez Dunlap and",1,26176.08910958576
Padilla-Craig,1,7447.046918204001
"Gutierrez, Taylor and Mason",1,9539.2563115366
"Martin Curry, Jordan and",1,46561.99026294923
Rodriguez-Bell,1,41167.105417891784
"Brown Roberts, Webb and",1,31840.366391212574
"and Graham Bowers, Stanley",1,4399.873878571732
Mitchell Ltd,2,34087.77274270243
"Esparza Mitchell, and Gamble",1,7671.832015963902
Bush LLC,1,37426.44879836315
Williamson and Sons,1,36891.00432370743
"Bowen Lopez, and Terry",1,-692.4088201275929
Garrett-Anderson,1,26253.821713006662
Ltd Preston,1,10520.815909986155
LLC Strickland,2,77206.01933379073
Sherman-Moore,1,7512.215114164761
LLC Aguilar,2,71333.741877289
"Olson, Smith Martin and",1,10174.163236950619
"Curry Robbins, Reeves and",1,32569.355078950757
Mcknight-Jordan,1,48745.739918711406
Park-Webster,1,47689.03440275998
Williams-Cook,1,23724.68465751348
Smith-Bowers,1,43820.3615054596
"and Price, Stanley Morrow",1,20418.564930433815
"Snyder, Underwood Reed and",1,36067.7046691126
"and Richardson Pennington Evans,",1,19430.405848688646
Cameron-Buchanan,1,22030.566987466573
"Martinez, and Zimmerman Davis",1,39607.44273963993
"and Blackwell Young, Thompson",1,20191.24631427914
Group Gibbs,1,23926.301680185217
"Ingram Patel, and Stephens",1,43391.95439330707
"Curry Smith, and Bryant",1,15047.458570018849
Vega LLC,1,38232.91457909586
"Brown Russo and Simmons,",1,26207.62925264602
"Lozano, Kelley Mcdonald and",1,6097.993768535675
Henderson-Ashley,1,29172.248951877846
"Anderson Allison, Brown and",1,24366.680480595973
Dixon-Perez,1,26798.457484463666
"Everett Acosta Cole, and",1,30966.428466517125
"Case and Vasquez, Hunt",1,7709.596686301634
Stewart-Copeland,1,46590.764829944404
PLC Reed,2,46226.885308104305
Anthony LLC,1,36091.1461059471
"and Taylor Howe Shelton,",1,40932.32961183129
"Mason and Maldonado Robertson,",1,39755.55146428022
Mckinney-Nguyen,1,34604.5949134755
Robbins-Newman,1,6930.560259339916
Davis-Colon,1,13028.258298639086
"Travis, and Rocha Alvarez",1,47224.16023720562
Barnett PLC,1,15291.226692272003
Roach-Wall,1,29907.907081278787
Hernandez Group,1,10281.257857263601
"Fowler Price, Compton and",1,46922.31341843779
Vazquez Sons and,1,383.87901916247984
Miller-Chan,1,15241.277024419214
"George Salazar Walker, and",1,14599.012157390682
Shannon LLC,1,41624.686471040695
"Moore Hansen, and May",1,11882.285617992142
"and Dennis Ross Hopkins,",1,8895.024081266025
"Clark, Washington and Brown",1,17426.95841015566
and Stewart Sons,1,8320.32114452011
Holt Group,1,48997.1105330828
Garcia-Underwood,1,3213.8017943939367
"Pena Murray, Santos and",1,21248.646083277163
Hill-Gilbert,1,31561.59973082206
"Rodriguez Smith and Nunez,",1,22690.973689700946
"and Bell Murphy, Harrell",1,45581.735121990314
"Macdonald Davidson and Wilcox,",1,18879.369962163462
"Curtis and Bryant Lowery,",1,37524.66513880399
"Banks Austin, and Carter",1,37559.72480678313
"Rice, Perry and Parsons",1,1668.553665732476
Smith-Bernard,1,43803.01203942547
"and Graham Flores, Carrillo",1,43114.41941320059
Obrien and Sons,1,30907.003945781624
"and Shaffer Mitchell Andrews,",1,41525.16108690702
"Sherman, Warner and Fox",1,37891.563201972844
Jones-Young,1,12204.017083749979
"Mcmahon Cook Johns, and",1,30467.37163857313
Group Rice,1,12650.869731721008
Meza-Cobb,1,7371.679309177155
"and Kim Sullivan Perkins,",1,22056.860435610117
Montes-Randolph,1,42144.58747705042
"and Santos Hart Rodgers,",1,42315.310079570714
Salazar LLC,1,42689.50529525629
"Chen, Kelly and Martin",1,32495.931727879364
Beard-Burke,1,39728.19983340202
Wilson-Pratt,1,24118.717332457276
Barnes-Sheppard,1,39679.29772679929
"Santos Rivera Weber, and",1,4428.199017721331
Wu and Sons,1,38547.82669995477
Figueroa-Bush,1,8375.874139460979
Norris-Davies,1,7831.408293113967
Ltd Newman,1,27047.18853221683
"and Smith Escobar Brennan,",1,3791.032619162743
Hanson-Richardson,1,46011.72041511477
"Taylor Hammond and Hernandez,",1,49233.428772882005
Silva-Murray,1,17025.86002526524
Hernandez-Butler,1,46562.65503832855
Walker-Carey,1,627.846170073762
"King Osborn and Frazier,",1,41874.82059776793
Wheeler Group,1,50084.47158049118
"Howard Rodriguez, Cooper and",1,9652.32858347386
"Hartman and Larsen, Campos",1,42827.911893032506
Reyes-Wilson,1,33599.43269384184
Arnold-Miles,1,41531.44263956233
Flores-Ellis,1,8254.750378079332
"Stewart and Sanchez Lawrence,",1,3285.6127670567903
"Stevens, Cunningham and Gilbert",1,14260.641444559464
Cline-Williams,1,12263.357425021362
"Jarvis Scott, Fleming and",1,6175.867249292427
LLC Hodge,2,83454.32586051026
and Howell Sons,2,32710.897128259738
Colon-Meyer,1,3601.6816793720545
"Griffith Mccullough Mendoza, and",1,2106.3937567995026
"Moore Morris Martinez, and",1,20874.043026246236
Hays Inc,1,2748.550967419224
Ross-Coleman,1,11908.081104631427
Conner-Hayes,1,49188.65230810867
"Santiago, and Keith Johnson",1,6788.4162096067475
Martin-Thompson,1,6704.7548006396
Foley-Marsh,1,11215.868453337891
Collins-Esparza,1,18179.39532162103
Escobar-Briggs,1,29345.87841258185
Collins-Scott,1,30536.73354237384
Boyd Group,1,34975.90000123689
Marks LLC,1,17755.74310218368
"Brooks and Wilkinson Anderson,",1,22544.404133930853
Inc Ortega,1,30266.89374155138
"Gray and Marshall Morris,",1,4966.643946852698
Inc Myers,1,44499.03928596907
"and Pennington Carter, Lewis",1,16254.52411377495
Underwood-Harding,1,19062.836417704097
Kane-Haynes,1,19393.634853155232
"James Harris and Morales,",1,42920.61623490249
Nelson-Wallace,1,12272.25722136258
Mckinney-Cox,1,2236.591462485671
Garcia-Carter,1,6627.792793751006
Montoya-Turner,1,12631.075517247005
"Ochoa Cross, Elliott and",1,48707.526295354946
Weaver-Hernandez,1,37077.900002070266
Howard Ltd,1,40745.905409516294
Swanson-Garcia,1,26691.47674614257
"Gonzalez Garcia Jones, and",1,36644.845265472875
"Gonzalez and Lopez Smith,",1,39283.64311074353
Allen-Russell,1,745.2879769613587
PLC Patton,1,15981.09701631213
"Vargas Jackson, and Mcclain",1,49290.500617707374
Logan LLC,1,21517.860492419462
Brock PLC,1,34870.97838962729
"Simon and Perkins, Smith",1,49501.395684203126
Ferguson-Acevedo,1,25498.916470903012
"Fox and Phillips Elliott,",1,13337.954693302961
Arroyo-Nielsen,1,14491.13642762673
Turner-Barker,1,11365.322477128844
Velez-Klein,1,1115.8006390167038
Johnson-Olson,1,26668.117981105755
Sons and Holmes,1,36072.57721614662
Watkins-Melendez,1,16348.379983247689
"Dawson and Duncan, Perez",1,33399.598693288644
Carter-Booth,1,36834.00311312206
Hall-Dunn,1,26339.6772368699
Mckee-Hunt,1,9883.728612760624
Jackson-Morgan,1,4647.066962959799
"and Hudson, Kim Morris",1,45233.75763978879
"Scott Edwards, Rose and",1,16050.783639771136
Sons Drake and,1,22642.779512618417
"Sharp, Smith Evans and",1,48681.17093259006
"Perez, and Leonard Hunter",1,39663.21553924521
"and Martinez Wright, Kline",1,5841.42121308602
Johnson Ltd,8,260836.1379446966
Mcmahon Group,1,46748.548903995645
Martin-Owens,1,6318.000061100672
Sons and Bolton,1,36786.05847554597
"Estrada and Holt Taylor,",1,9175.1481405209
Sons and Hubbard,1,11919.060330624197
Hill-Perez,1,11515.498200764825
"and Branch Dawson, Ruiz",1,42322.022113137384
"Guerra Obrien and Bentley,",1,45913.152208444255
"Lee, Cruz Davis and",1,29590.70680145499
Orozco-Gutierrez,1,32454.338410781398
"and Santiago, Garcia Snyder",1,31671.865355972826
"Williams Soto Velazquez, and",1,13447.434559823796
Hays Group,1,22199.593426089432
"Petersen and Weaver, Smith",1,33543.531603442796
Baker-Evans,1,10961.74394165619
"and Hayes Williams Walker,",1,45377.700381734714
Richardson-Nichols,1,1266.183274370406
Combs-Morrison,1,27233.52094760891
"Travis, Brewer Wise and",1,38148.318504177776
Valdez-Travis,1,6567.901556353773
Sons Richard and,1,32594.525464688453
"Ruiz, and Vega Reyes",1,9755.457307460076
Jensen and Sons,1,30586.525366935763
Liu-Chambers,1,36243.18852423706
"Anderson, and Lyons Hart",1,12471.578530324561
Lee-Meyer,1,39194.543825160465
Ltd Nicholson,1,50690.281104664566
Barrera-Woodard,1,31074.696662574825
"Hall, Harrison and Graham",1,22076.394456055787
"Dixon and Brown Jones,",1,7186.481303699693
Lambert-Garcia,1,27784.99847474425
Owen-Lopez,1,21473.944486168824
Martinez-Buck,1,31275.46914982786
"Clark, Harris and Rice",1,841.2323934729026
Adams-Reynolds,1,31592.338260991317
"Stephenson, Nguyen Martinez and",1,41512.60985467688
"Morgan Mcintosh, Payne and",1,12829.244815837292
"Brandt, Rivas and Knight",1,5885.486662526941
"Austin and Kennedy Murphy,",1,2089.3741244501834
Soto-Anderson,1,31577.517058069872
"Logan Dixon, and Grant",1,45212.95221790917
"Higgins and Baker, Dalton",1,28892.638534374502
Rodriguez-Kim,1,43435.617504863876
"and Lynch Dean Young,",1,34190.79528727427
"and Graham Moon Kelley,",1,18506.47062899879
Carrillo-Rodriguez,1,20160.345689980633
"and Davis, Serrano Merritt",1,19217.751264958024
"Santiago Horton and Sosa,",1,49013.630270914524
and Sons Barnett,1,6489.19308188673
Dixon-Scott,1,31237.127261102236
Jordan-Benitez,1,16068.298503112266
"and Maddox, Parks Smith",1,47386.263310668735
Ballard Inc,1,5744.183199040774
Weiss-Munoz,1,25993.43473599633
Saunders LLC,1,15064.19265253184
Jennings-Wood,1,26033.294337926403
"Robinson, Green Goodwin and",1,30867.39326161385
"King Davis, and Phillips",1,26996.87568235149
PLC Reynolds,3,56009.29750928797
Buchanan-Higgins,1,3028.537468759124
Michael-Jenkins,1,43484.24974644057
"Santana Garcia, Alexander and",1,42301.9146193397
Zamora-Rivers,1,38210.96495303578
Tucker-Moyer,1,31457.797306905242
Conner-Nelson,1,46421.26125284104
"Ortiz, and Massey Norton",1,2329.108092812969
"and Hernandez Mckinney Li,",1,36923.54008413822
"Nguyen, Simmons and Johnson",1,43863.48440825433
"Howell, Young Potts and",1,46961.57543956395
LLC Merritt,1,11167.109258706716
"Hale Garner, Schultz and",1,14917.96281109846
"Hernandez and Martin Blackwell,",1,36816.347104319335
"Hogan Malone, and Gray",1,6904.114294766694
Lewis-Mcdonald,1,30040.21134252641
Nichols-Collins,1,13810.838144442476
LLC Mendoza,2,27142.38368144991
"and Burke Clark, Johnson",1,28478.45134370179
Henderson-Cole,1,27038.204069874886
"and Tran Fields, Harris",1,32842.74729461231
"Luna and Howard, Moore",1,33411.16329545772
Shaw-Anderson,1,45511.83834738255
"and Owens Tran Trujillo,",1,11857.902408935393
Estes-Palmer,1,42017.3349783399
LLC Valentine,1,35046.007622605925
Inc Garza,1,14205.502372286875
"Allen Decker Taylor, and",1,42029.95578856724
Inc Powell,2,67400.37426143771
Group Bolton,1,9516.370414057998
"Silva and Lewis, Harmon",1,37461.021313754034
"Powell David, Smith and",1,35499.4635956034
"King Taylor and Pugh,",1,28746.084901749065
"Hill Moore and Valdez,",1,2658.893361763593
"Holmes Santos, and Mendez",1,29627.725964884732
Kirby Inc,1,27421.347134034262
Inc Wilson,6,133535.00481781474
Mason-Mitchell,1,17756.722580579248
"Torres, and Miranda Myers",1,47610.27302181685
"Hill Hernandez Scott, and",1,23098.404050513178
Matthews-Foster,1,30952.85879267203
Pace Group,1,11331.797661971657
"Parker, Mccoy Walker and",1,10756.36320605795
"and Dawson, Payne Phillips",1,12653.158803243232
"Cordova and Gregory Vasquez,",1,8220.968557869566
"and Mathis, Lewis Hudson",1,36926.18249261709
Scott-Adams,1,28376.75546228778
Thompson-Olson,1,15826.785903977183
Cochran-Kelley,1,6193.941576103982
"White and Burgess, Hull",1,23256.466852909558
"Duran Price Lopez, and",1,25051.504362365005
PLC Ayala,1,24552.037973800732
PLC Lawson,1,4217.498977831464
"Smith, Mitchell and Morrow",1,47187.62520630449
"Garcia and Glass, Santana",1,4655.944838856809
"Alvarez and Mullins, Barajas",1,6116.05395121726
"Williams Fowler, and Yates",1,44170.5230203538
Torres-Martin,1,4242.325030120096
Gonzalez-Perez,1,9187.98784850775
Bush-Martin,1,46066.09429575668
Berger-Robinson,1,17739.929659124726
Mcdaniel-Allen,1,21470.428257395793
LLC Patel,1,43880.07620537457
Salas-Fitzgerald,1,19755.088344653796
Inc Torres,3,117093.00901329254
"Morgan Stanley, Richard and",1,34103.14931752317
"Barnes Soto, and Andrade",1,19349.747351106602
"Silva Williams and Hull,",1,15870.166783026478
and Sons Jensen,1,26981.780547569877
Inc Stokes,1,21024.639498904147
"and Flynn Smith Jackson,",1,43435.86518451695
Peters PLC,3,68652.45021522214
"Padilla Ramirez Adkins, and",1,49670.655445198
"and Delacruz Davis, Howard",1,38722.51207697806
Inc Potter,2,23931.870496124116
Barrett-Farmer,1,26125.46307511569
Hanna Group,1,33150.1845412638
Foster-Matthews,1,5301.412017143798
"and Hodges Foley Garcia,",1,47558.08706320897
Cooley-Alvarado,1,13761.285021756943
"and Jones Rodriguez Mccoy,",1,30695.558543322324
"and Stephens, Owen Sullivan",1,9479.70064828167
"Rogers Howard, Rodriguez and",1,44116.048621792805
"Sanders Zimmerman and Frost,",1,43962.42351289488
"and Ramirez Chan Oliver,",1,12720.238415006195
"Garza, Morrow and Callahan",1,40566.504833114304
"and Baldwin Mcneil, Simmons",1,42672.08526169026
Sons Mclaughlin and,1,25963.467581621488
"Bennett, Benson Rodriguez and",1,40618.69614175665
"Richardson Fitzpatrick and Fisher,",1,7019.639095824239
Anderson-Morgan,1,3494.6378678886585
Collins-Brown,1,23141.452397674635
"Oliver Shaffer, and Galloway",1,7184.278580389171
Miller-Sharp,1,10281.044510528975
LLC Benjamin,1,20634.703967424048
Morgan-Hayes,1,17271.79598868651
"and Miller, Murphy Taylor",1,38242.2063040017
Campos-Clark,1,7408.165210929059
"Andrews and Jackson Singh,",1,3508.986638212744
"Petty Parker, and Case",1,14030.010137059935
"Miller and Huang Stevenson,",1,35798.5135674727
Cobb Inc,2,79042.86527740161
Tyler-Robertson,1,25116.495336578642
Wang-Ward,1,34247.50088496022
Parker and Sons,1,40851.267552009864
Graham-Lloyd,2,74584.87327668707
"Tran Brown, and Smith",1,49065.79347085474
Mclean-Hill,1,45883.718707221364
Evans-Davis,1,26673.137841684384
"and Grimes Bishop, Cummings",1,5353.705167220495
Jones-Sanchez,1,17439.91514633106
Reilly LLC,1,23780.33157699385
"Jackson Moore Fuller, and",1,46281.898105922715
Sons Peterson and,1,23140.391820461467
"Brown Thomas Benton, and",1,32829.98891871616
Group Gallagher,1,6007.827960976041
Foster-Hill,1,44326.68443639371
Sanford-Harris,1,7785.546565706912
Johnson Group,14,358974.7414809019
Harrison-Parker,1,1791.3890011113167
Conner-Flores,1,23775.449006940402
and Campbell Sons,5,109930.41673887183
Gray-Black,1,32993.49239890726
Inc Sanchez,5,91615.5916947292
Cordova LLC,1,14945.328061688291
Inc Copeland,1,34815.75496859786
"Martinez, Reed Watts and",1,21951.536382917733
Burke-Dominguez,1,6406.177231926159
"and Pineda Allen, Jackson",1,27484.711682882564
"Cook and Craig, Herrera",1,804.2447439027342
Jordan-Combs,1,15023.725168338819
Thompson-Jones,1,39379.01531675196
"Taylor and Scott Bowman,",1,48687.01013698123
Martin Inc,7,163818.80347357068
"Edwards Williams, Finley and",1,42214.96109785472
Wolf Ltd,2,47607.31702708137
LLC Hancock,1,44655.536900566236
"and Park Burke, Weber",1,24010.10659955421
Pittman LLC,1,40474.83027000407
Clark-Swanson,1,5074.221373301648
"Montgomery Cantu, Larson and",1,9013.830414227032
LLC Hanson,1,18644.17206527765
"and Roberts Maldonado, Taylor",1,16955.73338951829
"Brooks Gregory Garrett, and",1,25104.512461832048
PLC Howe,1,10410.036264902352
Gallagher-Bradley,1,22705.174071204023
Montoya LLC,1,42300.60505433303
Brooks-Gray,1,2688.887460392968
Hendrix-Hobbs,1,13359.863232889002
Franklin-Davis,1,20791.54544427703
"Shaw, Solomon and Aguirre",1,47281.78470950579
"Allen Stanley, Woods and",1,10994.08164285203
"Smith, Smith Gardner and",1,36440.98652101092
"Ford Simmons, Barber and",1,10880.682602793666
Lozano-Preston,1,14096.26389580555
"Banks Huynh Brooks, and",1,50095.96675508105
"Hall, Garcia and Watkins",1,28732.27108886954
PLC Holland,1,23276.11802968883
Inc Moody,1,35285.706388541155
"Luna, and Stephens Melendez",1,10861.814213718484
Gill-Peterson,1,9811.487769141368
"and Smith, Walker Hernandez",1,15668.275594298677
Kirk LLC,1,36617.045575695585
Washington-Parker,1,33260.39514324069
"and Schmidt Douglas Smith,",1,22491.70857279688
and Sons Houston,1,14450.765413758989
"Singh Thomas and Wallace,",1,4453.994445753891
Reilly-Hernandez,1,36384.041269537745
Jacobson-Mercer,1,4103.549257951968
"Green Robinson, and Cole",1,16578.641352358423
"Kennedy Andersen and Jones,",1,5937.163597639141
Hansen-Simon,1,49605.20941934498
"Anderson and Collins Campos,",1,13051.15650705523
Benjamin-Sanford,1,14047.138250599
Patterson Inc,2,40059.558971737795
Hernandez-Potter,1,21564.385650004893
"and Brown Figueroa Tucker,",1,3447.373936320928
Saunders-Perez,1,17120.20852361024
Woods-Davidson,1,7039.175353802279
Howard-Rosales,1,33003.325631181426
PLC Mckay,1,24064.974101404474
"Robbins Hogan Williams, and",1,24430.53023807815
Wiggins-Hansen,1,21777.424793626567
Roman-Fitzgerald,1,47586.2219700655
Campbell-Ferguson,1,5366.141414030001
and Dean Sons,1,14501.50612856969
Martinez-Garcia,1,24102.676616257275
Reynolds-Parsons,1,1583.2851550539103
Reed-Thompson,1,16841.220534707438
"Lewis and Pena Davis,",1,26161.114441676382
Butler-Montoya,1,26734.939425041575
Sons Murphy and,1,3608.671640139456
Valdez-Giles,1,35515.24815629145
"Warner, Lewis and Curry",1,35555.452343666446
"Ellis, and Villa Thomas",1,27868.186232210108
"Hartman, Wilson and Villegas",1,23760.909040380102
"Sanders Floyd, and Bryant",1,28040.72124678079
Ltd Patterson,1,47178.66388190649
"and Wright Carr, Marshall",1,26475.31383847417
"and George Davidson Bell,",1,34886.69684258862
"and Perez Johnson, Foster",1,44268.145876151844
"and Elliott, Rice Black",1,36538.28315235852
Duran-Turner,1,5867.434316042088
"Morgan Walker and Mcneil,",1,29042.46233897863
PLC Fry,1,33213.596845407614
Contreras-Hancock,1,22473.812807868435
Walker-Walton,1,28592.583354259266
Whitaker-Adams,1,30230.148813026335
Lawrence-Townsend,1,33981.3346655526
Case-Wells,1,27523.7183615416
"and Taylor Lewis, Evans",1,42492.891785196814
"Lee, and Jackson Mack",1,33758.091152394576
"and Bates Smith Wade,",1,23782.645429856548
"and Ball Osborn, Horton",1,19923.323933752086
"and Smith Wilson, Ortiz",1,16130.525246003632
"Glover, and Lewis Wong",1,33566.259728295634
Dominguez-West,1,22790.018837574615
"and Mitchell, Elliott Ali",1,38006.3003190064
Figueroa LLC,1,26644.724281351577
Davis-Benton,1,45799.863072065746
"Johnston Ryan, Nichols and",1,33863.0542153609
Casey PLC,1,37214.7462021813
Humphrey-Davis,1,37300.53164113356
"Figueroa Taylor, and Velasquez",1,5557.089173097717
Hogan-Sanders,1,38849.69544032475
"Jones, Evans and Smith",1,3312.0199964091335
Cole PLC,1,40241.48168135223
"and Jacobs Duke, Herrera",1,34479.826445676896
Chavez-Cooke,1,21561.626887557995
Williams-Howe,1,7488.2347877141965
"Hurst and Davis Sanchez,",1,16945.697263374033
"and Robinson White, Haynes",1,6345.545474986423
Kline-Reyes,1,4312.447432140389
"and Moore Williams Moore,",1,44950.30130174981
Wilcox-Taylor,1,29876.916947077323
"Morris, Rivera and Moore",1,13087.07686435354
"Acosta Trujillo Davis, and",1,12344.730229260642
"Perry Little, and Moore",1,29221.340207679114
"Williams Dillon White, and",1,30986.932516935438
Taylor-Wong,1,2691.0490643340904
Montgomery-Jones,1,31063.556789556795
Garcia LLC,3,92482.31265191743
Conley-Wood,1,50378.30056216691
Ellis-Roberson,1,42853.98906218331
Pineda-Daniels,1,31820.015268554056
Sparks PLC,1,23934.241144489588
Ferguson Sons and,1,36923.59392398491
Hart-Stone,1,45021.08133125609
"Rodriguez, Harris and Horton",1,9758.849794279859
Moore-Rodriguez,1,10417.220817455922
"Smith, and Collins Key",1,37489.44894801208
Welch Ltd,1,23605.62659182379
Martinez and Sons,2,64675.51030533392
"Sanchez, Nelson and Riddle",1,6353.430103082402
"Black Mcdaniel and Johnson,",1,51214.834358316715
LLC Fuller,1,22961.793061849992
Smith-Reyes,2,41001.56316552845
Inc Collins,2,38445.05962743172
Baird-Young,1,27725.052985326067
"Gordon and Scott Morgan,",1,49663.87283822507
Knight-Ball,1,36311.897248626774
"Cox, and Evans Adkins",1,23002.63578311538
Ingram-Richardson,1,48677.18977914562
PLC Stanley,1,25270.994795868613
"Fowler and Williams, Henry",1,16298.875239335737
Sandoval-Perry,1,15111.54122528277
Ltd Kirk,1,14858.084734659531
Castro-Brown,1,35276.5166511103
"Black, Zuniga and Reed",1,44994.73378798613
"Jones and Buck, Guerra",1,10848.96619859505
"Santos Yu and Kirk,",1,15135.749218470623
Hodges-Ross,1,7489.4405081456025
Daniels-Pham,1,15063.831490629726
"Hicks, Wilson and Johnson",1,19934.223659526706
"Wright, and Arnold Morrow",1,12496.246173343292
"Williams and Marquez Little,",1,3301.747858528126
Mcdaniel-Ruiz,1,3000.1808949368665
Rogers-Jenkins,1,25542.442534134312
LLC Daniel,1,38216.432936630656
"Klein and Marquez Lindsey,",1,43132.65857859465
"Rodriguez, and Reeves Byrd",1,46126.08754787034
Romero LLC,1,17391.214793483727
Ltd Perez,3,44326.64478313847
"Jones Chen Martin, and",1,22889.460433798547
Miller-Parker,1,40798.59999456073
"Macias and Perez Thompson,",1,27601.032417399376
"Sanders, and Allen Pennington",1,17267.561810356434
"Hill, Zamora and White",1,43036.24905005327
"Marshall, Peterson and Hickman",1,5517.837739585247
"Fitzgerald Dougherty, and Jones",1,26154.79713336192
"and Tapia, Thompson Gonzalez",1,12487.960190828726
Bennett LLC,2,14518.51568947517
"Romero Glover, Bennett and",1,12289.234954988568
Kennedy-Shaw,1,18172.753488063485
Stone-Robinson,1,6436.724193123395
"and Bailey, Martinez Cook",1,23301.042639789302
and Sons Anderson,1,26255.462960605142
Sons and Walsh,1,38630.939739365174
"Mays, Castillo Little and",1,42392.682605446054
Watkins-Strong,1,28124.588998341653
Rodgers-Harris,1,13187.574492372756
Inc Hoffman,1,16488.029697918173
"Hogan, and Wheeler Ray",1,15013.96102114035
"and Peterson, Price Schmitt",1,13663.440217357876
"Kane and Clark Williams,",1,35471.800813787006
"Tate and Walker Mendez,",1,26349.086707735674
Inc Riley,1,28416.81285822572
Mcdowell-Cook,1,34179.04315913691
Harris-Wilson,1,19497.94578265199
Mahoney-Mendoza,1,5320.305187364416
Beard-Oconnor,1,28599.755954224565
"and Lee Jones, Coleman",1,14298.933179153271
Benjamin-Patel,1,15774.562339750155
Fowler-Mcmahon,1,12014.612257220684
"and Bradley Travis Mays,",1,27013.500788190315
Myers-Garcia,1,24415.56973809632
Walker-Chang,1,29326.25963781892
"Robinson Mahoney, Jenkins and",1,37965.24895246721
Sons and Aguilar,1,7988.142976976778
Carter-Walker,1,26468.711989353396
"Hughes, and Forbes Nolan",1,19936.00833545065
Chambers-Bradley,1,28980.424845702113
"Ramirez Jordan, Cardenas and",1,10178.729802391315
"Fisher Woods and Webb,",1,34626.58126842129
"Perez Woodward, Jones and",1,18940.01743367856
"and Smith, Sanders Walker",1,28168.659749724808
"Bray, Wilson Alvarez and",1,45620.187248383496
Rogers-Perkins,1,35487.78114152866
Wright-Chan,1,13754.72247988187
Kemp Inc,1,11806.083140718729
Howard-Williams,1,39257.887137254234
Collier Inc,1,5662.934281965741
Robinson-Baker,1,10835.29315376436
"Chapman and Walter Smith,",1,7420.718644457085
Snyder-May,1,17530.36677388695
Waters-Davis,1,763.0532017406554
"and Romero Garcia, Moore",1,10002.120529258005
Cox-Fisher,1,33405.33273006457
"Harris Williams Young, and",1,27113.470414356292
"Torres Ramirez Gomez, and",1,28921.18798570923
Inc Avila,1,27111.28042624151
Watts-Valencia,1,47592.00926147693
Carroll-Guzman,1,11549.359102509698
Ltd Barker,1,2052.5296363442903
Harvey Group,1,1878.0073018178914
"Mitchell, Vasquez and Chaney",1,47735.38424265113
"and Perez, Bennett Townsend",1,9542.739708885467
"Pearson, and Lynch Oconnor",1,31444.08804062214
Santiago-Bush,1,10837.614583472854
"Williams, and Diaz Campbell",1,30299.196794971584
Warner-James,1,18654.94602970827
Long-Santos,1,31942.9225586576
"Lopez, Rodriguez Hodges and",1,48615.35286399213
Chen-Garrett,1,35726.304541690995
Boyle PLC,1,38896.40092179493
"Eaton Gentry Henry, and",1,32385.77333422417
"Rodriguez Oconnor, Snyder and",1,16923.735726833074
Davis-Mcpherson,1,46469.86367712008
"and White Malone Crawford,",1,31212.568265871185
Group Cline,2,62169.201153143076
Williams-Cooke,1,9157.777296316423
Group Underwood,1,32885.077718321896
Hoover Group,1,47941.92892122897
Johnson-Levine,1,42713.91597227877
"Fernandez Christensen, and Rivera",1,29033.61425214664
Williams-Reed,1,38487.71703721671
Neal-Brown,1,38186.13594767067
Small-Ramirez,1,2009.2646012690807
"and Evans, Franklin Huffman",1,36778.6460552387
Ltd Scott,2,97761.63145385834
"Gutierrez, Massey Chaney and",1,42840.4389842346
Diaz-Olsen,1,25659.065694913636
PLC Hanson,3,78089.06814307568
"and Thomas Brooks Owens,",1,35560.35440817617
Martinez-Erickson,1,24209.315754956744
Sloan Ltd,1,24155.83246287954
"and Dodson Yates Cook,",1,12635.09546314919
"and Williams Miller, Mercer",1,17941.679174661167
Ltd Guzman,1,33827.98818509658
"Ortega Rogers and Garcia,",1,11833.36878486824
Castillo-Jones,1,28637.80474921739
Jackson-Acevedo,1,40491.190159799844
Schaefer-Reyes,1,12305.219258448133
Armstrong-Wagner,1,2233.8199602346085
PLC Bailey,1,49833.475174154606
Ltd Escobar,1,33110.99153535716
"Meyer Harris, and White",1,3464.5310534311834
Hurst-Sanchez,1,11564.566820517915
Inc Padilla,1,35015.564919919954
Turner-Wilson,1,2478.4701473419445
"Newman and Colon, Knight",1,14327.513023739206
"Baker Knight, Liu and",1,10603.00515356968
"Martin Hall and Stark,",1,17755.46384380064
"and Banks Price, Chambers",1,36057.2595137404
Norman Inc,1,22483.988081212698
"Jenkins Kirk and Roman,",1,30371.481393828777
Mcguire-Johnson,1,24366.395029880674
Miranda-Todd,1,29460.15687915923
"and Lewis Butler York,",1,35593.49591171255
and Jacobs Sons,2,50023.80423569699
"Marquez Smith, and Chan",1,8372.955929033269
Brooks-Stewart,1,34906.963984076945
"Rodriguez and Brown, Keith",1,48541.180198005546
Hall-Peterson,1,20571.44732575651
Choi-Rush,1,46425.97598581049
"Lang and Holloway, Erickson",1,2700.2231479059446
Stark-Smith,1,16183.458636842159
"and Hubbard Johnson Green,",1,11997.235024033385
"Silva Gilmore, and Terrell",1,23855.351077852043
Trevino-Bennett,1,19327.212879691782
Villa LLC,1,39152.83901722086
Freeman-Buchanan,1,40791.55689132024
Barton-Myers,1,1015.1022265124788
Smith-Brooks,1,39125.672022619015
Inc Mclaughlin,1,20691.535416540726
Rodriguez-Rose,1,6866.620379020051
"Gordon, Collins Good and",1,42760.106696547795
PLC Pacheco,1,18619.239244447963
Zhang-Cole,1,26439.292190109838
Francis-Jordan,1,1574.4409266016723
"Palmer Estrada Mendez, and",1,45651.14041110521
Inc Graves,1,2477.676069853829
Yoder PLC,1,31059.87718449208
"Hicks Mitchell, Chan and",1,43051.087076327625
Cooper-Gutierrez,1,11718.34998254206
Rodgers-Nunez,1,3396.9632168785747
Gentry Inc,1,21542.181783221367
"Burns Lutz Huffman, and",1,8755.1387360068
Luna and Sons,1,18496.08582139806
Mccarthy-Bender,1,49004.5659342721
"Thompson, Payne and Taylor",1,12709.841468579487
"Hall Davis and Adams,",1,14764.458465880389
"Anderson, and Johnson Solomon",1,33854.67959917453
Chang LLC,1,8604.028677708231
"Martinez Gonzalez, Sullivan and",1,31792.730020163293
"Perry Collier, and Williams",1,37603.290486169426
Mejia-Holt,1,1390.7207549563047
Rocha-Campbell,1,10514.459282438364
Inc House,1,18127.64136858288
PLC Parrish,1,20442.359944793923
Aguilar-Parsons,1,22218.528108086808
Gill-Stewart,1,13906.706383289413
Inc Nielsen,1,15970.746076162019
PLC Sheppard,1,25737.38818711523
Collins-Yang,1,31184.130395836102
LLC Palmer,1,23902.428493118
Burgess-Price,1,40645.04147225928
"and House Lopez, Rios",1,29161.231598788472
Schwartz-Roberson,1,47959.3177824925
Lee-Pearson,1,39468.698219463804
LLC Camacho,1,24686.382084767563
Riggs-Gardner,1,40757.56980336487
Fitzgerald-Mills,1,31341.150562102393
"Martinez, Newman Larson and",1,40176.883793534704
Porter-Moore,1,28968.475635316394
Hatfield Inc,1,24740.449986586336
Jackson-Garner,1,25366.158900241186
Johnson-Ruiz,1,3775.4949253729897
Nguyen-Lopez,1,7168.005423057883
"Freeman King Hodges, and",1,7264.885037350545
Sons and Cook,2,66128.07352518404
Jones-Garrett,1,2076.325536040692
Williams-Peterson,3,30973.227486080243
Shepard Ltd,1,5880.213929393231
"Bates Gomez, and Larson",1,18189.853945399835
Bell-Santana,1,25624.728660754663
Lee-Livingston,1,27487.002739479198
Group Greer,1,43686.89449854437
Hill Group,5,113020.23621736807
"Wright and Greene, Arnold",1,36402.6107842138
Harris-Hooper,1,35913.86786710988
"Bennett, Pierce and Davis",1,17811.555997985062
Pearson-Gibson,1,33723.78823774595
Reyes-Farley,1,42564.76119659467
"Kim Adams Cohen, and",1,37406.03832898732
"Becker Smith Carlson, and",1,50143.24769924458
Higgins Group,2,75593.84587552372
LLC Lucas,3,107905.83477897402
French-Ramsey,1,17736.29901130111
"and Singleton Thomas, Wilson",1,25116.241991859664
Clark Group,2,45291.80841482806
"Burke, and Kelley Thompson",1,11185.302470434597
"Mays, and Walker West",1,25939.712728670213
Simmons-Diaz,1,24517.68496165819
Allen-Ferguson,1,9818.957977737597
Jones-Wall,1,32161.849586305365
Miles-Melendez,1,48426.7203181725
Johnson-Kirk,1,6737.149538792899
Harper-Thomas,1,11158.46244995761
"Lee West Williams, and",1,13661.21817343946
Young-Reynolds,1,40984.394703095764
"and Bryant Howard, Guerrero",1,29573.246846433005
Bell-Ramos,1,24512.330721143364
"and West Rodriguez Parks,",1,9320.808645534484
Davis Ltd,6,110935.46917882358
Zavala-Sanchez,1,34180.657176123095
Austin-Evans,1,39176.81371632306
Thomas-Walker,1,13779.992844248747
Frank and Sons,1,24674.84567136005
"Frank, Ballard and Moore",1,12964.935850344062
"Barton Dunn, and Flores",1,14688.497725152129
Hendricks-Hart,1,21744.51077051526
Lucero-Jacobs,1,19974.504465187805
Flowers-Crawford,1,38978.65692440594
Clark-Costa,1,36514.433276014686
Ltd Porter,3,67173.31416595711
Hernandez-Anderson,2,51836.73266917221
"Cowan Lawson, and Warren",1,26900.923773623243
Simmons LLC,3,105597.7273434051
"Orr Harvey and Gross,",1,44212.71571578755
Nguyen-Choi,1,38720.48406442112
"Mooney Jackson and Phillips,",1,26636.631997613626
Hunt-Ballard,1,45636.669268149264
"and Garcia Browning, Gibson",1,9571.63930183985
Dunn-Dean,1,41725.20736406889
"Lynch, and Pittman Harris",1,23271.846724655246
Sparks-Anderson,1,4544.875692176421
Sons and Perez,1,43125.15936105239
King-King,1,25345.98233004536
Group Schmidt,1,42678.18786526514
Blevins Sons and,1,27917.730786044536
Perry-Collins,1,33259.534840163535
Perez LLC,2,70492.7028602778
"Costa, and Walker Mcdonald",1,47147.0714121285
Lara-Diaz,1,40372.39990277967
LLC Hebert,1,37106.1370562986
Patterson-Lopez,1,12563.335867754296
Chase-Bradley,1,9858.037042362525
Lara-Knight,1,21317.475093505396
Phillips-Nelson,1,18137.889002536405
"Hayes and Hanna Hudson,",1,23757.73695083784
Harper-Odom,1,39592.309359360384
"and Mathis, Chen Nash",1,6708.548525375892
"Taylor and Thomas Perry,",1,32181.383904306364
Woods-Walter,1,28334.127256372805
"and Knight, Sandoval Black",1,31658.898179184293
"and Davidson, Lopez Kim",1,8036.375945520811
"Brown and Duran, Fox",1,8432.679060125733
Webster-Thompson,1,2569.6882081315603
Gray-Green,1,21379.180820782898
and Kim Sons,1,32974.15078079376
Walter-Hooper,1,16402.81232217108
Alvarado-Bradley,1,44947.06464675184
"Harmon, and Keith Scott",1,42039.685207603456
"and Williams Leach Flores,",1,43919.47548135401
Ltd Rivas,1,19248.97647103558
"Winters, and Cox Black",1,35391.24336323879
Lopez-Rivera,1,43470.37054056864
"Logan and Randolph, Wells",1,24737.652588304627
"Martin Thomas, and Gibbs",1,25018.150162351667
"Bautista, Hernandez and Smith",1,16010.406447522535
Osborn-Long,1,38656.704139781556
Simpson-Alvarez,1,40412.43691609084
"Lopez Fernandez, and Barr",1,43163.81789245731
Guzman-Daniels,1,38804.17763882689
Moore-Rocha,1,2072.3196406667207
"Thompson Morton and Brown,",1,10063.580715994716
Estrada LLC,1,33492.084830398
Jackson-Simpson,1,1339.8998031969231
Perez-Serrano,1,32243.887988580205
"Wood Byrd, Copeland and",1,44417.3985139162
"Martin, Williams Hamilton and",1,43950.22865432908
"Holmes Warren, and Barnett",1,3214.2883760580576
Ltd Gould,1,16536.103632411152
Campbell-Martinez,1,3197.500504530043
Christensen PLC,1,4584.097502440599
Group Madden,1,46173.64979471947
Hunt-Myers,1,19609.631305169285
Jenkins-Banks,1,44521.489663762695
"Weiss, and Ryan Anthony",1,37308.31055168246
Group Horton,1,24209.97839176147
and Sons Reyes,1,29504.387442211457
Cruz Ltd,4,105155.9039858285
Ltd Osborn,1,5223.5020813440515
"Gomez Ray, and Jones",1,10836.211217334956
Parker-Shannon,1,40196.82527780484
Cooley-Reid,1,41311.29390113734
Lester-Fletcher,1,22257.609373733947
and Sons Sanders,4,88768.29394704573
Ward-Mayer,1,49118.59126152389
LLC Smith,16,333915.3189886478
Graham-Smith,2,56589.610856574815
"Rodriguez and Becker Holmes,",1,35520.396823340634
"Wright, Holmes and Mason",1,25983.670945562604
Nelson and Sons,3,98469.64747615374
Fitzgerald and Sons,1,40236.824546908916
Wilson-Hernandez,1,6890.1176465839635
"Graham Knight, and Griffin",1,21230.53218815398
"Freeman and Fletcher Patton,",1,21182.132505192436
Delacruz-Watson,1,46157.428827085845
"Fisher, Moore Jackson and",1,35041.224094410674
"Greene and Garcia, Wilson",1,40929.58504319716
Willis LLC,1,24830.57721939121
"Escobar, and Ward Lawson",1,20763.578313283757
"and Lindsey Smith, Gay",1,31131.40571132695
PLC Watkins,2,23148.79573239304
Lane LLC,1,13883.250409169856
"Brennan Scott, and Gonzalez",1,27572.78681502402
Ltd Salazar,2,41957.90996225417
Sons Walsh and,1,3714.52596487119
"Mata, and Gonzalez Jones",1,32178.964795119053
Group Kelly,2,45327.486691174665
Sons Kim and,2,59612.01235866821
Adams-Mcgrath,1,9478.332331598753
"Williams Smith Perez, and",1,1314.8417410887528
"Clarke Hunter and Jones,",1,21491.235795808272
Inc Juarez,3,24174.894769407834
"Wood Black, and Kelley",1,43031.19296295528
"Munoz Ward Benson, and",1,3990.8744447185477
Cordova-Vega,1,28090.909889792205
and Sons Gray,2,36424.01648206722
Mitchell Sons and,1,3958.9058532479094
Gordon-Turner,1,42562.34762946041
PLC Watson,3,99751.38760955966
Rodriguez-Burke,1,33827.90174695609
"and Jordan Hoffman, Turner",1,3561.6570881450216
"and Jackson, Raymond Valdez",1,37410.02960864135
Holmes-Castaneda,1,46603.06050735855
"and Craig, Moyer Baker",1,37601.466299354186
Ltd Stein,2,80784.50073487204
Reed and Sons,1,23305.024776440518
"Marquez, Rodriguez May and",1,13972.312940647349
"Hess and Sexton, Le",1,39979.643019698044
"and Singleton Wells, Glass",1,17611.588185942343
"and Kelley Roberts, Campbell",1,34405.70762791641
Dillon-Moore,1,21113.17690731854
"Miller Kelly Barnes, and",1,49024.40557597748
"and Rodriguez, Flores Hess",1,40136.02490861887
"and Hodge, Stephenson Jones",1,35432.62065702952
Donaldson-Flores,1,9967.871690266182
Ltd Baldwin,1,30061.020818582147
Turner-Thompson,1,1134.473713003318
Morgan-Lee,1,23688.570550626733
Austin-Shields,1,8435.631334363286
Branch-Bailey,1,18355.265330045233
Group Sanchez,3,73472.80537282574
Miller-Young,1,44822.463680244095
Becker Group,2,53457.6509502436
Morris-Kirby,1,29655.92961187424
"Anderson Morrison Hahn, and",1,17310.184712209404
Young PLC,3,49439.1387845388
Martin-Rosario,2,70264.4719333511
"Parker, Kemp Tran and",1,20214.696086249995
"and Lopez, Campbell Cooley",1,7794.594105265497
Fleming-Diaz,1,26267.98265873418
and Hunt Sons,1,7173.161473293418
Campos-Flores,1,4813.657112585166
Stafford-Cole,1,5518.918964489202
Mcknight Group,1,45571.059335428225
Jones-Kennedy,1,47809.27847808092
and Grimes Sons,1,22284.09075397022
Tucker-Kelley,1,46759.01369292324
"and Gonzales, Strickland Savage",1,11663.312442061442
Richards PLC,1,42756.53266243233
"Rodriguez and Fernandez, Alvarado",1,5908.196818095642
Ritter-Bennett,1,7669.422128524412
Gomez-Thompson,1,34590.04600933925
LLC Walsh,1,51198.11850683697
Waller-Rivera,1,15293.34820907231
"and Cabrera Williams, Delacruz",1,23656.053373922023
Lozano-Maldonado,1,40225.35911616088
"Reynolds Atkinson, Davis and",1,11807.18009270637
Becker-Perez,1,5226.662216009501
Gomez-Haynes,1,35882.5208898959
Barnes-Obrien,1,22723.554847525174
"and Baker Davis, Brooks",1,6856.3159113022375
Mitchell-Campbell,1,46950.91209603099
"Huber, Salazar and Black",1,4859.475859818458
"and Melton English West,",1,49959.25911606733
"Rivera Welch and Black,",1,39630.117388881976
"Johnson and Wright Brady,",1,41602.82212473745
"Murphy Wall and Long,",1,4893.064699375958
"and Jackson Bradley, Rodriguez",1,22456.770351597177
"and Caldwell, Thompson Saunders",1,17705.931113813156
"Patterson and Diaz, Smith",1,41201.08526772089
"Thompson and Ballard Wilson,",1,42785.05137954205
"Flores and Reynolds, Reyes",1,2147.353772399277
"Ramos, Jackson and Gonzales",1,3837.1094904320203
Irwin Ltd,1,21031.483987785206
Curry-Burns,1,7228.481448015128
Peters LLC,1,38819.65735942395
Allen-Lowery,1,43439.286455101595
LLC Burch,1,6005.101935398023
"Dixon and Scott Rogers,",1,13201.783469864557
Bradley-Brooks,1,9488.91070111045
Stone and Sons,1,10670.776231099953
Ward-Hunter,1,19407.723734585106
"Smith Dorsey Guerra, and",1,35940.95537156817
"Perez, and Curtis Short",1,8669.12063818184
"and Delgado, Johnson Taylor",1,32535.60915348353
and Sons Valentine,1,43999.39294146095
Sons Rich and,1,50119.222791548505
"Travis, and Richardson Hampton",1,23673.721739330173
Zamora PLC,2,62234.79255247787
"and Ray Wood Barrett,",1,3553.8964713686455
Carr Group,2,43385.496110899665
Moss-Jones,1,16670.012562658787
Barnett LLC,2,66299.00110265875
"Jackson Collier and Delacruz,",1,644.3744071601363
Gutierrez-Medina,1,9995.723252287422
"and Martin, Simpson Hall",1,2570.4829334678243
PLC Lopez,5,62944.44985981894
LLC Sullivan,2,86369.42346008171
Robertson-Richards,1,28222.728924578823
Lewis-Foster,2,81206.85892745206
Lamb-Matthews,1,13669.189905801093
Terrell Inc,1,38808.07504405527
"Pace and Hughes Phillips,",1,3302.5621129496585
Santana Sons and,1,43348.85927995698
Miller-Brown,1,16642.979063456594
Mcmahon-Gomez,1,7263.6737854954445
"and Torres Evans, Kane",1,28587.7145094876
"Fowler and Allen, Holt",1,12451.158759345803
Ltd Adams,4,66863.8731146678
"and Wu Baker, Ray",1,37949.892021176376
"Williams Perkins and Watkins,",1,30188.927108436827
Brown Inc,8,195875.49149891472
Whitehead Ltd,1,15850.894849349464
"Marshall and Contreras Garcia,",1,30404.613890513414
Barber-Lang,1,5814.057681865719
"Walker and Huffman Fernandez,",1,6404.921037278593
Simmons Group,1,48460.188579793365
LLC Nolan,1,21202.710283240027
Tran-Riggs,1,29743.8326113058
Burch PLC,2,67789.98320208218
Smith-Jenkins,1,39086.14898013363
Davis-Caldwell,1,2956.210321233503
and Scott Sons,1,42079.04504070805
Thomas-Hall,2,62991.237755116075
"and Gates Stanley, Brennan",1,2437.435883459568
Curry-Kim,1,28579.928066413173
Ltd Haas,1,23232.286067684432
Roberts Group,3,48436.392806868695
Valenzuela-Young,1,24704.194760732527
Henderson Group,1,5561.283519449581
Roman-Brown,1,40205.627312747325
"Martinez, Thomas Avery and",1,38005.37284990297
Inc Hudson,2,39561.23043790756
Marquez-Hahn,1,6319.162663736397
Brown and Sons,3,73462.75302819247
PLC Luna,1,44571.86039363914
Davidson-Wilkerson,1,26704.596660869818
Baker Sons and,2,71687.738690081
"Taylor Nichols, Mason and",1,41034.43965606435
LLC Todd,2,22539.00718841111
Ford-Salas,1,34378.16634180411
Ltd Koch,1,6225.742190179021
Ltd Lloyd,1,49133.565322044764
Stephens Inc,1,43350.736666670884
"and Carter, Mitchell Mendoza",1,46936.410166852744
"Martin and Brown Stokes,",1,46727.08799066796
Monroe Ltd,1,42455.57010740574
"Black, and Erickson Nunez",1,44213.67712147619
Group Fuller,1,31192.649065526704
Greene-Walker,1,13497.012618597779
"and Hancock, Robertson Ortiz",1,50306.49004896564
Deleon-Roberts,1,23553.906904292755
"and Bailey, Baker Lewis",1,20145.027867732082
Ltd Cooper,1,19729.170358595693
Webster-Reyes,1,9023.909558457075
Lynn-Shields,1,28529.43294972712
Perez-Russell,1,19314.826708536624
PLC Barr,1,10808.298806728835
"Vasquez Jimenez, and Barron",1,38759.6908304738
Tapia Inc,1,13961.351334487665
"and Berger, Ramsey Lopez",1,26552.092594648257
Gross-Hickman,1,28392.27739514413
Dorsey Ltd,1,1903.8792234092673
Ltd Hardy,1,48160.208085486
Lopez-Saunders,1,27702.952732016325
Ramirez-Thomas,1,36652.977324939464
"and Adams Walls Knight,",1,11717.074177359123
LLC Hobbs,1,30877.216825094078
"Haas Jenkins Perry, and",1,4689.365063905054
"and Trujillo, Velazquez Sandoval",1,20969.884416256624
"Blackwell, Wilkinson and Cummings",1,15860.632509296
Alvarado Inc,2,37515.810658575014
Page-Foster,1,26309.332487741875
"David Gomez, Mcclain and",1,49115.088794169555
Underwood-Guzman,1,35711.94659049346
Williams-Goodman,1,34714.84563805404
Dennis-Armstrong,1,48158.698387861965
Craig-Freeman,1,2464.628426762055
"Morris Parks, Marshall and",1,4078.841651931194
Murray-Carter,1,43462.53715447128
Group Hampton,1,15031.35932541694
Hall-Cox,1,47231.0948146128
"Estrada Russell, and Bright",1,3978.376225448378
Holland-Richardson,1,15142.042817226755
"Johnson and Wagner, Perry",1,39739.752484217985
Frost-Beltran,1,23164.172071030196
"Terry Carter Davis, and",1,3605.1280714179857
Anthony-Clark,1,2788.7025894933204
"and Pierce Woods Hall,",1,1690.3691537413154
"Lewis Johnson Peterson, and",1,24929.51979419269
Anderson-Estes,1,42408.58197254974
Bridges LLC,1,38834.89298914951
"and Hendricks, Davis Cole",1,24005.041164715916
Lang-Hill,1,45300.45097575511
Hart Sons and,1,4554.238868343468
Nelson-Keller,1,44447.610174852045
Tapia-Cook,1,34646.64377474538
Lowe-Ramirez,1,43844.74032756661
Flores-Wilkinson,1,6240.413042202658
Smith-Doyle,1,18691.602318142744
Rangel-Martinez,1,38498.703805773715
James-Cunningham,1,13647.489110996501
Sons and Hammond,1,19623.977351501104
Valdez-Smith,1,24871.248403636855
Vasquez-Wise,1,45257.98886428485
Rodriguez-Franco,1,45072.418258941034
"Johnson Garcia, and Anthony",1,44355.20415019394
Johnson-Garcia,2,20163.69679550803
Mills-Petersen,1,46186.16324824732
King-Henry,1,7538.411977553317
Jacobs-Thompson,1,36836.3534041402
Randall-Castaneda,1,44231.80391859678
"and Huff Reeves, Dennis",1,-576.7279068246007
Bradford-Andrews,1,23792.250161739168
"Baker Elliott and Miller,",1,42230.593911981974
LLC Hall,2,59111.7477575519
Clark-Riley,1,37012.866485635044
"Larson Mayer Smith, and",1,40371.16266324202
Harding-Fisher,1,15220.723594082752
"Williams Scott Melton, and",1,4795.254487515699
Rowe-Hayden,1,11651.077759948876
"and Friedman, Nichols Lewis",1,37838.47589504047
"Jackson, Griffith and Conner",1,15819.884422136407
Carroll-Daniels,1,42554.55247510723
Mathews Ltd,1,672.3353000133351
Pierce-Navarro,1,40075.910864675694
Pena-Golden,1,37149.06652501387
Young-Johnson,3,97081.22431926004
"and Campbell Kelly, Cooley",1,15619.941891171995
Walters-Lopez,1,2764.5432899258335
"and Lee Zamora Horton,",1,9876.795935782648
Cross-Stephens,1,14075.864918250389
PLC Hernandez,3,94930.25642061318
Moore-Willis,1,49538.15154791692
Hall-Duran,1,49471.68609010257
Ltd Lopez,4,140337.73906864054
Chavez Group,1,20005.195320618015
Arias-Allen,1,35636.37703449842
Hall-Hunt,1,31086.739712463972
LLC Tate,2,13468.100628689403
Suarez Inc,1,40170.0677860682
Ltd Acosta,1,25964.22691949608
Inc Rhodes,1,28604.655930054338
Luna-Avila,1,20128.04513138165
Gallagher-Knight,1,16833.101251787997
"Nash, and Macias Levine",1,46598.926902557236
"Miller Duarte, Rhodes and",1,8294.345373182196
"and Collins Raymond Rivera,",1,32223.108406757612
Ortiz LLC,1,3490.330164425798
Luna-Taylor,1,38742.57663585589
Walker Inc,3,48554.78669792984
Adams-Krause,1,51144.91573779364
Mejia-Owens,1,18360.00109163259
"Mckee, Wright and Richardson",1,12917.149864991243
"Morris, Smith Carter and",1,10618.868707139933
Choi Ltd,2,41421.846519160565
Gates Inc,1,7761.276222397857
Group Ramirez,1,29867.15370611647
Ltd Miles,2,56689.14677869332
"Thomas Williams Bailey, and",1,1402.9772984377223
Snow-Turner,1,18413.10430287495
"and Scott, Hall Carr",1,34384.80953456389
Smith-Rojas,1,43912.28117527184
Pollard-Moore,1,31960.620921832586
LLC Vasquez,2,62995.32287975038
PLC Harrell,2,55720.20623183122
Ali-Harris,1,26999.38083224411
Medina-Mcbride,1,46061.860855843435
"and Smith, Johnson Wilson",1,6019.148500683979
"and Carpenter Campbell, Smith",1,22013.751782004056
Potter-Campos,1,36637.66011373169
"Mcdonald and Turner, Smith",1,9300.251799638323
Davidson LLC,2,78324.95767928922
"Martinez, and Lee Paul",1,9695.482946727305
"Farrell Cordova Lester, and",1,35315.36003973774
"Farmer Gonzalez Nichols, and",1,13544.428088673405
Sons and Murillo,1,13355.070750890458
Johnson-Mueller,1,14774.978836095044
"and Adams, Martin Franklin",1,4760.286979508973
"Clark, Walsh and Rodriguez",1,27837.5606171796
"Hanson, and Buchanan Davis",1,37480.75105466047
and Sons Parrish,1,23588.365622428108
"Johnson Meyers and Novak,",1,9917.250527318707
Buckley-Smith,1,41574.77418098669
Ltd Boyer,2,85049.38581866713
Castillo-Barrera,1,20949.444110873592
"Dorsey, and Hines Gibson",1,8610.916066121912
Hill-Hill,1,35661.7799706079
Edwards LLC,1,38653.12720868448
"and Kennedy, Craig Watkins",1,27118.853659946613
"Stanley and Walker, Jenkins",1,31033.088701657576
"Schmidt and Allen York,",1,11312.570827012658
Montgomery-Drake,1,30029.50585909805
"Garcia and Anderson, Bailey",1,25807.49607531093
"and Haley, Wheeler Ramos",1,4091.4052884669522
Warren-King,1,48594.88361029584
LLC Huang,1,33066.07819456759
Fischer-Henry,1,7414.054093499682
"Perez Hobbs and Moore,",1,3721.472010945632
"Stone Reese and Lam,",1,45956.06451520335
Guerrero-Ibarra,1,7643.788797574463
"Williams Maynard, Reed and",1,21887.08061724687
"Harper Miller and Hernandez,",1,7702.693000963265
Group Miles,1,11527.63739726612
"Cooper, and Smith Sparks",1,26794.607629779963
"Garcia and Johnson Maxwell,",1,43595.702818192345
"and Ellis Chandler, Carter",1,49345.99389809927
Williams-Fritz,1,15504.10244394615
Esparza-Ruiz,1,29021.195663100178
Moore-Farmer,1,26926.215957260643
"Hudson and Montgomery Rose,",1,16444.005509214
Shaffer-Nelson,1,8953.639478420388
Reed-Cross,1,29050.741985033823
"and Mccarty Mata Lewis,",1,16536.69694377928
Boyer-Williams,1,4255.333018902744
"and Duncan Gray Mata,",1,27166.325689529916
Huerta-Cabrera,1,18665.20565345127
LLC Downs,2,38648.87288925319
"Gonzalez Sanchez Campbell, and",1,42734.39387919978
"and Wall Mcclain Valdez,",1,19825.533929979
Harris-George,1,39118.73053908775
Mendez-Mcclure,1,9659.164202566672
Hicks-Dunn,1,32123.247110652905
Arnold-Rivera,1,40115.06098521934
Torres-Craig,1,42395.95184501255
Group Daniel,1,26108.64663064416
Mitchell-Williams,1,9115.996687483323
Trujillo-Cooper,1,36985.52340287137
"Jones and Taylor Baker,",1,4248.798817485193
Livingston-Spears,1,44781.23567928629
"Ramirez Clay and Jones,",1,23745.883346219536
White-White,1,14238.317813937623
"and Dixon Taylor Hunter,",1,10645.565853008928
Ruiz Group,1,7391.534745436652
Wood-Herring,1,32990.19438695822
"Gross, Thompson Smith and",1,3782.741415790858
Scott and Sons,2,67560.72868772017
Group Graves,1,13763.98316266533
"and Higgins Mckay, Cruz",1,17338.246449370265
Johnson-Mitchell,1,7093.997461527426
Inc Griffin,2,65407.57789345717
"Smith and Delacruz, Poole",1,34828.81274233561
King Ltd,6,197004.73555493538
Pearson-Nguyen,1,19953.038163535934
Ltd Estrada,2,44018.236704848736
Nolan-Kelley,1,45259.84573179113
Thomas-Lawrence,1,15681.643633718155
"Richard, Garrett Gomez and",1,22721.57452593435
Fleming Inc,2,58235.31356767399
"Horton Orozco Kirby, and",1,42257.57821595895
Inc Chapman,2,16091.629118393263
Sanders Inc,1,24177.409605819495
"Hale Meyer, Smith and",1,18798.867815612317
Jones-Washington,1,40536.91450411599
"Murphy and Rodriguez, Brown",1,6374.484080771855
King-Schultz,1,29836.721152748418
LLC Nelson,2,24158.882004095918
"Armstrong, and Clayton Nguyen",1,11157.507682215512
Dorsey-Rodriguez,1,12415.004098789184
"and Cardenas Perry Browning,",1,20950.022453698482
"and Leon, Casey Walls",1,35159.97792240888
Rasmussen Ltd,1,41174.544806679
"Lopez and Peterson Mitchell,",1,27108.344378219586
"Sanchez Cruz and Rose,",1,22894.728056271648
and Webb Sons,1,43960.42474541329
"Brown and Randolph, Young",1,-43.09852158891363
Hutchinson-Haney,1,34676.04278894955
Sons and Barrera,1,38105.352155132685
"Thompson Dean, and Dorsey",1,28160.58560312274
Morse-Smith,1,38733.97478360752
Russell-Tucker,1,24116.009526353202
Wells-Schmidt,1,21462.114162884885
"Owen and Tucker, Rowland",1,33427.37228043186
LLC Liu,1,8555.58751828522
Buck-Shah,1,42908.847796927665
Boyd-Robinson,1,29509.688783104823
Walters-Perry,1,2708.042406334774
Beck LLC,1,22284.106312394182
"and Joseph Thomas, Luna",1,2769.928118158582
Barnett Group,2,54718.634850524875
Inc Cooper,2,35099.019653043724
PLC Logan,2,53793.34601968139
"Parker, Rodriguez Hodge and",1,12054.32923149152
"Brown and Evans, Smith",1,33335.51494148957
Cooper-Robles,1,25120.161895322624
and Odom Sons,1,17241.170109654267
Andrews-Evans,1,18533.038151713303
Mercer-Powers,1,24850.95502114499
"and Valencia Rivera Vaughn,",1,26169.709193995826
Davidson-Woodward,1,23867.24354871097
Warner-Chaney,1,2700.3815420137257
Freeman Inc,2,60776.684890125245
"and Hernandez Farmer Clark,",1,10919.51164047789
Smith-Bradshaw,1,15954.45409178789
Turner-Vang,1,30548.69060514171
"Doyle Smith, Nash and",1,7891.665304012009
PLC Mccall,1,43173.01586374636
"and Ortega Harrell Thomas,",1,47501.21953786042
"Hopkins, Compton Lewis and",1,50831.67641686653
Ayala-Chavez,1,25117.569841871267
Vincent-Schroeder,1,14151.808917763527
"and Alexander Espinoza Stone,",1,5953.109451480854
Smith-Graham,1,2550.1303709666067
"and Small Gonzalez, Kaufman",1,37737.8453434111
"Potter Sanders, Wilson and",1,35512.02184673534
"and Avila, Oconnor Brown",1,42387.74841096518
Reeves-Lloyd,1,19097.311676232002
LLC Holloway,1,39099.26838864017
Robinson-Meyer,1,40045.4645198862
"Tate Wolf, and Thompson",1,21674.92984484768
"Hall, and Howard Stewart",1,27483.271369938717
"Graham and Williams, Gonzales",1,26780.31034990673
"and Chavez Villa Atkins,",1,48341.22305782742
Duarte-Vargas,1,6982.826560450798
Wilson-Castro,1,68.90974653982539
Joyce-Vincent,1,34370.789580639204
"and Tyler, Gomez Chavez",1,5053.786615818189
Wade-Garcia,1,3649.4823383465396
Horn and Sons,1,47716.88394583111
"and Gamble Salinas, Nash",1,16148.05595502537
Reynolds-Salazar,1,7039.556332130521
Dunn-Wall,1,19310.261817967694
"Johnston, Hensley Jones and",1,37905.30958376945
"Fitzgerald Parrish Harris, and",1,32427.47248753531
Sons and Gates,1,21979.292758513686
"Daniels Serrano, Smith and",1,16424.0726004551
"and Burke Wright, Kennedy",1,5309.359757421761
"and Shepard Ramos, Saunders",1,36680.22642447545
Baker-Sanchez,1,44066.60066530727
Abbott-Coleman,1,19751.9994965723
"and Olson Edwards Davis,",1,20084.228678325097
Rogers-Lynn,1,18307.03508465027
Inc Shelton,1,22262.175125329486
LLC Jennings,1,17529.560007927692
Stone-Warren,1,11025.224943422572
Fitzgerald-Morris,1,14460.680116426893
"and Pierce Drake, Hoffman",1,19726.408548761137
"Cobb, Osborne Hatfield and",1,46607.38139619349
"and Reed Davis, Rodriguez",1,42634.01032514343
and Wolf Sons,1,23292.630632644396
"and White Wilson Morse,",1,17641.12407551882
"Pena Moore and Colon,",1,28199.235003776324
"Peterson, Barnes and Gordon",1,24358.782551540207
"Bradshaw Clark, Riley and",1,7130.320949755439
"Leonard Hanson Mcdonald, and",1,12118.122017473363
"Fowler, Taylor and Hamilton",1,7164.286405452098
"Green, Boyle Martinez and",1,35337.45085518782
"Whitney and Duncan, Saunders",1,30676.550194098407
Boyd-Forbes,1,35543.87987433276
Sullivan PLC,1,5411.871613606666
"Dixon, Harris Snow and",1,25782.263102535257
"Norton and Cantu Summers,",1,44756.79061475709
Stewart-Joyce,1,23895.292602774418
"Blair and Nelson, Stephens",1,4546.701032923942
Jenkins-Allen,1,28139.255665619294
Sons Brooks and,1,21419.3585951229
Forbes-Martinez,1,16895.680124730075
"Williams and Mccarthy, Garcia",1,14524.258409665714
Nguyen-Hunt,1,25048.045228660652
"Howe and Duncan, Green",1,49530.06766044764
"and Davis Powell, Rodriguez",1,28966.541256878292
Moody-Wilson,1,48924.34135380505
"Cunningham, Chung and Green",1,39969.67274203636
Carroll Inc,1,27645.466372935367
"and Davis Miller, Hartman",1,47268.82125145117
"Young, and Miranda White",1,43969.845741005774
"and Mcclure White Boone,",1,21784.44507072369
"Rivas, Mcconnell Hill and",1,34719.17385017646
Murphy Group,2,56152.03394562579
"Johnson David Carpenter, and",1,5407.728754517549
"and Reynolds Moore Martin,",1,32363.644181923733
Cunningham Group,1,33449.559001325666
Rivera-Norton,1,10757.122920715588
Patel-Hanna,1,40623.262035928725
"Taylor, Ross and Jones",1,21622.88271746064
Andrews PLC,1,21768.337386425428
Hull-Murphy,1,49723.61069486382
"Franklin Gentry and Kennedy,",1,43279.727770244535
"and Marshall Harris Marks,",1,34840.935171925295
Davis-Lee,1,8572.069355792377
"Smith, Roberts and Morris",1,20484.084613781415
Woods Ltd,2,72077.38007126808
"Cochran Whitney, and Novak",1,41808.53281885866
"Bullock and Peck Morris,",1,24954.09505334066
Bender-Yang,1,18794.330880412403
Nichols-Williams,1,29999.388140563176
Williams-Wilson,3,85255.35635228976
Inc Cruz,2,52843.44295066462
Thornton-Pierce,1,43327.13267264539
"Edwards, Robinson and West",1,42039.86679560414
Mahoney-Cooper,1,15522.63741263111
Peters Group,1,13761.518206463452
LLC Joseph,1,33800.49716008106
"and Edwards, Hancock Owens",1,25984.668456295254
LLC Rivera,3,65447.394380644655
Nelson-Reid,1,24031.32620536427
Bowman-Weaver,1,28559.45770859996
Schneider-Medina,1,46862.316239791646
Decker Ltd,2,25272.412693136754
Hart-Patel,1,20488.505392354582
Sons Callahan and,1,30612.988246246703
"and Ramirez Johnson, Day",1,44182.888402312965
Mays-Thomas,1,33563.507974806555
Reed-Maddox,1,27129.728484526044
Roberts-Whitehead,1,20353.910734125322
"and Ferguson Wilson, Martinez",1,7885.1242617329335
West-Newton,1,40879.03739995359
"Kim, and Rodriguez Page",1,44167.696325969046
LLC Shaw,3,31117.237510841074
"Hartman Johnson Smith, and",1,41157.046859996844
Scott-Thompson,1,5705.100078246822
Rose PLC,1,18971.919090887925
"King Manning, and Padilla",1,28593.69939248632
Garcia-Faulkner,1,8490.069752804608
Thomas-Myers,1,49625.03778561086
"Prince, Johnson Brown and",1,23662.132216617705
Kaiser-Mejia,1,6581.1221697066385
"Cline, and Brewer Smith",1,22278.33287772622
"Mcfarland, and Simon Bailey",1,13658.790069337685
Keller Ltd,1,23563.999511736612
"Fields and West Brown,",1,28927.27166672303
Wilson Inc,5,103166.6567225788
Johnson-Crawford,1,20781.394009304724
Stone-Lopez,1,43899.374800509424
"and Wilson, Stevens Grant",1,8496.054219553334
Jones-Miller,1,38841.578560432165
"Richardson and Miller, Clark",1,33945.49963225949
"Alexander Martinez, Love and",1,47267.18132984891
Ross Ltd,1,36374.91055713428
"Patel, Reynolds and James",1,22062.510646671664
Moody-Carter,1,14087.313577087742
Mccall Inc,1,18547.42664089116
"Floyd, and Warren Strong",1,12569.764305308327
LLC Houston,1,45729.38764700766
"Mclean and Lowe Barnes,",1,10132.192031460652
Carter-Richard,1,41208.30178656974
"Graham and Wheeler, Holt",1,7312.556371751269
"Leblanc Anderson and White,",1,48241.113115749904
Gates-Hill,1,18960.74379669415
"Lee Burns, and Mckinney",1,13091.904007445237
"Preston, Miranda and Anderson",1,7168.8739374165425
Bailey-Tucker,1,2322.558781243556
Sons and Vargas,2,30986.500647147983
Sparks-Wu,1,16385.80635800203
Hatfield-Cooper,1,25532.572419039167
Harper-Hampton,1,47541.5161772096
Perez-Contreras,1,25525.993308094923
"Greene and Sawyer, Hayes",1,19806.015412091023
Carter-Holmes,1,36931.83146659506
"Evans Stewart Green, and",1,22342.26826632089
Clark-King,1,27733.961712908425
Reed-Jefferson,1,39101.65956958997
Kelley-Rodriguez,1,935.5069929942036
Warner-Kent,1,18660.78584408473
"Mckee and Valencia Morris,",1,7202.16182774989
Group Holmes,1,21644.520255204767
"Smith Robertson, Dixon and",1,40557.930038054656
Wong-Sullivan,1,25356.476356582705
"Smith Baxter, Ayala and",1,551.7021900574905
"Burns Mckay and Lawson,",1,45856.728955882296
"Peters Robinson Thomas, and",1,13266.309678140062
"Hoffman Lopez, and Sullivan",1,46633.09997202001
"Zuniga Pham, Morse and",1,22186.49308787266
"Meyer Pierce, and Lindsey",1,38037.988279957266
Osborn-Newman,1,39155.16574188615
Hensley-Hernandez,1,9859.828359309855
Harris-Campbell,1,46700.31955837
Myers-Whitney,1,47020.30521830801
"and Garcia Morris Cunningham,",1,48290.69340736419
Ltd Hernandez,8,242881.35525604503
Johnson-Wilson,1,35419.512965816204
Ramirez-Taylor,2,83917.24480962564
"Russell and Randolph, Lawrence",1,2641.016179448146
Group Hudson,3,103243.11763118401
Melton Ltd,1,22549.379635232952
Smith-Smith,2,43802.081100748066
"Jenkins, Jenkins and Patterson",1,44693.69113840874
"Mcguire and Wheeler, Morris",1,49032.0342719359
Fischer-Powers,1,4754.2258796020715
"Hudson Harrison, Cooper and",1,32442.396307870316
Johnson-Stewart,1,19737.20011332953
Rodgers Inc,1,9988.199830438802
"Rice and Ochoa Parker,",1,6558.037908836682
Nguyen-Johnson,1,2626.5173962067406
"and Rice Wheeler, Jennings",1,24655.23208125536
Lewis-Thompson,2,85734.85678202924
"and Patterson, Lam Coleman",1,14194.189187725211
Miller-Rodriguez,2,33607.97726799946
"Jackson Stewart, Ramos and",1,33945.91467882805
Norris-Matthews,1,25711.69765993698
"Walker and Wells, Caldwell",1,30267.471801397205
and Elliott Sons,2,49478.82126983808
"Tran Ruiz Sexton, and",1,39646.020515453136
"Clark and Cuevas, Davis",1,36000.70234005796
Mcpherson-Gibbs,1,41369.786905723086
Mosley-Martin,1,48323.05331169051
"Waller and Walker, Martin",1,12914.287938299196
"Paul and Morrison Patel,",1,16891.37314448297
Warren Inc,2,28626.084248790736
Evans-Douglas,1,45070.047511656936
Luna Sons and,1,5540.29189115963
Griffin-Thomas,1,17464.083105916758
Sons and Conley,1,37394.489377877275
LLC Murphy,2,61105.741496026305
"Boyer Wright, and Diaz",1,42557.22136892346
Inc Sanford,1,18939.16468606723
"Butler, and Delgado Mcdonald",1,16510.628139667002
"Lopez, Mendoza and Garrett",1,42834.33232754344
Group Grant,3,131755.1569400722
"Davidson and Lane, Maldonado",1,39510.29124947822
Velazquez-Walsh,1,34814.395272193855
Wiley-Fitzgerald,1,43835.37929432385
"Vaughn Nelson, Gallagher and",1,13192.085997234992
and Harris Sons,2,86027.90404564061
Rangel-Phillips,1,31051.58850279124
"and Klein Thomas, Hatfield",1,20818.44415969955
Howell-Mcpherson,1,50324.41220602525
Rhodes-Serrano,1,49862.30960575742
Harris-Doyle,1,28133.678989335393
Allen-Baker,1,30679.1985959179
"and Stewart, Smith Atkinson",1,47831.176889768474
Mcguire-Ruiz,1,45243.43131466098
"and Williams, Young Reid",1,35984.703016168045
"and Butler Murray, Gonzales",1,23063.237394560823
"and Franklin Ramirez, Rodriguez",1,28472.021080608476
Mejia Inc,1,37893.94867042506
Wright-Kelly,1,38315.552465571294
"and Wilson Horton, Cortez",1,20847.5258084403
Carr-Romero,1,38053.73193778607
"Martinez, Reynolds Owens and",1,27111.552291799882
Valencia-Reed,1,25577.352853640823
Mcgee-Hernandez,1,29068.01269807125
George LLC,1,47683.97609658245
"and Lopez Phillips, Rodriguez",1,44005.76609067376
Sons and Williams,1,30926.643027964245
"Watson Rubio Knight, and",1,31875.375128623553
"and Lozano Carpenter, Erickson",1,20531.52618034453
LLC Arellano,1,21298.87381506803
Patterson Group,2,68325.40570687625
Leonard-Phillips,1,8096.089228947022
Galvan-Garcia,1,36594.16797520703
Zamora-Kane,1,6931.8808632582
"and Donaldson Weber Taylor,",1,24085.444097797626
"Lewis and Ruiz Floyd,",1,9104.729283519193
LLC York,2,51104.80962464791
"and Hoffman, Christian Hunt",1,3176.6558290680905
"and Zimmerman Carter Brooks,",1,9706.292484960331
"Briggs Jordan Vasquez, and",1,46012.37146081136
"and Fernandez, Vazquez Armstrong",1,46882.12190688697
Frederick Group,1,50372.01684130797
Stein LLC,1,37986.023055046375
PLC Andrews,2,66512.52219774495
and Sons Reid,2,87113.25751716399
"Castillo Fox, Reynolds and",1,34781.586561363125
Nguyen-Tate,1,29993.316312612056
"and Patrick Wright Munoz,",1,29889.09989213423
"Simon and Boyd, Figueroa",1,15459.430333395305
"and Anderson Middleton, King",1,9854.754203011105
Murray LLC,1,36215.653704781864
and Sons Gregory,1,32462.544303398765
Hudson PLC,1,10336.030649789927
LLC Fleming,1,22188.884765735576
Clark-Watts,1,20587.906524369322
"and Robinson Clay Ferguson,",1,33651.2888997213
LLC Mercado,1,27844.485045169888
"Perez Zimmerman, Cunningham and",1,35300.80561603591
"and Nelson, Graves Flowers",1,13459.659042265215
"and Green Patton, Johnson",1,21281.640320770202
"Sutton and Gordon Singleton,",1,10238.81869044162
"Dunlap, Hampton Underwood and",1,42225.729577658436
Snyder Inc,1,30779.9284298043
Clark-Brown,1,6104.589074088293
Melton-Casey,1,2991.552686524846
LLC Wilkins,1,37168.45227386529
"Martin Mcdonald, and Shah",1,43011.35670961311
"Brooks, Smith and Reed",1,33533.93166695764
Cook-Suarez,1,22998.60652895562
"Dawson and Huber, Miller",1,11996.744093631252
"and Sanders Price, Anderson",1,24010.12639031798
Cooper-Diaz,1,20911.110947577494
Robertson-Todd,1,16851.165575802206
Marshall Group,2,47987.67814245682
Mejia PLC,1,18350.7841370962
Edwards-Garcia,1,48473.12459873837
Knapp Inc,1,2522.2767306303926
Garcia-Parker,1,38850.77693095195
Green-Hendrix,1,47781.42142543923
Sanchez-Hahn,1,36305.32455877226
"and Fischer Bennett, White",1,10014.165045761974
"Wright Nelson and Scott,",1,10143.441317263254
Johnson-Wells,1,24704.372997364084
"Rhodes and Mccoy Cruz,",1,17439.668936376278
"Carter Hayes, and Jimenez",1,48902.23900104577
Hammond Ltd,1,23762.203579059587
"Baker Conrad and Andrews,",1,1133.5864760580619
Booth-Williams,1,3288.1258786564226
"Gonzalez and Marks, Lopez",1,34555.171664722366
Pacheco-Morris,1,40960.95747036518
Guerrero-Jordan,1,8042.612464024589
"and Weaver, Lee Baxter",1,37519.01518979323
Group Alexander,4,151530.01452771382
"and Franklin Moore Campbell,",1,10820.781601751798
Jones Group,9,278163.54252386495
Inc Green,3,51430.10148180739
Fletcher Group,1,44050.49871426282
Morton-Johnson,1,10505.41779448548
Li-Mcneil,1,17518.999089981266
and Sons Dawson,2,83270.16933520621
"David and Byrd Alexander,",1,6293.246050086517
Bell-Kelly,1,24313.962472688443
Cochran-Sutton,1,33115.81554988177
"Brown Martin, Bradford and",1,13584.913978398152
Thompson PLC,7,222688.0451046473
Washington-Carter,1,9951.63009929675
"Parker, and Knapp Johnson",1,34113.07838425183
Ramirez-Cruz,1,8558.02187366608
Tran-Mathis,1,43561.3819397539
"Acevedo, Jordan and Diaz",1,23316.686342287237
"Rodriguez, and Hernandez Villegas",1,29080.462190419086
PLC Landry,2,78760.440120771
Conley-Torres,1,21450.840812779934
"and Bradshaw Miller, Hood",1,7819.988031805626
Weber-Livingston,1,24493.683712702536
Wallace-Chan,1,44436.14698474525
Burns-Branch,1,13126.99943753752
Reilly and Sons,1,8923.62257670328
Smith-Collins,3,33180.12688279058
Walker-Garcia,1,52170.03685355641
Brown-Landry,1,44140.121660300494
"Franklin Franklin Riggs, and",1,33334.10209912652
"and Boone Palmer Horne,",1,32836.633118938575
Hanson Ltd,1,12148.520643675396
Ltd Davidson,3,58472.637062259324
Haley LLC,1,22360.27371956452
"Tate Pratt and Duncan,",1,5362.66561838559
Hunter-Ramirez,1,21242.76184594106
Hunt PLC,1,28499.27497493462
Ross-Anderson,1,31751.080382975848
Erickson-Johnson,1,45752.2051431535
"Barton, Phillips and Smith",1,34511.03838653232
Hayes-Lucas,1,7025.037811448905
"and White Harris, Aguilar",1,48936.49131189608
"and Case, Macdonald Houston",1,9585.76829528005
"and Cherry Pham Kramer,",1,28136.93698985016
"and Davis, Johnson Mcintosh",1,215.49980951894327
Friedman Ltd,1,26533.676421163527
PLC Hardy,1,16786.395233760595
"Cox, Donovan and Davidson",1,34214.40973302601
"Davis and Wilkins, Castillo",1,42839.29343096169
"Murphy, Walters and White",1,26918.22191801051
Cooper-Black,1,2858.7866002622945
House-Graham,1,5367.775924117621
Cox-Moran,1,2672.385576188221
"Lee, Flores Bullock and",1,30619.354963977556
Perez-Pennington,1,31190.253833882958
"Evans and Smith, Davis",1,37248.71068032376
"Davis Leonard, and Flores",1,49984.57196708648
Johnson-Chavez,2,47276.4916122802
"and Beard Carlson, Ortiz",1,5059.559208852766
Daniels-Powell,1,34202.72482860358
Williams-Ramos,1,18401.129978118217
"White Campbell, Mercado and",1,39615.653438851696
"Perez, Benjamin and Porter",1,29139.77370761379
Werner-Tanner,1,12602.348914487937
Kennedy-West,1,20112.51466093608
"Miller Hogan, and Wilson",1,37837.37593444429
"Wilson, Khan Rivas and",1,12928.066364496706
Harvey-Vaughn,1,24911.072791522158
Browning-Cruz,1,9808.801784195315
Stuart-Wallace,1,45641.09208437015
Thomas-Henson,1,37145.02618742196
Lamb-Allen,1,25776.538803011103
"Walker Valenzuela and Drake,",1,48254.415378127196
Mason-Schmitt,1,28282.303578531537
Barron Group,1,15827.903454640795
Mcintosh-Young,1,22227.45442638195
and Sons Peterson,1,23392.520183573848
Cantu Group,1,42314.908250049964
Beck-Ortega,1,17092.679264931656
Mclean-Ross,1,37352.70701871702
"and Rodriguez Long Jones,",1,44413.26099002628
"and Price Combs Horton,",1,38975.44758466016
Sons Berry and,1,20800.85869416621
Group Hurley,1,47367.22777144865
"Morales, Johnson Gillespie and",1,32032.851695414796
Gomez-Welch,1,15423.092307191573
"Moore Burke, and Smith",1,33577.076116113836
"Greer, and Welch Banks",1,39403.59788556744
"Fuentes Thornton Santiago, and",1,25052.430813927745
"Crawford Hanna, and Davis",1,16810.289312315654
Elliott-Reyes,1,49130.535146912654
Morales-Rodriguez,1,38967.47565239531
"and Nelson Taylor, Gordon",1,5354.195894845573
Murphy-Schultz,1,9966.248988627958
Williams-Leonard,1,32911.03135204061
Riddle-Mitchell,1,35345.45902001839
Dunn-Hernandez,1,44705.765460999886
"and Mora, Edwards Skinner",1,36911.822357745885
"Gonzalez, White and Peterson",1,31211.200512511714
"Henry Henderson, and Beasley",1,34268.8805364652
Melton Sons and,1,3967.276289004238
"and Schroeder, Hill Erickson",1,38538.521978964534
"Elliott and Vaughn, Taylor",1,5796.091454836501
"Serrano and Jackson, Dunn",1,15350.132899555823
Mata-Hurley,1,8950.554740249503
and Sons Delgado,1,33526.327309455985
Ramos-Hunt,1,45825.69496996781
Galvan-Ballard,1,23733.450401964386
"Rodriguez and Foster Richards,",1,14819.048594278622
Jones-Shea,1,46493.28793485694
Brennan-Meyer,1,13405.761599855337
Case-Leonard,1,15941.128077234669
"and Velasquez, Rodgers Leach",1,6189.662093499326
"and Morton, Thompson Wilson",1,24356.35673225462
"Mcintyre Finley, and Jones",1,30245.5110491449
Pruitt Ltd,1,10153.545159121735
Thomas-Nguyen,1,3797.2440429389885
Sharp-Lee,1,33541.81148186882
Gutierrez-Gonzalez,1,30056.47281502905
and Sons Lee,2,65949.4220522774
Soto-Boyle,1,16057.8201619831
Smith Ltd,19,430975.3561181486
Osborne-Hayes,1,25821.2648829931
Martin PLC,6,189801.43276734647
"Jones, and Moore Carter",1,30954.42218684419
"Pratt and Keller, Davis",1,32086.975820568143
"and Perez, Graham Herrera",1,700.5950762535957
Simpson and Sons,2,21755.499093604223
"Ruiz, Goodwin and Dominguez",1,44765.12031801176
"Lee Reid Santiago, and",1,2425.013613127396
"and Ward Foster, Wagner",1,6798.900136938093
Lawson-Williams,1,13366.94697018903
and Sons Wilkerson,1,40653.086130936346
"and Rodriguez Bell, Short",1,6846.318592516344
"and Holloway, Collins Marsh",1,7081.847343764762
Davis-Garcia,1,12389.47888918229
"and Perkins, Bell Carrillo",1,16083.539538590401
Mills Sons and,1,21626.603818569078
Inc Campbell,4,140093.54313929923
Morris-Calderon,1,24904.055218469028
White-Perry,1,30523.462694937756
Fernandez-Thompson,1,34791.673161599305
Ball-Brown,1,19499.202716375657
Hartman-Williams,1,14532.916087812237
"Green Jenkins Weaver, and",1,12657.179984471131
"Grant, Barnes Cameron and",1,38649.219100101276
"and Fisher Doyle Kennedy,",1,45780.66351855516
Allen PLC,5,130255.8635036145
Fernandez-Hunt,1,53.25697799131194
Carney-Johnson,1,17515.873307349084
Group Reilly,1,14475.61099453877
Morris-Walsh,2,65761.15176330015
"Petersen Lewis, Daniels and",1,49032.958709221224
"Freeman Cohen Bell, and",1,27143.15188480693
Mccarthy-Young,1,19848.493067929336
Park-Johnson,2,49473.268499085156
and Sons Scott,3,66567.12113192858
"and Holmes, Burgess Wood",1,28584.65013519631
Porter-Adams,1,873.2620877800434
Cruz-Reed,1,44240.8636363324
Turner-Watts,1,15100.596635603215
"Scott Dean, West and",1,23520.322251433554
Rowland Sons and,1,23873.297564144992
Wells Ltd,1,34036.08452992574
Miranda-Conley,1,43352.834477994926
Spencer PLC,1,25651.462567100014
Neal-Cruz,1,29108.434504973884
Hill-Caldwell,1,17954.999612298216
"and Shields, Doyle Perkins",1,16625.764499788213
"Santos, and King King",1,2436.467874893252
"Thomas Wood, and Roberts",1,23662.862308943877
Lopez-Turner,2,37506.5791570963
Young-Gonzalez,1,17278.502962377657
"and Coleman Lee, Rivera",1,28306.413390345577
Rosales-Gonzalez,1,35082.70043456473
Boone-Garcia,1,23052.28403466666
Hernandez-Campbell,1,13943.133916137269
Hughes PLC,2,35242.46541947135
Frank-Briggs,1,44714.5881157559
Nichols Inc,1,21728.219572031805
"Mclaughlin and Rich Miller,",1,29326.430802172086
"White Lee, and Cross",1,11317.147613912864
"Wright and White Drake,",1,43790.57933023935
"Watts Lopez and Guerra,",1,11397.898935840516
and Sons Lowery,1,31163.933641058866
"and Reilly, Palmer Price",1,11588.25449742717
Wiley-Patterson,1,51066.98403997139
"Cruz and Quinn Nguyen,",1,9398.926383310396
Barnett-Gonzalez,1,8960.204646867007
"Pitts Hood and Sharp,",1,42896.03608481779
Martinez-Gallagher,1,25261.32408022036
and Hernandez Sons,1,29983.524710041136
Wilkins-Gray,1,21481.220105078635
"Powers, and Michael Williams",1,13989.043126173532
"Gutierrez Hall, Cruz and",1,31612.601103815367
Gomez Ltd,1,28786.017912759806
"and Mack, Avery Livingston",1,48607.407378780175
Richardson-Solis,1,14354.724786577715
Camacho-Nelson,1,13093.17240715904
Wilson-Williams,1,47888.99870449271
"and Park Nelson Decker,",1,25157.705652303077
"and Ramos Beck Solomon,",1,15077.490425855693
"Webb, Smith and Combs",1,48031.55714506844
May-Estrada,1,40853.659929088644
"and Campbell, Beard Andrews",1,43300.34035849152
Greer-Young,1,5991.060031006465
Sons Huang and,1,16349.11826637775
"and Flores Ward, Smith",1,15781.637466239541
Atkinson-Howard,1,34138.90008653542
"Jones, and Mahoney Garner",1,40994.062815984544
Crawford Group,2,31247.974479268258
"Griffin Williams Mckay, and",1,14690.495915884438
"Howe Alvarado, George and",1,9330.096730216012
"Trevino Robles Lane, and",1,33853.13203885663
Silva-Patel,1,4656.875108158224
"and Wright, Jenkins Norton",1,45452.41936650193
Clark-Garcia,1,28468.18316632804
"Ward and Mercer Rivera,",1,3802.4733458953056
Craig-Smith,1,35507.233681784506
Cole-Ortiz,1,41252.83039313197
George-Brown,1,32248.76580855134
Jones-Taylor,1,32404.731664624716
Donaldson-Collins,1,17701.872818842923
Mcknight-Campos,1,35525.918806750546
"Yu, Frazier Smith and",1,43612.953027618445
Andrade-Shields,1,29589.632423299077
Torres-Allen,1,17765.958302664483
"and Walter, Cruz Miller",1,26010.496399091266
Gilbert-Martinez,1,25959.38252201828
"Gregory Smith and Bush,",1,18451.94820777869
Washington LLC,1,44479.38697450411
Jones-Carter,1,4902.664839898064
"Griffin Carr, and Farmer",1,12792.577171713527
"Chandler and Smith, Cohen",1,21398.4221218545
"and Fernandez Mack Bradford,",1,46898.79344439698
"and Herman Williams Parker,",1,37751.08899345483
Smith-Curry,1,18888.806147224408
Sons and Gardner,1,20367.227049771656
Bauer-Sutton,1,6156.342733400721
Henderson-Johnson,1,12400.205098810646
"Smith Brown Wallace, and",1,6191.39265563093
"Paul Richardson Haynes, and",1,21438.27898593383
Harris-Ingram,1,30468.263381854787
Castaneda-Powell,1,1821.3479464287602
Gallagher-Hernandez,1,37197.85564731329
Ltd Tran,3,104489.61023420669
Hunter Inc,1,1910.7785497128334
Gonzalez-Keith,1,45777.43650158128
PLC Clarke,1,27601.54940154402
PLC Hill,6,104054.88655108985
Saunders-Thomas,1,36755.293327798056
"Patterson Jones and Hernandez,",1,34011.5442942475
Ltd Jackson,7,193896.71685732444
"Patrick Huffman, and Lowery",1,2190.563605964572
"Rodriguez, Campbell and Moore",1,7340.624805026463
Ltd Wilkins,1,49980.47667128728
Sons Wright and,2,46202.54434607036
"Gonzalez and Meyers, Johnson",1,40356.94712935215
"Sanford and Jones, Martinez",1,18704.225324220446
Rodriguez-Miller,2,68420.30624962419
Gilmore-Washington,1,30359.815406167923
"Miles Williams Kaufman, and",1,21834.314835221136
Miller-Sullivan,1,17845.845649956824
"and Leon Cooper, Smith",1,44864.13366217436
Thomas LLC,8,246241.96148766147
"Maldonado and Obrien Miller,",1,15633.180260936557
Sons and Vang,1,5863.546400118936
LLC Hammond,1,35479.268300475196
Odonnell-Lambert,1,31333.66098044521
"Rangel Duffy, Lewis and",1,24910.43900342814
Johnson-Hughes,1,14073.883802656277
"Adkins Hale Mueller, and",1,31562.07963957429
Bernard-Jones,1,29950.33548518954
"and Velasquez, Oneal Kennedy",1,43605.35173923654
"Humphrey Wise, and Bender",1,34578.826056908714
"Brown Harris Underwood, and",1,2690.8151383156764
Stewart-Perez,1,13627.551735351666
Ltd Gates,1,30280.076916559865
"Patterson, Walker Turner and",1,23843.804386450316
Orozco-Tucker,1,1683.9752742151177
Garcia-Kelley,1,32421.976067118958
Powell-Garcia,1,30681.518938306966
Le-Clark,1,9959.837504706946
LLC Banks,1,11572.723547779284
"Murray, and Peck Ray",1,13166.772390635571
Weaver-Stephens,1,47608.002277944994
Inc Medina,2,59817.68520037945
"Flores and Owens, Harrison",1,43096.73595996469
Stevens-Taylor,1,13369.424549403437
Curtis-Hernandez,1,12448.51871629842
"Martinez, Gonzalez and Wilson",1,43785.26083203654
"Rhodes and Jacobs Wilson,",1,32746.520226393477
"and Bailey Thompson, Jacobs",1,33263.058675345965
"and Perez Moore Hunt,",1,44003.92348884372
Ibarra and Sons,1,22298.384112679465
"and Turner, Collins Holder",1,8229.37074454428
Hendrix-Black,1,17110.84442254941
Kidd PLC,1,6810.433893532631
Santana Ltd,1,13875.435072012617
Vazquez-Cortez,1,47447.000335871926
Ortega-Contreras,1,29640.186452426402
Simmons Inc,3,29856.786687166496
Johnson-Peterson,1,21545.233446229777
Ellis-Mitchell,1,29545.359608296145
"Fischer Carter Kennedy, and",1,10517.133456351841
"Obrien, Chase Collins and",1,28565.634742486185
"Green, and Howe Medina",1,2441.010608419744
Hamilton-Trevino,1,19918.99428026668
Castaneda-Tucker,1,45156.19035728514
"and Mullen Jackson Sanders,",1,37950.86589625794
"Warren and Sawyer Chan,",1,41609.119962011675
"and Stevenson Thomas Bennett,",1,40298.602125120946
"Chambers and Oconnell Young,",1,31426.308492110627
Reyes PLC,1,4496.7394391291855
and Sons Day,1,50200.02758818812
"Page Smith, Armstrong and",1,34754.160985081784
Mendez-Wilson,1,4338.972511368805
"Finley Burgess, Patterson and",1,33839.491030592006
Anderson-Lucas,1,27309.26428638492
Brady LLC,1,9665.243441233522
Walker-Morgan,1,2960.477735854248
"Ellis Hudson, Strickland and",1,11412.597224265852
Shepard-Bender,1,3202.9353426874927
"Huff Lee Peterson, and",1,14340.753407681012
"Holt and Schaefer Khan,",1,40225.43040006328
"Hudson and Hale, Kelly",1,24652.499401994137
White-Price,1,17717.10906045526
Dunn-Knox,1,24045.74728573157
Berg PLC,1,43318.21691210133
Wheeler-Martin,1,20811.07283809092
"and King, Burnett Ward",1,11403.30551279063
Hester Group,1,17271.216875143964
"Green Spencer, Garcia and",1,44089.16840899901
"Coleman, Sparks and Delacruz",1,29637.750825330502
Long-Hicks,1,4109.557963551327
Sanders-Cisneros,1,46426.075446974915
"and Walters, Thomas White",1,42323.581739799614
"Miller, and Anthony Smith",1,18573.114252703974
"Roman, and Lynn Miller",1,10160.206256642505
Orr-Carr,1,19964.020428478416
"and Roberts Jackson, Adkins",1,44211.049675062975
Henry-Odom,1,48361.68020913631
Rowe-Diaz,1,22638.468892492023
"and Adams Orr Jones,",1,41703.87104563995
"Guzman Cherry, Miller and",1,20708.75125015991
Richardson-Collins,1,30369.846351261378
"Jackson, Morrow and Lewis",1,14948.890571815358
Sharp-Whitehead,1,46147.665000455825
"Owens, Morris Smith and",1,18887.160074757005
Horton Sons and,1,49235.95863494185
Group Combs,1,22232.57466765079
Williams-Bruce,1,20132.128851115343
and Sons Carroll,1,19305.052327565634
"Valdez, Andrade Tucker and",1,30240.38372811838
"Johnson Morton Bright, and",1,15962.648491953249
Martin-Bowman,1,48386.06209231434
Potter Group,1,27701.065711438347
"Kirby and Dawson Edwards,",1,26470.702710538273
Banks-Montgomery,1,4323.534791305883
Turner-Moody,1,16209.880241118064
Booker-Ayala,1,8676.764245670618
"and Sanchez Perez Petersen,",1,28878.94541718188
"Hernandez, Ritter and Huffman",1,25425.72786260709
Group Nguyen,3,93002.01099575096
Group Brown,9,158241.3814071632
"and Keller, Ortega Miller",1,4243.202643830592
Miranda-Collins,1,43465.952783580404
Arias-Galvan,1,22030.693351067897
Boyd-Fisher,2,57347.962161724325
"Walker, Wallace and Ware",1,39445.07025793607
"Gregory, Rosario and Bruce",1,7330.475550892902
Mosley Ltd,1,29409.4891391001
"Andrade, Johnson Watts and",1,18153.822726229006
"Jackson Robinson and Walsh,",1,29249.673947125415
"and Parker Wright, Miles",1,7068.274923864583
Moore-Butler,1,44396.72720765065
and Burnett Sons,1,32405.474570838727
"Sandoval Roberts, Moore and",1,32312.021884326252
Johnson-Sanchez,2,46615.78032661191
Smith-Mayo,1,26432.962529687346
Hill-Velez,1,13362.755913980502
Ford-Thomas,1,20795.20318546673
Garrett-Edwards,1,12621.12199194285
"and Hill Taylor Lee,",1,24066.692126989543
Vasquez-Hendricks,1,43695.85514365707
Vega and Sons,1,29873.979747269448
"Davis Bishop, Thomas and",1,34058.67031730649
"Green and Gaines Thompson,",1,17366.797666840223
"and Johnson Cross, Mitchell",1,38303.32245750288
Hughes-Houston,1,17091.776908107135
"Stafford Forbes Norris, and",1,9522.654102842976
"Crawford Alvarez and Johnson,",1,37916.98182265655
Group Parker,2,45105.47734489887
"Johnson, Gordon Walls and",1,11718.33959531799
Clark-Bailey,1,3045.316632307877
Duncan-Smith,1,32976.93500334905
"and Smith, Ball Gregory",1,24417.40573359802
Wilson-Hayden,1,48723.47076978207
"Rogers Evans and Owen,",1,38774.29389172724
"Barrett Johnson King, and",1,7710.923535818494
Henderson-Vasquez,1,1638.8676773331204
Johnson-Erickson,1,37953.769594865036
"Medina, and Forbes Arnold",1,4678.5534545307655
Santos-Sparks,1,2301.8431519448823
Reese PLC,1,25570.92843634741
Ltd Perry,1,44077.89362618892
"Thompson Thompson Lindsey, and",1,28672.864985176773
"Arroyo and Wright, Brown",1,28678.619872003706
"and Gonzalez Gray, Bennett",1,162.19793743577952
"Shaffer Marks, Richardson and",1,9561.997482520292
Holmes-King,1,33905.836414517995
Calhoun-Brock,1,8688.745300581257
"Daugherty and Lowe, Durham",1,29672.07068626464
Blackwell-Lozano,1,33192.49884673373
Pena PLC,3,68103.4267420322
Porter Group,1,38056.00210197488
"and Wolfe Collins Williams,",1,25710.516409942175
Reed-Stevens,1,19871.46603592204
"Park and Abbott Brown,",1,8154.1564149807145
Acosta-Carlson,1,5321.893272139389
"Berry, Anthony Bryant and",1,31681.552048523838
"and Wilson, Allen Rodriguez",1,15316.394719071603
Kemp-Garcia,1,20234.749852720845
Carpenter-Smith,1,17277.152391305448
"Rios, Harrell and Ferguson",1,42819.6439434855
"Mendoza, White and Hernandez",1,24941.118059912296
Wright-Moore,1,36469.57819637905
Snow and Sons,1,25693.04323750962
Mccullough LLC,1,2250.6895361656934
Garcia-Hayes,1,4662.590621364971
Kim-Phillips,1,39865.918542886386
"Moody and Smith Simpson,",1,10762.277916792864
"and Clark Watts, Sanchez",1,12599.88727787086
"Hammond Richardson, and Miller",1,13689.782590437297
"Scott Knight, Potter and",1,5547.954585850559
"and Doyle Thomas Bean,",1,5777.796228716026
Murphy-Cole,2,48261.69149893775
and Ramos Sons,1,9582.298023383322
Grimes-Carter,1,27784.175656887277
Lewis-Rodriguez,1,32322.844740178836
Torres-Morris,1,5576.1655427834885
Carter-Bird,1,9902.253320181739
Garcia-Patterson,1,35737.37422702428
Whitehead-Olsen,1,50374.08061916728
"Garcia Smith and Sherman,",1,31936.987674707136
Fitzpatrick-Wagner,1,47648.04660806146
"Cruz and Harris Martinez,",1,31781.43306971982
and Garrett Sons,1,20618.62772032639
Stewart-Cook,1,8799.016690355027
Adams-Velasquez,1,6481.966282062389
"Lopez and Ortiz, Byrd",1,23870.011820113537
"Rogers Torres, and Lewis",1,26242.64543727301
Cummings-Stanley,1,27701.84243463657
"Glass and Brown, Morgan",1,30937.32454755274
"Clark and Hammond Fitzgerald,",1,38039.60581310299
Harrington PLC,1,23635.135687076083
"Ramirez, and Davenport Mclaughlin",1,28604.859519604946
Terrell-Lawson,1,40810.209579516224
Pierce-Pham,1,23338.25863474387
"Gaines and Alvarado Mitchell,",1,16871.345560275702
"Rodriguez Fox Hill, and",1,28692.728675849914
Bender Inc,1,32772.12101815409
Green-Riley,1,32375.66395008108
Bush-Taylor,1,2279.6904498750337
Randall-Meza,1,16867.79363394858
Ltd Ritter,1,44156.51381197929
"Atkins Mahoney, and Kidd",1,18363.241056564315
"Fischer, Hardy Martinez and",1,26494.613539430302
Macdonald-Randolph,1,39119.11898804078
"Jenkins, Lopez and Atkinson",1,37977.53328989958
"and Taylor, Lin Wells",1,27826.239301196994
Medina-Murray,1,1784.387758698052
"Butler and Friedman Stephens,",1,28136.560312043868
Strong-Bailey,1,49209.35174634519
"Martin Pitts, Henderson and",1,10649.819126333015
Reynolds-Scott,1,42895.8303701329
Levy-Wells,1,37371.93722217319
Spence-Stanley,1,31416.8502574119
LLC Fowler,1,8313.373549964852
Jarvis-Wilson,1,20562.702849859466
"Oconnor, and Buckley Richards",1,2311.5369742324738
"and Fletcher, Gonzales Holmes",1,26349.189639090826
"Francis, White Casey and",1,10316.48656023138
"Ramirez Thomas, and George",1,24433.46266380786
Marsh-Dickerson,1,6607.626377539742
"Gray Sampson Pierce, and",1,29790.70471979343
"and Boyd Powell, Sims",1,49700.32420655215
"and Fernandez, Wilson Morrison",1,32679.268592696208
"Nelson Baldwin, Boyd and",1,38572.16947791579
"Williams Reynolds and Rangel,",1,33379.54546737913
LLC Johnson,13,437189.4693258576
Willis PLC,2,76707.18649899738
"and Wilson Swanson, Griffin",1,6157.967100886055
Jackson LLC,3,35962.662602474746
"Fisher Alvarado, and Wright",1,13969.270012315654
and Melendez Sons,1,33240.25497081226
Rowe-Smith,1,32919.825930922525
and Sons Sloan,1,24757.267513540584
"and Gonzalez, James Kelly",1,15328.960445999459
Bowman-Jimenez,1,51567.27767127847
Lee Group,3,83661.73632866333
Mclaughlin LLC,1,2202.3907315600295
Delacruz Group,1,8568.50855768839
"Hall Roberts, Owens and",1,32110.530293606775
"Wilson, Warren and Smith",1,1303.325232081263
"Rocha Jones and Obrien,",1,47827.91352812763
"Sims and David, Rogers",1,26566.615026099396
Robbins-Townsend,1,29347.542700963466
Carney-Dunn,1,34650.849832946406
and Hopkins Sons,2,25875.648904038786
Berry-Adkins,1,40156.329441352435
"and Nguyen, Williams Holmes",1,13309.292181705576
Arnold-Hurst,1,634.3951066589843
Whitaker Group,2,77174.6555074979
Ltd Hall,5,143321.7012222378
Curtis-Salazar,1,30666.811030211284
Price-Anderson,1,16133.95660686597
Mitchell-Berg,1,12367.31449714695
"Jones Welch and Schmidt,",1,6635.8810103849155
"Lopez Stephenson, and Mays",1,42695.594223184424
"and Phillips Ingram Peters,",1,33339.63244934934
Hurst-White,1,20544.6551688169
"Yates and Dixon Rogers,",1,14298.030007646073
Inc Tyler,1,46109.56413194998
"Stout Dougherty, and Washington",1,-656.1530718064635
"Terry, and Montes Ortiz",1,39999.24206980901
Case-Turner,1,18799.791724405746
Welch-Heath,1,45438.7027576649
White-Meyers,1,17926.414458364314
Huber Ltd,2,85458.85397579602
"and Molina Foley Valdez,",1,16244.738512456948
Evans-Mckinney,1,35237.138146501864
Larson Group,1,27727.136053788967
"Hunter and Jones Evans,",1,7744.964701129567
"and Miller Braun Benjamin,",1,44370.404187687134
"and May Chavez Collins,",1,49182.56484244018
"Saunders, Hughes Alvarado and",1,6247.762543489733
Johnson-Cooper,1,32273.266075322823
Garner-Flores,1,38217.624455837824
"Howard and Moore, Blackburn",1,37730.16651211011
Powell-Ponce,1,14822.644121895737
Barton-Collins,1,3203.86470968923
Bradshaw and Sons,1,36174.02180052753
Lynch-Mills,1,24786.21061875888
Buchanan-Lambert,1,5647.011641074442
Fitzgerald-Johnson,1,44868.368720758794
Alvarado-Meza,1,34732.278932869725
"Williams Wood and Wallace,",1,17672.355109997483
Nelson-Hall,1,33506.35365370872
"and Avila Johnson Wood,",1,22961.862747738887
and Carroll Sons,1,35610.068949199966
Brooks-Murillo,1,41718.96962894417
"Thompson, Cummings and Cortez",1,28498.342873271275
"Miller, and Gutierrez Mcmahon",1,7844.882600016257
Owen-Levy,1,19691.490556532055
Group Abbott,1,45585.92457466337
King-Russell,1,15099.428618491236
Savage-Contreras,1,9410.956259893721
"Hester, Patel and Robinson",1,9337.280058278746
"Terry Preston and Moore,",1,29375.619088468364
Holt Sons and,1,5393.649185813229
"Norton, Hobbs and Fisher",1,10192.02066632247
"Walter Schmidt Rodgers, and",1,11670.183196132233
Williams-Hart,1,45313.62898777329
"Burgess Morgan, and Smith",1,38735.439332096095
"Webb, Rodriguez and Williams",1,5417.403681522655
Escobar-Banks,1,4810.905085679176
PLC Cooper,2,34892.749221422375
"and Boyle Boyer Lawrence,",1,14957.534508542176
Butler-Shields,1,13057.299040685892
Dyer Inc,2,54821.94604196659
Ltd Pope,1,44724.79274027411
Webb-Richardson,1,10823.93159261411
Villarreal-Cantu,1,25185.786822958067
Ltd Irwin,1,31174.65007073724
"Carlson Lewis, Miller and",1,42099.150012904516
Daniels-Guzman,1,30292.72997752243
Everett PLC,1,20900.411327164948
"Rivera, and Cain Phillips",1,7804.973718493429
"and Bell, Martin Johnson",1,22841.06111210324
Lambert-Chambers,1,18160.16397914063
"Bridges, and Meyer Roberts",1,5545.869621133001
Wiley-Lawrence,1,1148.2759456443384
"Cooper and Tanner, Prince",1,47411.68384499863
"Graham, Rice Sellers and",1,9258.760082432644
"Thompson Patrick and Smith,",1,41623.49262063611
LLC Hodges,1,18314.124782517138
"Hess Wilcox, and Richards",1,20380.547448333156
"Young, Sharp and Holmes",1,28464.421451647588
"Strickland and Nolan Guerra,",1,28078.278906810076
Jordan-Franklin,1,38007.94499731591
Taylor-Paul,1,9351.68837148536
Nelson-Scott,1,44327.60954834169
and Burke Sons,1,45608.21360668904
"Medina, Mcmahon Cox and",1,16818.59257674381
Montgomery-Johnson,1,29752.950523460673
Sons Sloan and,1,25800.803268004922
"and Moore, Williams Edwards",1,46462.0050019534
"Jackson, Harris Vance and",1,44650.158110762786
"Day Ellison, and Wang",1,23865.34085758775
Martinez-Matthews,1,45634.646598133615
Ltd Franklin,1,36183.31907088006
May-Reyes,1,20845.10833759276
Wilkerson-Klein,1,23172.878076538094
Carey-Jackson,1,15187.45035751378
Cook PLC,3,93289.23883896104
"and Montes Graves, Thomas",1,10300.657311375919
"and Wilson Matthews, Faulkner",1,40301.997309242804
"and Wells, Thomas Kline",1,38588.972562612595
Hudson-Williams,1,48004.97467879295
Williams-Jones,3,83756.20645210709
"Oliver Griffin Johnson, and",1,19698.000742558204
Harrell Inc,1,13256.414564439958
PLC Johnson,9,229049.52636328398
Ingram-Collins,1,35554.17154716299
PLC Hoffman,1,36307.54117733637
"and English Sanders, Wilcox",1,48413.77488234465
Ltd Houston,1,8047.798035121471
Scott-Sexton,1,13477.60217318423
"Chavez Kennedy, and Hensley",1,45269.40738711006
PLC Owens,1,22056.675262879624
White-Phillips,2,60678.481908331814
"Howell Thompson, Garza and",1,3216.4209416081367
Sons and Gray,2,49513.28259282741
Lynch Inc,1,15644.578162601176
Carrillo Group,1,6925.549772455445
"and Gordon Patterson, Swanson",1,13444.10927450115
"Weaver Wong and Miller,",1,33130.25227344483
Morse-Johnson,1,48001.62318214661
Group Chandler,1,20091.203070836684
"Fox, Bennett and Turner",1,18192.208816077222
Cruz Group,3,97750.81077181833
LLC Hunter,1,14593.637479710997
"and Hill Ramirez Hart,",1,44259.35195832624
Foster-Smith,1,9946.119145043062
Group Robinson,2,28993.409018657705
Patel-Sanchez,1,35516.674645464715
Group Mcconnell,1,-367.20395907245006
"Williams Palmer Miller, and",1,28209.165614411853
Dean Sons and,1,4291.012613603759
Elliott-Alvarado,1,42486.99128495871
"Dorsey, and Brooks Douglas",1,2709.6155125768555
Group Nunez,1,26349.18882445336
Rivera-Simon,1,22210.300590067534
Sanchez-Lawson,1,41461.69430317985
"White and Perez, Garza",1,29066.921834166842
"Gomez Ruiz, Cardenas and",1,8950.407746202816
Dudley-Rodriguez,1,38073.013600003964
Mcguire-Garner,1,14216.333689388655
Morales-Harrell,1,42863.21469086244
Ltd Garza,1,40856.49702577782
Gardner-Munoz,1,16680.060056396418
"and Lee, Berry Johnson",1,4184.884304615743
"Newman Hansen and Christian,",1,5070.373213912293
Gentry-Dyer,1,5131.87954978106
"Murray Thomas, Proctor and",1,2410.8965893596132
"and Hernandez Lewis, Brown",1,6901.952197001335
Ramirez-Morris,1,12806.965400846828
"Mills, Morgan and White",1,31974.217670188387
"and Warner, Morgan Jones",1,38301.94242028249
"Ray and Watkins, Wilcox",1,26190.932555659543
"Welch and Jones Hammond,",1,43599.64123608521
"Wong, and Mcdonald Alvarado",1,43445.77221955442
"Kennedy and Day Andrews,",1,46787.00299997227
LLC Norman,1,43244.66594717705
Brown-Spencer,2,53993.986861104364
"Miles, Horton Hall and",1,41077.97333035039
Daniels-Romero,1,7062.448640240805
"Mcdaniel, and Guerra Gates",1,18856.722962530064
Brown-Hernandez,1,32098.617455810407
"Henderson and Carlson, Watkins",1,33427.33776305201
Scott-Burns,1,39371.554695092454
Tucker PLC,2,73810.43427808494
"and Griffin Lopez Hanson,",1,5154.256407256043
Andrade and Sons,1,30467.95385555471
Caldwell Ltd,1,46268.350439196875
Russo-Morgan,1,19071.168823164408
Carter-Smith,1,39648.42717651215
"Dunn, Schmidt and Davis",1,5702.948290895882
"Davis and Kelly Hale,",1,27695.434851097467
Trevino PLC,1,14122.3298486353
Carr-Nelson,1,37102.4282678975
James-Hudson,1,3477.9884196204907
"Rodriguez Townsend, and Owen",1,7174.0353693775605
"Howell, Cole Diaz and",1,30409.01454284631
Galvan Ltd,1,3821.0562413564157
Crosby-Lopez,1,35902.36994649794
Group Nicholson,1,45968.61615002369
"Key Davis Flores, and",1,31858.56579729789
Ortega-Kerr,1,25258.515165629145
"Taylor, Walker and West",1,15242.985825703912
Sons Cooper and,1,47411.58918877988
Sons and Riley,1,36401.0166397944
"Hall Morris and Barrett,",1,48345.91816536155
Mcdonald-Sanchez,1,28156.011849325463
Group Holland,1,9973.038537033884
"Freeman Powell, Erickson and",1,26711.820458480805
Kerr and Sons,1,49489.296696412544
Garcia-Jensen,1,6978.442452287054
Cunningham-Delacruz,1,4989.7262555383295
"Walker Rodriguez Carter, and",1,27851.832485464132
Reilly-Clark,1,12978.735801153558
"Jimenez, Griffin Acevedo and",1,44252.218629616065
"Jenkins Mccarty Pearson, and",1,46702.14503362099
"Hawkins Brown, Meyers and",1,48754.85081526607
"Cunningham Burke and Ferguson,",1,26261.89653581666
"Mitchell and Harris, Compton",1,35801.69733668053
Ashley-Ramsey,1,22853.970596944753
"Richards, Wagner Oconnor and",1,40193.25339607199
"Adams and Campos Cooper,",1,6172.030006797837
Jones-Mendez,1,15230.386804630618
"and Lee, Ramirez Taylor",1,29049.722373622106
Nelson-Gutierrez,1,27647.185104259355
Perkins-Kennedy,1,11601.762509954875
Short and Sons,1,39525.67490179259
"Miller Stout and Owens,",1,17086.310508039638
Daniel-Mccarthy,1,7196.11161467632
LLC David,1,28581.429921951727
"Carr Walls, Anderson and",1,37690.30151265879
Steele-Baldwin,1,2625.3287295859786
Sons Gould and,1,10362.40736973046
Carr-Green,1,23852.33089610831
"Pratt, and Nixon Thomas",1,30204.689769744527
"and Hall Liu, Adams",1,27461.517526087246
Pearson-Scott,1,16167.400284751056
Hutchinson-Graves,1,31299.205810390715
Wallace-Lambert,1,38193.898065275585
"and King, Weeks Cole",1,18833.07315700279
Sons Mayo and,1,45653.80230951129
Barber-Clark,1,26548.12383412439
"Kelly Love and Gutierrez,",1,15858.311272257315
"Davis, Ray and Thompson",1,40037.479986778744
"Phillips Medina, Rivera and",1,46502.76578958709
"and Anderson, Porter Becker",1,39448.88650939782
Horton-Martinez,1,10135.865524255996
Fuller Sons and,1,20578.29571251847
Wagner LLC,3,135973.1153038112
Ramos-Simon,1,25487.49166968035
Hodges PLC,2,31508.353547990882
PLC Jones,8,160369.60131679248
"Mendez, Rodriguez and Smith",1,31774.78366214056
Inc Butler,5,138414.95060853392
"and Pittman Thomas, Stein",1,33345.580467448344
Smith-Hoffman,1,35513.76632548327
PLC Ortiz,1,25297.761885154592
"Freeman Gonzalez Swanson, and",1,8377.400954832421
Inc Wright,6,131189.8828243741
"and Rogers, Scott Ortega",1,22334.067788612083
Inc Meadows,2,97624.193629076
Burton-Davenport,1,21914.031778653774
"and King Sanchez, Lee",1,42329.42434890671
Johnson-Ingram,1,42487.51362904291
"Weeks Bailey, Lester and",1,28181.04212386171
Velasquez-Hall,1,48762.10371944165
"Maxwell Adams Williams, and",1,24751.868399570107
Mitchell-Johnson,1,49284.01988340672
Lee-Hernandez,1,46201.929764280765
Miller-Williams,1,36713.07670059747
West-Roberts,1,5679.668357305392
"Bentley and Cooper Davis,",1,28806.95788232844
PLC Flowers,1,33757.71175180641
"Terry Jordan and Jones,",1,20031.370813729423
Anderson Sons and,2,50448.61849165981
Chavez Sons and,2,38855.47325092679
Vasquez-Wallace,1,46298.46322688202
"Rodriguez and Anderson Carter,",1,27834.962271874076
"Bauer, and Watson Little",1,18190.178511531172
"Lee Clark Hatfield, and",1,32997.4970603806
"Lane Stafford, and Johnson",1,46574.30457559502
Weber-Rodriguez,1,32374.54292348989
Group Knox,1,46661.26476424135
"Robbins Bishop and Hodge,",1,34188.597675824574
"and Schultz Alvarez, Spencer",1,47418.29265426036
"Small, and Clark Mahoney",1,44042.27076855454
Rogers-Davis,1,21216.4026845777
"Smith Johnson Pruitt, and",1,39522.667373993776
LLC Rogers,4,74837.76438639803
"and Frazier Hill Smith,",1,46743.84788087767
Cabrera LLC,1,8659.950667164578
Mcguire-Jones,1,40071.50971124653
"Johnson, Adkins and Ferguson",1,47855.349591196114
Brandt and Sons,2,44661.525450078996
"Daniels, Martin Knapp and",1,46927.055630728115
Graham-Conrad,1,5232.547211215428
"Gardner Morris Lee, and",1,35215.5064721895
"Fisher and Cain Ross,",1,23730.56754716934
"Murphy Williams, and Lee",1,10721.73377870082
Group Mays,1,37458.332088507435
Parrish-Simpson,1,5456.771183426383
"Gonzalez and Brown Monroe,",1,35066.37604220922
Saunders-Patrick,1,47951.67312899771
Dean Group,1,41856.22308246134
"Rivera and Smith Mccarthy,",1,40215.877262259244
"Webb and Fritz Mcintyre,",1,32473.10333385583
Ramos-Weiss,1,8551.472853034524
"Colon, and Floyd Thompson",1,16345.72315773934
Mcdonald-Phillips,1,29560.271554539377
Ltd Collins,1,37312.59270108857
Richardson-Moore,1,32006.542590353452
"Nelson, and Webb Anderson",1,42497.77582404871
"and Adams, Johnston Brock",1,29313.97506122706
Stone-Zuniga,1,41049.31180304465
Weiss Inc,1,10586.974578159221
Hernandez-Foster,1,47155.62651113234
Aguilar Inc,1,15877.616492335344
Moon-Chang,1,6276.817840558635
Ltd Kramer,1,47846.263255409256
and Sons Cox,1,8286.020385835458
"and Hughes, Hester Miller",1,33928.53915220608
Valenzuela-Spence,1,41273.19006618994
Austin-Bradshaw,1,48781.63332333217
"and Estrada Collier, Dyer",1,10151.757492302277
"Smith, Chen Smith and",1,23067.926762342897
"and Gray Williams Wilkinson,",1,1223.0611683717475
Barnes-Luna,1,48624.5062247914
"Taylor, and Mendoza Good",1,32461.362336985152
"and Graves Woods Steele,",1,30171.786595877627
"Peterson Scott and Thomas,",1,8330.93579490849
"Henderson and Ray, Williams",1,36897.51133115671
Suarez-Lambert,1,22913.246993707166
Pierce-Hutchinson,1,31868.742489554283
and Sons Sparks,1,21187.74173986222
"Pittman Jimenez Juarez, and",1,34999.22353535567
Delgado Group,1,36446.4799926844
LLC Parker,1,2659.1211082263785
"and Delacruz Spencer Newton,",1,35172.43721780138
"Perez Chandler Park, and",1,11540.062044646098
Thomas-Grant,1,3609.61884430355
"Graham and Mason Fisher,",1,17974.693880425755
"and Parker Walsh Marquez,",1,2634.3226041636217
"Scott Morgan May, and",1,21696.806442615787
Dickerson PLC,1,12526.958632399264
"and Garcia Baker, Wagner",1,20868.87753193445
"Alexander Williams and Dixon,",1,24919.653962631062
"and King Anderson, Scott",1,42699.74433500574
"Hansen, Shelton and Le",1,35047.34477471555
"Mckee and Cox Taylor,",1,45926.97779817234
Bush and Sons,1,32008.291902818044
"Jones, Nicholson Brown and",1,34652.45626894239
Douglas-Walter,1,31338.865625825176
"Woodard, and Reyes Burton",1,49029.88573268051
"Bishop Spence, Martinez and",1,44690.63327302112
"West Cardenas, Crawford and",1,42053.40121103783
Brown-Dominguez,1,19555.391726765643
Wade-Barnes,1,31645.7900644375
"Romero Brown, Hogan and",1,5493.065106891954
"Johnson, Parrish and Berry",1,22319.528343179143
"and Myers Turner, Garcia",1,912.8398301186694
Short-Brown,1,45886.0837973503
Nelson-Adams,1,1384.7532289430642
Cross Ltd,1,30575.7646027089
Robinson Group,6,107138.5323067729
Baker-Duffy,1,22214.362438934488
"Davis Maddox Harris, and",1,11064.02825898568
and Patton Sons,1,22990.652492877478
Lyons-Hickman,1,44524.63780175894
"and Ross, Crosby Caldwell",1,16521.901425304353
and Tate Sons,1,27764.229220400186
"Pitts Austin, Johnson and",1,40928.09673049176
Rodriguez Inc,6,159444.67027969394
"and Reed Williams, Hernandez",1,49693.369111326836
"Clark Blair, and Miller",1,15722.522027310568
"Russo Mahoney Edwards, and",1,27000.17584439954
PLC Cummings,1,19233.458863337783
"Sandoval, and Green Downs",1,37116.36055944993
"and Wilson Madden Jimenez,",1,19560.52387877659
"and Weber, West Deleon",1,7316.340778134536
"and Boyer Boone, Nelson",1,44697.09637658084
Clark-Everett,1,45739.36109141742
Ware PLC,1,20379.753709963654
Hansen-Booker,1,22986.290568301425
"Mosley and Hobbs Gill,",1,20536.22853798795
"and Brown Avila Cruz,",1,37334.36890179646
"Holden Combs Jones, and",1,38617.93071809865
"Wallace Thompson Sanchez, and",1,1241.888496065875
Group King,2,64725.55916135398
"Mills and Mejia Williams,",1,25419.726497501437
LLC Mcdowell,1,44738.815877760135
Inc Cunningham,2,50728.54912196612
Sweeney-Rojas,1,36737.0614114607
Clark-Glass,1,7796.639973763289
Group Ward,3,141111.33083133752
Taylor PLC,4,107986.78700770717
"Gregory, Crawford Butler and",1,2626.635200151278
Walker-Walker,1,35073.06544313043
Edwards-Gordon,1,2223.8973270221986
"Parker and Davenport, Herring",1,44845.97577633173
Stewart-Marsh,1,22156.440106454855
"Ramos, and Young Hansen",1,42556.59608723025
"Campbell, Hawkins and Johnson",1,22937.39406002083
"Miller and Tapia White,",1,16406.629872745267
"Higgins, and Mccann Odom",1,18868.282134998848
"Stuart Davenport, Leblanc and",1,31498.310072422177
"and Hicks, Mathews Gilbert",1,18907.848310265737
Stephens-Richards,1,22410.84165513116
and Joyce Sons,1,20477.815347750246
"Mccarthy, and Lewis Robbins",1,26018.115139013844
Clements-Brown,1,36369.5891066469
Petersen-Wong,1,34541.11506024699
Johns-Golden,1,22001.269876342874
"and Reed Frye Mata,",1,32591.91092777182
Lee-Jefferson,1,26378.784114944872
"Griffin Santiago Coleman, and",1,1376.9856502893406
Edwards-Nguyen,1,17651.098315136387
Perez-Mcintyre,1,32548.55052841695
Mercer-Jenkins,1,5689.493162372233
Sons Mcdonald and,1,45454.77638234693
Group Valencia,1,2301.7243743035838
"Curtis Roth, Williams and",1,27798.220023003523
Butler-Goodman,1,24482.859043092452
Martinez-Mcbride,1,27093.806977997076
Hurley-Roach,1,38163.12692412385
"Everett and Harris Jones,",1,27222.158880914634
Woods-Scott,1,48435.40960972705
Ltd Cortez,1,4302.414744675064
Lyons-Thompson,1,39139.27306161352
Richardson Inc,1,25893.35840690072
Bowers-Meyer,1,24172.1107937681
Johnson-Simpson,2,83857.33957709583
Velasquez PLC,2,34588.64473586145
Herring-Johnson,1,41798.30069491207
Miller-Combs,1,31867.366481596815
"Bush Wright, Cameron and",1,17047.707572446314
Inc Black,2,48955.717636234906
Suarez-Flores,1,4714.81816237563
"and Christian Evans Schwartz,",1,25814.130433224193
Cochran-Freeman,1,12780.779353056794
Santiago-Estrada,1,39999.47849930949
Ltd Valentine,1,26208.398834270938
"Jefferson Rice Cobb, and",1,9212.72903040511
"Terry Contreras, Gonzales and",1,17132.14563883422
"Adams Smith Cervantes, and",1,43564.76970973583
Ltd Bradford,1,13654.504236681822
Wolfe-Livingston,1,15728.861623432656
"Patel, Erickson Stevenson and",1,34087.92000118468
Group Curtis,1,45789.96494772117
"Rivers, Nelson Miller and",1,44983.464834255625
Griffin LLC,1,7869.725489985286
Flores-Pena,1,33794.57937238882
Reynolds Ltd,1,42451.17658244857
Delacruz-Jones,1,5081.257177620367
Welch Inc,2,23711.969887991818
Houston-Thomas,1,38340.441450686645
Bonilla-Chambers,1,14111.847634424666
"and Kim, Alvarado Whitaker",1,50190.05655107826
"Rodriguez, and Foster Ramos",1,34365.96480206517
"and Cooper Miller Brooks,",1,48625.045602134465
"Peck Randolph, Johnson and",1,43508.488036488794
Sons Compton and,1,3349.740643925996
PLC Blackburn,1,13839.183880637
"Rivera Herman, and Davis",1,30683.539962232895
Day-Kennedy,1,35748.73698846963
"Williams, Floyd and Smith",1,15092.236830731821
"Nixon and Martinez, Thomas",1,5969.246400676614
"Walker, Sanford Buchanan and",1,29875.55549429009
"Brown, Thomas Franco and",1,21810.887837529408
West PLC,1,47704.92718732672
Cole-Johnson,1,10804.757384994833
Robinson-Peterson,1,24079.829799581443
"and Solomon Leon, Suarez",1,14649.696153990792
Casey-Lee,1,40435.128235299104
"and Bray, Garcia Little",1,20808.39692900785
Wright-Reilly,1,24821.473647637573
Martinez-Ball,1,39857.80970657801
LLC Castaneda,1,20504.830500595686
Oneill-Torres,1,5886.437355539528
"Martin, Fuentes Hopkins and",1,26809.548324325322
Allen-Morales,1,1144.3817135084319
"and Boone Hodges, Herring",1,19735.414972238083
and Sons Montgomery,1,21354.75850910665
Ltd Mendoza,1,39954.8815304752
Sons Fletcher and,1,27318.05499152861
"and Bell, Richards Burton",1,47272.69656867734
Guerrero-Boyd,1,27304.973170905163
Snyder-Good,1,41145.63226848394
"Murphy, and Brown Diaz",1,44157.171466165644
"Ray and Stephens Obrien,",1,45239.18486962368
"and Klein Phillips Obrien,",1,38275.70676928697
"and Coleman, Perry Owen",1,6333.121109576162
Ellis-Ruiz,1,23201.326392727227
Clark-Tran,1,45594.889070635974
Henry PLC,3,43194.89925389506
Ferguson-Liu,1,46772.581198086344
"and Brown Larson Moyer,",1,3963.121128315197
Rodriguez-Howard,1,6877.477401439592
Sons Flores and,1,9594.886274485909
"Gomez and Espinoza, Wilson",1,14564.74608273018
PLC Garcia,5,128745.68133849077
Guerrero Group,1,34020.24959386381
"Russell, and Barnett Williams",1,12869.428491816165
Johnson-Taylor,2,46919.482699863285
"Zamora, Glass Brooks and",1,18515.737926567926
"Juarez Sims, Henry and",1,42492.112601072935
Thomas-Adams,1,47906.00901443315
Lee-Bridges,1,14779.837730392463
PLC Wong,1,8031.512296662963
"Gregory Hudson, Romero and",1,21810.829288395726
"Jackson Gonzales, Giles and",1,32678.492494452974
Reilly-Taylor,1,21424.858740981963
Lee-Mays,1,10803.74668000606
"and Garcia, Martin Jackson",1,39546.57994904178
"Crawford Rhodes, Cruz and",1,38230.53692139751
"Woods Edwards and Ortiz,",1,44898.91892958142
Watkins-Bradford,1,36315.98958966224
Cole-Perez,1,24483.33638665491
"Spencer Hardy Williams, and",1,39065.08697903156
"Johnson, and Snyder Roberts",1,17329.054851722278
"Golden, and Morgan Green",1,49132.53813306478
Ltd Lee,6,182560.8874450933
Cabrera-Lawrence,1,32809.020520657316
"Davis Williams and Oconnell,",1,6760.662733079234
Mullins Group,1,45955.337007751434
Miller Ltd,11,275058.034416909
"and Brown Carlson, Mcintosh",1,38488.181996308966
"Beltran, and Hodges Martinez",1,35781.55844410238
"Brooks Mason, and Andrews",1,11476.628531485905
Jones-Daugherty,1,45371.50249457408
Fitzpatrick-Pierce,1,34487.338463015716
Sims-Shaw,1,37303.87451909311
"Reyes, Williams and Moreno",1,5022.361041796989
Haley-Jones,1,18826.93515186853
LLC Burton,1,7138.1448764420775
Hansen-White,1,11590.102259798277
Gilbert-Daniel,1,13970.414461309741
Turner-Duncan,1,31796.38180527883
Macdonald-Wallace,1,24019.884709101196
"and Green, Kane Hammond",1,25012.64108644917
"and Black Ruiz Lee,",1,30477.53364803243
Brown-Blanchard,1,42060.96774286134
"Silva Cabrera, Rodgers and",1,42924.3723164879
Rogers-Brown,1,18315.990953640307
"Gates and Roberson, Reynolds",1,13830.582836879708
Garner LLC,1,18683.517842550977
"Parks Steele Perry, and",1,3467.1513432182314
Robinson LLC,4,121555.91659279562
Rodriguez-Middleton,1,43667.141224295316
"Mcguire Obrien Thomas, and",1,49768.66614137808
"Long Gomez and Ross,",1,32036.078310889236
"Gray and Allison Wiley,",1,8008.823423774157
"Rhodes Decker, and Daniel",1,24409.26330257024
and Sons Phillips,1,42385.05366784161
Romero-Hernandez,1,30302.70317107779
"Bennett, Gonzalez Webster and",1,44439.1420163887
"Davis, Eaton Williams and",1,45903.54649917729
Inc Curtis,2,72702.239861762
Erickson-Walton,1,30477.658932203332
"Nunez, and Garza Sellers",1,32339.003726499843
"and Wilson Santiago, Moore",1,21094.95762149687
"Roberts Perry, and Rose",1,48468.48604347245
Bryant-Hill,1,34518.14912157444
"Henry Garcia and Harris,",1,20182.213036115936
Hill-Rivera,1,45793.91099505312
"Knight Davis, Evans and",1,31787.84341629335
"Gaines, Mcclain Olsen and",1,43246.83590322029
"Ward Davis, and Palmer",1,50986.677789935406
"and Flores Wood, Estes",1,37911.19424206382
Roth Group,1,21299.653174918665
Gray Group,1,31271.23885749168
Kirk-Barrera,1,34021.99730425044
"Joyce Casey, and Horton",1,41366.11727670646
"Burton, and Zuniga Wilson",1,33786.90926378837
Escobar-Ballard,1,8586.046638707623
"Smith, and Newton Williams",1,2730.1051734917783
Vasquez PLC,2,13273.22808477574
"Patel Jackson, Atkins and",1,33056.82027344906
"Robinson and Cameron, Cook",1,37872.55865099344
"Rodgers, and Galvan Reed",1,4427.855420301908
Erickson Inc,1,11181.911324633591
"and Rivera, Barnett Sharp",1,6931.127100499973
Anderson-Johnson,1,13356.09044307244
"Moore Young, Campbell and",1,48493.570857971696
Moore-Jackson,1,6285.031009664499
"and Fleming Oconnell, Barron",1,16193.947945161624
Conner-Perkins,1,28451.175135027308
"Reynolds, Walker and Carey",1,44648.483470202955
Oneill Sons and,1,5078.9145019129755
and Sons Johnson,3,64987.832116844045
"Gentry Cummings, Taylor and",1,7851.238405659023
Burns-Murray,1,20058.18834156866
Wolf and Sons,1,16547.63748459194
"and Parker Harris, Fitzgerald",1,42822.25919390365
Miller-Martin,1,46322.68602007081
Martin-Foster,1,15009.780407174756
Sons Webb and,1,39389.29288273264
"and Mcguire Gallegos, Martinez",1,2941.5577478197906
"Long Smith Rodriguez, and",1,27637.996846752834
"Mooney Sanchez Rodriguez, and",1,27476.724550175517
Rich-Hopkins,1,10412.017551830517
Callahan-Davis,1,45407.371446419944
Cole-Parks,1,-53.83208587117724
Beard-Bell,1,16327.807068816257
"and Lyons Young Morton,",1,47248.78239520079
Mullins-Li,1,29589.705715036216
"Johnson, and Ross Harris",1,33681.57264410157
Brown-Yoder,1,41982.374396232575
Johnson-Perez,1,39390.93554708493
Bush-Brown,1,17813.930503887397
"and King, Vega Jones",1,2068.429203629516
Rogers-Robles,1,36287.38506426071
"and Thomas Strong, Cook",1,47701.4774328691
Brooks LLC,2,22354.941274885285
Castillo LLC,2,63208.63963396697
Sanchez-Green,1,17621.519131563615
"and Gordon Lee Yang,",1,16964.060341213913
Sims-Castro,1,16572.900300740876
Johnson-Mckinney,1,17144.735991287256
"Carter, Carter Evans and",1,6432.153332156164
Smith-Carter,2,33247.34234287134
"Cobb Rubio, Williamson and",1,47087.82738021887
Williams-Smith,1,36063.783979170425
Hodge-Morgan,1,13362.790118424295
Robertson-Kaiser,1,47750.02146863125
Watson-Gillespie,1,10974.880237903904
Walker-Maxwell,1,13683.95480198837
"Barker, Moody and Johnson",1,9401.724287806674
Huff-Graham,1,35592.96205716901
Walters-Buchanan,1,7343.628823716144
"Mcneil, Keller and King",1,32065.126680448262
"Stevens Turner, and Smith",1,15597.603314675303
Carroll PLC,1,15049.947620985113
Bryant-Perez,1,28596.394487104906
Chan Ltd,2,38199.733739685675
"and Jimenez Copeland Franklin,",1,28652.455183187758
Richmond-Munoz,1,8701.081837784544
"Rowland, Gutierrez and Delacruz",1,17126.149903529673
"and Mason Stewart Gardner,",1,30715.8379728645
"and Serrano Walker Hudson,",1,19119.572410121244
Krueger Group,1,6119.594467854686
Pratt Ltd,2,59893.19754939937
Booker-Hubbard,1,34693.64802374602
"Johnson, and Hodge Novak",1,8981.274873619916
PLC Estrada,2,26904.330829800318
Cantu LLC,1,8522.86226041686
Gaines-Mitchell,1,20900.555451463242
Ltd Byrd,3,98988.28145781158
"Brown Roberts, Roberts and",1,40426.64740450538
"Foster, Gilbert Baldwin and",1,37008.55548203558
PLC Booker,2,50753.227512736456
"King, Aguilar and Ellison",1,38756.29662114665
Sloan-Jones,1,21801.875301804797
Sons Christensen and,1,15922.619097634799
"Leon, Smith and Leblanc",1,32792.8843990215
Clark-Lyons,1,37737.78393710324
"and Brown, Vazquez White",1,45700.81415198649
Williams Sons and,4,139517.7081153955
Martin-Porter,1,4484.110918910048
Christensen-Carey,1,35083.00234510207
"Schmidt Hendrix, Alvarez and",1,3315.787039849557
Allen Ltd,2,26994.71892310765
Davis-Olson,1,45882.07049905476
"Nelson, White and Wright",1,2609.729887243792
Mcgee-Horne,1,42103.46431686355
King-Padilla,1,11418.012056101488
PLC Dean,2,42109.4971797946
Wilson-Butler,1,48381.46931778625
"Cross, Johnson Simpson and",1,42067.12732131649
"Schmidt Wright and Dawson,",1,36488.68783514061
Walker-Barron,1,11396.715365285585
Haynes LLC,1,12920.188842429414
Moore-Weiss,1,42205.7988749173
Vance LLC,1,43091.5146530103
"Lewis Rollins and Nicholson,",1,31078.522513027245
Ashley PLC,1,19053.104214765975
Lopez-Adams,1,17968.840259802888
Holt-Moore,1,37929.66954322316
Morgan-Dickson,1,16313.074039260713
Williams-Larson,2,73792.02879810354
"Bailey Combs, and Anderson",1,26443.487324649737
Dillon-White,1,45344.21263678227
Sons Shaffer and,1,16417.28458820712
Snyder-Perez,1,3305.1058655572006
Ballard-Jackson,1,37977.95164469907
Williams-Rubio,1,30659.92171645216
"and Watkins Estrada, Butler",1,7747.459399211085
Barber-Adams,1,6091.341529454111
Johnston-Turner,1,49919.588677487045
"Singh Burns, and Pierce",1,48264.86229102499
"and Wilson Powell, Flynn",1,23116.920004025105
"Harvey, and Kemp Smith",1,19110.872590615596
Smith-Butler,2,29851.141944136667
Wright-Haley,1,27574.497848430932
Kaiser Inc,1,43065.593375526965
Walker-Mckinney,1,18070.492124403143
Ltd Wilkerson,1,46407.12844518322
Cameron-Le,1,37252.22195314951
"Brown Bartlett Lowery, and",1,12991.168481823788
"Archer Thompson Mahoney, and",1,16249.508258092372
"Everett and Morrison, Mccormick",1,19713.490784681544
"and Bennett Holland Davis,",1,9447.014161197581
"George Cole, Graham and",1,16212.066583483587
Stanley-Jacobs,1,33378.17373298008
"Wood Harris, and Wagner",1,1889.3161575315867
Group Herrera,1,42208.956899177174
King-Baker,1,34422.620282531694
Underwood-Stokes,1,12573.330033361659
Cardenas-Montgomery,1,41554.23420797222
"Ruiz Daniel, White and",1,46524.722855250635
"Sanders and Powers, Wyatt",1,1726.2840342765217
Hopkins-Aguirre,1,41417.651491400975
West-Young,1,28899.18575874838
Ryan-Mcneil,1,8731.482274590808
"Kane Porter and Robinson,",1,30718.546280834835
Dillon-Richard,1,30953.782256784834
"Baker and Thompson, Johnson",1,4084.515472447586
Stewart-Dominguez,1,40055.594153053
Lee-Casey,1,32780.30769106374
"and Parker Jackson Gilbert,",1,27668.38277060664
Potter-Fernandez,1,22577.57055350415
"and Mahoney Johnson Vasquez,",1,27620.764717427424
"Copeland, and Crawford Stark",1,17625.27451579228
"Wright Torres, Murray and",1,33025.40326309956
"Hernandez, Jones Garrett and",1,4577.465519371403
Malone-Lee,1,23701.14433665363
Taylor-Jones,1,17085.919918295316
"and Davies, Wilson Ortiz",1,20081.95165735687
Henson-Smith,1,38641.8104599983
and Parks Sons,1,40721.4600929639
Lindsey Ltd,2,24212.748455427773
"Harrison Foster and Daniel,",1,25416.332602473856
"and Hatfield Mann, Strong",1,22690.598724395197
Ltd Hughes,1,21549.10720056324
and Adams Sons,2,39640.87310010339
Irwin PLC,1,46893.38628486737
"Caldwell Snyder, Smith and",1,21419.26679956405
"Brown, Wood Nelson and",1,13299.442556436017
"Gibbs, and Rodriguez Koch",1,50057.829378075476
Spence-Keller,1,3790.04371877775
"and Johnson Coleman Jackson,",1,14071.246608242185
Jackson-Orr,1,26870.996475423108
Ltd Ramirez,6,144353.9196925236
Gilmore-Mills,1,10626.348202548212
Yang-Shaw,1,5253.510613591226
Woodard PLC,1,33163.348200852066
Hays-Peters,1,7542.850685547031
"Jackson, Foley and Klein",1,12852.666360937752
Ltd Olson,2,63458.38095169434
"Rogers, and Sanford Henry",1,6366.410182955141
"Watts Walsh, and Reid",1,24285.198665825563
"Hayes, and Lee Adams",1,11791.640091092937
Roberson-Ibarra,1,27963.05182083512
LLC Hill,3,42216.91875202609
Salazar-Peters,1,6484.25752667238
Love-Barber,1,25703.837809248213
"Willis and Santos Bowen,",1,44538.36798250999
Lee-Martinez,1,19756.56864659365
Estrada-Johnson,1,49326.84151973968
Roberson-Brooks,1,33956.17612540319
"Carr, Johnson and Hall",1,46095.719988392615
"Ward and Casey, Fuller",1,3354.361385403155
Wong-Gonzalez,1,28482.13655818704
Roberts-Mathews,1,5822.715029251027
"Wright Hall, and Nelson",1,30685.045566561603
Rogers-Duran,1,9790.910937009054
Tucker Sons and,1,49391.33442239714
Sons Bailey and,2,38711.12914975987
Pierce-Simon,1,12658.68937731506
"and Romero, Meyers Davis",1,37338.088786345616
Luna-Cruz,1,16749.537464783883
LLC Andrews,3,105257.396100635
Davis-Potter,1,19271.963395433904
Inc Fowler,1,36407.512746176704
Martin-Pitts,1,49437.30818670207
"Garcia and Cunningham, Griffin",1,3439.9228989881913
Jackson-Williams,1,43686.13353655436
Ramos Group,1,3126.1843102791763
"Miller, Smith Whitaker and",1,41920.70239897913
Proctor-Washington,1,29235.839277272036
Mendez-Wilkerson,1,19726.46873502615
Clay-Davis,1,43244.25476493268
Williams-Solis,1,17054.743273437045
"Jackson, and Rose Osborne",1,35178.80604044014
"Fisher, Morgan and Jackson",1,15296.183353616274
PLC Reyes,5,140574.1419278174
Burgess-Callahan,1,22249.636145200515
"and Johnson Evans, Frazier",1,43402.42094282211
Wilson-Farley,1,40589.3203131563
"and Cochran Crawford, Best",1,32331.11556810225
"Larson, Austin Gonzalez and",1,22962.459457519384
"Day and Johnson Collins,",1,10841.837342002558
"Morris Collins, and Roman",1,28734.299046929154
"Donovan and Forbes, Newman",1,25534.662540522557
Thompson-Solis,1,24400.86560770687
"Watson Peterson, Huang and",1,43560.674316069715
Dawson-Archer,1,18898.86927657435
Parker-Roth,1,38373.910248079555
"Robbins, and Harmon Orozco",1,8821.172566275625
"Morales, and Gray Winters",1,13104.501654939475
Webster-Gilbert,1,35805.16316025275
"and Rose Dunn, Santos",1,10641.298903198272
Smith-Dodson,1,47997.180336446654
Ingram-Hernandez,1,37155.25454111214
Li-Lopez,1,25815.201663262917
Brown-Simmons,1,20312.765391378627
"Valentine, and Gonzalez Cook",1,6690.309679262452
Gomez-Bradshaw,1,27533.943644125186
Chen-Munoz,1,36948.486063085526
Bowman-Garcia,1,15989.07992510309
"Lopez and Jones, Byrd",1,19894.88839364764
Gallegos Group,1,47545.97661175968
Peters and Sons,1,35556.99910331587
Faulkner-Thomas,1,8334.086545537479
"and Williams Stevens Hall,",1,17665.300055469794
Berg-Haney,1,9633.091724818729
"Wilcox Garcia Coleman, and",1,45625.587052394345
Miranda-Mccormick,1,29307.170791504035
Watson-Diaz,1,45892.39452310805
Benton-Rocha,1,34869.17839681376
Burnett LLC,1,40170.00756774024
"Collins Nelson Beck, and",1,25351.924352546193
"and Thomas Palmer Cooke,",1,36065.53969862836
Dunn-Fisher,1,38489.502007849005
Adams-Gomez,1,27840.782967241277
"and Pope Weber, Stewart",1,29948.152485743514
"and Black, Lane Drake",1,18534.9371922818
"Smith, Fox and Perez",1,20519.543627749623
Williams-Montgomery,1,7065.336818939735
Brock-Hogan,1,41150.8907454541
Wiggins PLC,1,44278.797072610774
Martin-Webb,1,15410.83862738653
"Long Elliott Dickerson, and",1,35846.464211208746
Duran-Durham,1,20935.894150836953
Austin-Reid,1,16087.196176826114
Sons and Schaefer,2,52348.85318103556
Inc Ford,1,25302.112634011213
Cox-Hester,1,10352.20848674086
Ltd Walton,2,49106.290566310294
Carter-Camacho,1,45438.90694636938
Lin-Alexander,1,45775.20384648719
Mckenzie-Miller,1,6860.887731132408
Sanchez-Lopez,1,26725.433219464805
Smith-Fields,2,16950.77308644372
Bradley-Beck,1,2983.430930861952
Whitney Inc,1,6034.295012094847
"Wilson, and Jones Barry",1,34656.296455219
"Mathis, Robertson and Davis",1,10734.630629557289
"Martin Oconnor, and Smith",1,36776.01574559335
Graves-Parker,1,8872.235226917057
"Schmidt, Lynch Martin and",1,22770.71356999039
White-Alvarez,1,15335.843258840787
Rodriguez-Roberts,1,12564.456309334984
Ellis-Wilkinson,1,10605.905618623834
"Shaw Allen and Gray,",1,27285.917502699893
"Moore Reid, and Freeman",1,46845.00605534996
"Hudson Bond, Russell and",1,21825.13247754292
Lewis Inc,5,115619.6611283157
Cruz-Hayes,1,3201.8099760156783
"Blevins Taylor and Castro,",1,20249.44274295996
"and Miller Scott, Williams",1,21144.73424642896
"Shepard and Walker, Guerra",1,9395.438333910053
Wilson and Sons,3,58226.38455607904
Davis-Joyce,1,8765.890433065131
Williams-Christian,1,41554.35370734966
Klein-Obrien,1,17260.7046017612
Brown-Jackson,2,39361.89430690138
"Meyers Harris Sanchez, and",1,32812.937491165976
"Smith and Lewis Ross,",1,33787.03449666563
and Oliver Sons,1,21144.6794490241
Esparza-Smith,1,40183.5608780339
Fernandez PLC,1,21408.560706538807
Greene-Christian,1,4261.989148830178
Chavez-Clark,1,5753.289844156494
Gamble-Gonzalez,1,9631.292575523139
"Rodgers, Solomon Jefferson and",1,46644.72729780782
Calderon Ltd,1,36999.264202730796
Cooper-Farley,1,22613.94596855967
Jones-Howard,1,8336.34810096945
"Brooks, Allen Rose and",1,48319.78098898607
"and Jones, Carrillo Stanton",1,42095.76756716237
Gordon-Washington,1,31213.411401978516
"and Donovan, Sullivan Jones",1,39569.38198461314
Miller-Jenkins,1,21578.809647713308
"and Holmes Mcbride Landry,",1,44255.31394763539
Ltd Mclaughlin,1,11432.815062821961
"Walter Mcguire, and Lynch",1,35025.02808765083
Ortiz-Watts,1,30257.13015486912
"Bell Rodriguez, Weaver and",1,9177.506291511956
"Martinez, Bailey and Braun",1,1611.3586647783911
and Sons Howard,1,9908.86190120148
"and Peck Braun Simmons,",1,42664.608983424274
Acosta Sons and,1,5808.691684830136
"and Branch Benson Jones,",1,24474.458115818357
Lowe-Rhodes,1,19520.47653394802
"Rivas Lopez, and Gonzales",1,44712.86073261902
"Bell, Choi and Nguyen",1,2017.0204531383808
Campbell-Ellis,1,36445.20376776078
"Ortega and Tucker, Howard",1,16816.99410764096
"and Nguyen, Santiago Richardson",1,44622.438615416795
"and Blackwell, Moore Griffin",1,7729.062088578414
"Jordan, Pruitt Brooks and",1,49700.21766706276
"Jones and Jordan Sanders,",1,27071.747426348687
Hawkins-Long,1,40821.418953258275
Hubbard Group,1,35709.625419658456
"and Little Hoffman Baker,",1,40386.183910696025
"and Anthony Nelson, Griffith",1,47764.51114972861
LLC Patterson,2,74845.76031977868
LLC Ballard,1,20232.271959245183
Mason-Sims,1,33014.90042239536
White-Lewis,1,19556.005442665442
Mcgee-Ortega,1,7969.999527229094
"Allison Rodgers Sullivan, and",1,957.4506390118452
Sons and Fields,1,18540.92213741163
"Raymond, and Turner Sanchez",1,11026.426109273378
"Holder Johnson, Morales and",1,12842.786257263291
"Kennedy, and Wood Gill",1,23260.395739081105
Cooper-Taylor,1,40637.79335648944
"Saunders Perez, Proctor and",1,41840.816890881426
"Parker Patrick, Garcia and",1,24135.937301651742
"and Johnson Waller, Stevens",1,17088.782549659914
Stark-Berger,1,16836.16524180826
Cox-White,1,20155.3795189742
Morrow Ltd,1,23137.045121885203
Snow-Stanley,1,47126.09929384846
Cruz-Jones,1,42652.394995987524
Group Daugherty,1,31005.333509196364
Parker-Brown,1,18281.77807488487
"Johnson Lang and Evans,",1,11195.104963871503
PLC Murphy,1,4341.724873390356
Cannon-Chambers,1,26164.020637739595
"and Todd Munoz Foster,",1,14644.516573423085
"Schmidt, Miller and Dawson",1,34687.00784361498
"Pruitt White and Kelly,",1,46510.42038937415
Perez-Stafford,1,3134.211305164389
Rogers-Clark,1,5080.400377718104
"Sullivan, Mason Roach and",1,14176.685637676293
"Hamilton and Smith, Clements",1,30503.79737739855
"Barnes, and Johnson Alexander",1,20671.785309189054
"and Hartman Payne Schultz,",1,46478.31322729072
Walker-Wilkerson,1,47170.64735506612
"Clark Barry, and Johnson",1,18249.019787992584
Blair-Edwards,1,16604.63585444162
Schaefer-Porter,1,12576.795609050234
Hamilton and Sons,1,38403.576578283406
Solomon PLC,1,36632.31835451989
Hancock-Lewis,1,46268.729036760655
Sons and Sanchez,3,81758.04074591635
Mitchell and Sons,3,22293.07672790948
"Reese Adams, Lara and",1,2948.5457903048873
"Foley Nelson, and Thompson",1,49553.135886828764
"Chen, and Avery Green",1,8501.149965553423
"Hunter and White, Campos",1,44882.518828222244
Fernandez-Vasquez,1,19336.59467759803
"Thomas, and Hatfield Wright",1,15571.166454122504
"Hayden and Miller, Schneider",1,23900.295114571334
"Carroll Lewis Weiss, and",1,25462.71314339168
"Walker, Smith and Aguilar",1,33520.73954017559
LLC Myers,3,53330.329731736674
Group Long,3,66973.31731726855
Carey PLC,1,11958.827374615195
Reed Ltd,2,48171.34325105023
Hunt-Foster,1,37594.01292299546
"Jackson, and Mitchell Moyer",1,21850.04761335427
Miller-Wagner,1,46066.21542732903
Ross-Terrell,1,5806.713930589205
Fox-Matthews,1,39918.899150441284
"Obrien and George, Miller",1,40030.55170071154
Young-Mcclure,1,12404.915989691428
Ingram Sons and,1,35763.15222595607
"Bryant, and Peterson Evans",1,28478.280257674203
"Myers Walsh, Schultz and",1,16259.873144945139
"and Wells, Hernandez Salinas",1,11665.256229206974
"and Wade, Rodriguez Acosta",1,47210.78228414499
Franklin Group,3,92019.67022740126
Eaton-Barnes,1,9666.908972886938
Taylor-Beltran,1,5438.974002438063
PLC Dennis,1,15163.368767843962
Richmond-Mcdonald,1,34187.841723388665
"Rodriguez and Bass Gordon,",1,18642.17893523288
"and Hogan, Walker Murphy",1,24281.26464711176
Sanchez-Davis,1,38156.79962354759
Oliver-Griffin,1,32106.120733758005
Barnes Inc,2,19803.541069815532
Ltd Allen,4,133118.0881520125
Harris-Hanna,1,29571.24535387093
Martinez-Haynes,1,37811.880350552085
Murray-Coleman,1,16788.088977372856
Ltd Murphy,3,83404.74320178345
"and Hood, Snyder Price",1,32181.141268985368
"and Jones, Burns Cantrell",1,32673.519718070787
Schmidt-Ford,1,32612.697020124502
Clarke Ltd,1,39618.75044294985
Wong Group,1,19681.95177342582
Drake Inc,1,44983.29990982988
"Johnson Stone and Morris,",1,47638.48729949634
"and Chandler, Smith Adkins",1,46848.97892628146
"Sanders, and Grant Carroll",1,23588.052442205997
"Barber and Rodriguez Thomas,",1,22345.624652656286
"Evans Mendez Mitchell, and",1,2730.442446969365
Guzman-Whitaker,1,22655.357441673736
Ortega-Boyd,1,7987.898958496585
Williamson-Acosta,1,25144.474078671465
Dominguez Inc,1,41369.19794280936
Brennan-Wood,1,47504.52357991597
"and Mcdonald Bridges, Turner",1,26959.84186755761
Mcdonald-Curry,1,35486.54491596473
Bonilla-Oconnell,1,49276.34534043834
Spence Group,1,29670.27366196247
Wilson-Gomez,1,27420.568512343372
Short-Hayes,1,32927.698328922976
Murphy-Vance,1,21417.427404235066
Smith-Barton,1,19136.71023868743
Butler-Rogers,1,9609.484535576645
Donaldson-Murray,1,4470.498980620875
"Vega, Salazar Rojas and",1,45159.76003951984
Odom PLC,1,23454.932936879875
Solomon-Taylor,1,12937.620132906051
Johnson-Russo,1,15957.689628053458
"Cook and Smith, Crane",1,22786.298920963818
Kennedy-Perkins,1,26715.368602920753
Lee-Peterson,1,24258.78992965761
Inc Pittman,1,46186.99111606867
Hart-Butler,1,3385.933482129165
"and Hopkins Robinson, Warren",1,40576.10949120277
Ayala-Boone,1,49197.33704311908
"Peterson and Clark Thompson,",1,14133.664077367188
Spencer-Webb,1,518.9116854665823
Chapman-Hale,1,38127.65710434267
Krause Ltd,1,34875.98069157039
Villegas-Blake,1,8215.988594671795
"Fernandez Sanders, and Elliott",1,9461.582304333315
Parks Group,1,13676.00852457359
Moore-Orr,1,27479.886645199495
"and Summers, Boyd Nichols",1,28444.416007662763
and Sons Lynch,1,26066.487565363346
"and Carter Werner, Mcknight",1,2866.714399018489
"Mosley, and Henderson Mcclain",1,4754.266414672541
Foley-Allen,1,28498.60971592216
Miller-Torres,1,25542.447806299337
"Lopez Walls, Parker and",1,47087.263112023495
"Wilson, and Boyd Hoover",1,37423.38436844087
Boyer-Johnson,1,39614.592205174944
Gillespie-Mason,1,20928.60492977446
Rhodes-Young,1,30746.627356476863
and Sons Huber,1,42510.3717156135
Vega-Mccormick,1,37898.38821487807
Bates-Ashley,1,1765.4700310524768
Evans-Kelly,1,20675.953308277392
Mathis-Schwartz,1,13928.280133899598
Inc Holloway,1,25152.2938878587
Archer Inc,2,69726.31781669238
Munoz Ltd,2,35067.20015480246
Thomas Ltd,5,158244.5740894891
"Berry and Fischer, Wells",1,45053.27038293828
Lee-White,1,14108.662397606497
Parker-Petersen,1,42966.499367580334
Wallace PLC,2,67540.16910228676
Klein Inc,1,22261.423471742244
PLC Santana,1,31419.291948510883
Jones-George,1,35006.015877985155
Ltd Carson,1,6948.144633876157
Patrick-White,1,42201.90065509918
Ltd Jones,10,282964.6344417882
Miller-Santiago,1,41030.236508446316
"Santana Brock Morris, and",1,47484.26560816846
"Flynn, and Lee Mcclain",1,26255.922697908307
"and Ward Smith, Villanueva",1,46188.61848195183
Decker-Cardenas,1,3588.9338772806445
Wolf-Hernandez,1,5597.817699077209
Burns Ltd,1,49206.01615158692
PLC Schmitt,2,13098.856070112673
Figueroa-Johnson,1,10688.252792666297
Terrell-Gonzalez,1,2887.287940687451
Inc Henry,1,14786.041300304047
"and Lyons, Washington Horne",1,19052.94558108329
"Thompson, and Sharp Melendez",1,25931.69193457529
Davis PLC,7,187724.51488872178
Williams-Baxter,1,44464.60631218278
and Tucker Sons,2,35217.277501456585
Williams-Hoffman,1,9686.747682946769
Chapman-Gibbs,1,20147.46934307926
"and Jones Stevens Tyler,",1,28079.59080819708
"Carson, Jordan Hines and",1,27265.73360495788
Armstrong-Williamson,1,46847.37914657182
Baldwin Inc,2,55425.8984392059
"Ramos, Dunn and Kennedy",1,33087.943093992944
LLC Scott,4,87763.53358592078
Ray-Olson,1,9562.578751332676
Morales-Hernandez,1,19829.122942586004
"Stewart Gray Sweeney, and",1,38754.03007975924
Mata-Holland,1,42929.849412463256
"Leonard Watkins, Marshall and",1,19309.576043257282
LLC Hurst,1,19734.33921717644
"Gill and Mckinney Garcia,",1,43984.548617059474
Peters-Richards,1,11241.609822506376
Bryan Ltd,1,25266.34347656938
Cooke-Gillespie,1,25628.30293242021
Inc Lambert,1,27035.25521968304
Sparks-Marshall,1,25245.73554153887
Turner-Medina,1,46566.22175562398
Ltd Cabrera,1,37474.701421270285
"Mcgee and Harrison Young,",1,43488.537231218346
Romero-Santos,1,51075.520985919524
Sons and Frye,1,26970.286711707864
Ruiz and Sons,1,-124.75643301614309
Turner Group,2,65006.204978712674
"Campos Walters and Smith,",1,42734.210212493505
Duarte Inc,1,11712.824524015323
Gutierrez-Black,1,25600.492383263972
"and Chen Martinez Williams,",1,30232.24765124526
"Wells, and Jensen Valdez",1,26010.329313421054
Sons Holloway and,1,32092.234350086812
"and Lynch Brown, Stewart",1,32752.862818941416
"Livingston, and Mendez Harris",1,40018.92467976614
Warren-Garza,1,21983.995056051022
and Sons Oneal,1,10936.393769068156
Schroeder-Vega,1,42664.42950357489
Ramirez-Tate,1,8876.256022001355
"and Little Taylor Stewart,",1,31154.84741608564
Smith-Elliott,1,12151.140029279699
"Harris, Vazquez and Simpson",1,48460.9125260722
Patton and Sons,1,34953.50073905519
Mercado-Cummings,1,29470.73706830387
"and Scott Buchanan Cooper,",1,14486.437161008627
May-Gomez,1,49359.50593674619
"Williams Morton, and Stanley",1,11948.865893615786
"Fox, Murphy Parker and",1,38533.12628558485
Ltd Sampson,1,33028.897799790946
"Hartman and Sanchez, Roberts",1,41472.88039751273
Dennis Inc,1,7594.20326506347
"Burke Howard and Underwood,",1,28824.95066738124
"and Adams Bautista, Roberts",1,38683.84530954843
Wilson-Perez,1,29698.025785969963
Schultz Inc,1,47562.59298600434
Ltd Park,1,4950.094506224675
James-Wall,1,7362.125028416382
"and Serrano Peters Romero,",1,30477.943314563578
"Hernandez Padilla, and Green",1,48851.88159962273
"Maddox Fitzgerald, and Collins",1,23052.821731095835
"Palmer and Odom, Ibarra",1,46834.049363989914
Lane Group,2,80628.39739545714
"Hayes Smith, and Young",1,24271.483214009993
PLC Jennings,1,32955.36245069035
Martinez-Martinez,1,16495.374200007514
Gonzalez-Taylor,1,44829.7342913616
Dixon Ltd,1,6705.041272918122
"Hernandez and Reid Edwards,",1,14877.352544587973
"and Meyers, Curtis Bowers",1,33898.39444375135
"Clayton, and Wheeler Parsons",1,15591.691866953786
"and Wilson, Davis Nguyen",1,39818.35297798225
"Reed, Sullivan Larson and",1,10514.742407658074
"Gardner Patton Zimmerman, and",1,11137.062188094535
Rice-Taylor,1,12166.429694447857
"and Romero Gibson Perez,",1,35388.51255422226
"Torres Fitzpatrick, and Mcguire",1,17005.53487533604
Reilly Group,1,17773.005380441147
Lopez-Dixon,1,3474.6842666314797
Johnson-Goodwin,1,15701.82327325373
Wright-Jimenez,1,26368.146138035212
"Miller Page, Cole and",1,10791.54085294278
"Taylor Avila, and Moody",1,19897.23600772197
Inc Fox,1,29984.79715365326
Kim LLC,1,43888.37815835163
Donaldson-Frey,1,41939.11993669633
Marshall LLC,1,27278.2368852241
"Johnson and Delgado, Bennett",1,44393.180527655255
"and Garcia Wade Richardson,",1,36551.05475160793
Boone-Duffy,1,23483.496843877438
"and Neal Barrett, Bailey",1,10484.922616617245
Higgins Inc,1,34092.48329400681
"Hebert and Morgan, Wilson",1,38755.11345082393
Brown-Zimmerman,1,30140.928723106696
"Young Downs, Russell and",1,9301.510161924905
Tucker-Lewis,1,50489.19554265317
Rodgers Ltd,2,75575.7754714503
"Young and Reyes Collins,",1,47603.83620007316
"Patrick, and Tyler Arnold",1,16436.789131713285
Glass-Taylor,1,13972.898247164463
Wilson-Lewis,1,3855.3325367879306
Inc Tate,1,15909.05866941612
"Gonzales Garcia, and Smith",1,24505.120500136232
"Bailey Roberts, Nguyen and",1,42048.45692825071
White-Marshall,1,22407.95521474744
Ltd Stevenson,1,32498.29881144863
Mitchell PLC,3,74527.74435600778
Madden-White,1,32703.83041992631
Gross PLC,1,36888.711793067196
Wade Sons and,1,29864.5476558583
Lopez-Miller,1,42016.659945318366
Bailey LLC,2,54808.0121725978
Bell-Lawson,1,1043.4638156170708
Hicks-Caldwell,1,16325.974544724937
"Davis, Guzman and Hill",1,24814.0913293023
Evans Group,3,88342.98038414327
Jimenez-Smith,2,28775.647432629594
Moreno PLC,1,25162.64034069834
and Sons Garcia,2,43703.27855743017
Mason-Roy,1,3249.315610546721
"Anderson, Long and Soto",1,14535.714672362566
Miller-Gibson,1,36973.28247402527
Wilkerson-Lewis,1,36970.07548148127
"Green Melton, Marquez and",1,29900.063449299185
Mccarty Group,1,24016.36921263006
PLC Gutierrez,2,43877.78972898748
Banks-Callahan,1,31311.161709566393
Richardson-Harrison,1,15480.113767516934
"Trujillo, Friedman and Wyatt",1,23892.70627776924
Sons Rivera and,2,46371.33077247414
"Conrad Brown Bautista, and",1,5327.598685529158
"Pineda, Ayala and Waters",1,18263.964941015223
"Williams, Simpson and Cunningham",1,41134.1375321284
Ltd Moyer,1,44295.204785131646
Inc Ramirez,3,90113.01294756134
"Jordan and Espinoza Garrett,",1,14625.229607503565
"Reyes Jennings and Henderson,",1,33565.82524706132
Booker-Wilson,1,42360.310789485935
Hampton LLC,2,29962.67337326837
Jackson-Hall,1,30359.48263125799
"White and Long Dorsey,",1,32363.482452213284
"and Lin, Friedman Lopez",1,41549.10846833397
Short-Williams,1,44619.24814087884
Sons and Goodwin,1,46217.75404876151
"and Young, Carpenter Henry",1,45396.088549307424
Ltd Buchanan,1,2260.048283573249
"Oliver, and Bradshaw Hall",1,34117.46613658836
Mcclain-Huang,1,36676.78214339751
"Bridges, and Galvan Davis",1,17347.790673323154
"Taylor, and Ortiz Reid",1,7876.8492253809945
Brown-Collins,1,5347.764302807934
"Torres Vazquez and Boyd,",1,6372.416355343137
"Kramer, Russell and Marshall",1,26231.07332893623
Mathis-Dorsey,1,42399.6243903706
"Brown Williams Le, and",1,44300.81306208813
PLC Knight,1,47689.81596251728
"Bell, and Craig Brewer",1,35694.64445108518
Grimes-Christian,1,31137.735171379612
James-Miller,1,16499.19024615683
Beck-Turner,1,23421.606371778722
"Williams Morrow and Beck,",1,47484.23491283955
PLC Gamble,1,44624.99624411735
"and Summers Edwards, Bailey",1,14716.126167374234
Group Ellison,1,32643.06390441321
"Anderson, Barry Davila and",1,13094.144651035585
"and Campos Grimes Taylor,",1,45908.800956619096
"Jones, Barnett and Cantrell",1,31265.758268318834
Edwards-Wood,1,15203.37437508984
"and Tate Richardson King,",1,48108.218595675
"and Case Mccann Davis,",1,8003.800653149518
Ltd Atkins,1,41886.70854232966
Anderson-Moore,1,31438.482185230634
Cook-Hammond,1,47801.07610569713
and Porter Sons,1,33215.88466741256
"and Brown Walsh Casey,",1,33940.97793375033
Glover Inc,1,8012.338344451993
Lewis-Gonzalez,1,12148.863656829291
Harrington-Schultz,1,32079.178459551647
Dudley-Silva,1,5820.0121350276
"Olson, and Green Garcia",1,20258.333792946734
Ltd Hartman,1,1786.4172475878247
Williams-Mercer,1,33961.922787099815
Hunter-Mccoy,1,42243.86019115781
"and Eaton Terry Oneill,",1,18487.661119684584
Burch Group,1,42747.53682192462
"Beltran, and Marsh Harris",1,45727.854210362726
"and Hernandez, Garcia Parks",1,5198.432477711943
Taylor-Nguyen,2,31576.17741227671
Reed LLC,3,97666.89485559113
"Gordon, Fox Lane and",1,40469.56625910051
Jones-Aguirre,1,34262.609469234085
Hoffman and Sons,2,50189.26223811426
Coleman-Dawson,1,42605.6353407704
Boyle-Woods,1,6653.591560493032
Jones-Ellis,1,44041.5737381922
"Medina, Wright and Shaffer",1,49899.94595355122
"Jacobs Owens Smith, and",1,7656.635667950255
Inc Duran,1,17011.78250361432
Lewis-Greene,1,14571.42279970705
LLC Miller,5,55507.06031307007
Mcneil-Fernandez,1,40703.57594404255
Barnes-Alexander,2,76822.06049008641
Group Cunningham,1,20530.586807712596
Jackson-Ross,1,48190.693340067715
"Woodard and Ellis Casey,",1,11034.372693757135
Murray PLC,3,66247.32578850645
Scott-Walker,2,73327.54083143493
Stewart LLC,4,35432.85062580922
"Love and Mitchell, Powers",1,44500.075374950364
Robles-Reynolds,1,14262.035511775322
Ross Group,3,51036.528492583224
"Villa Valdez and Herrera,",1,33517.02819487863
Inc Martin,5,157513.7266044818
"and Harmon, Willis Frey",1,20610.92171431997
Rich Ltd,1,39421.80190823727
"Willis, and Mckinney Holmes",1,37496.70472741902
Brandt-Austin,1,40379.128270631525
Mcdonald-Carey,1,34207.24357404425
Brown-Wells,1,26883.73182899318
Bradley Inc,2,75221.60950960225
Burgess Inc,1,15383.795161302098
"Sims Peck, and Davis",1,829.9762402303613
Glenn Group,2,52205.505608532
Keller-Martin,1,29392.009756578922
"Good and Robertson, Carter",1,49930.787931101084
"Bennett and Harvey, Curtis",1,45592.26859757225
Jones-Moody,1,40706.371845244146
Rivera and Sons,1,13107.354525769819
Hayes-James,1,15403.413469366764
"Johnson Jones and Kennedy,",1,23508.265240928446
West-Ruiz,1,866.2639046489895
"and Diaz Phillips Kim,",1,1187.7766388799093
"Bradley Woods Morton, and",1,14421.749511764416
Mitchell-Rogers,1,13007.88736491442
"and Hall, Robinson Perez",1,6729.6335397913135
"King Greer, and Gonzalez",1,13165.672455838096
Spencer-Berger,1,11979.065794066464
Mccormick Inc,1,39490.934049082265
Chavez-Rodriguez,1,38017.18978591349
Carroll-Huff,1,11564.615353974275
"and Jones Graham Short,",1,2858.8911637005695
Sons Hoffman and,1,44372.75207800146
Inc Roach,1,9857.862153585822
Hernandez-Gaines,1,36162.06115484973
"Smith Palmer, and Rodriguez",1,11952.172773218877
Group Higgins,1,39694.3854275416
Morales-Martin,1,17348.84970677216
Porter Inc,2,48507.64633957386
Lawrence-Barton,1,27153.41425125717
"Bishop and Fitzpatrick, Craig",1,32988.866557821944
Allen-Gray,1,50189.232368190336
"King, Clarke and Sharp",1,17128.920014229916
Velasquez-Roth,1,46506.41575636591
"and Williams, Sandoval Castillo",1,14162.863831075763
"Larson Heath, and Richard",1,3526.427179407679
Shields LLC,2,39655.60826281725
"Graham, Taylor and Nelson",1,23827.309567043572
Keller-Allen,1,37711.49130460354
"and King Jordan Johnson,",1,15715.551078634571
"and Hall, Henderson Johnson",1,38346.75247592212
Owens-Lee,1,47616.58713508956
Ltd Campbell,2,85739.04621485138
Diaz-Harper,1,27308.308687372064
"and Garrett Richardson Davis,",1,49004.93435915598
"and Richards Todd Wright,",1,23251.5973797919
"and Cobb, Russell Jenkins",1,2471.9441460465537
"Scott Mcintyre, and Scott",1,38540.22996165519
"and Smith Smith Collins,",1,47288.84609384446
Inc Davila,1,24575.17224748418
LLC Schmidt,1,47707.42374364577
"and Castillo, Mayer Reyes",1,36535.70370302143
Barry-Whitaker,1,44289.15159038052
Simmons-Horton,1,38624.046305884316
Fitzpatrick-Gentry,1,30514.751859872253
Lloyd-Wright,1,36943.94362299324
"Baker Bautista and Benitez,",1,36160.10699903817
"Hartman, Shepherd and Garcia",1,317.81594547593363
Mendoza-Cain,1,33273.472618139276
Glover Ltd,1,17425.50687479674
"Keith Norris and Baker,",1,39622.38899295122
Martinez-Nguyen,1,29137.50558038827
"Lopez, Mccann and White",1,48654.83946861775
Murphy-Wilson,1,31155.465218194615
Hamilton-Johnson,1,538.7869792201598
Evans-Gray,1,13916.063861249932
Jackson-Copeland,1,4532.483553616875
Alexander-Oconnor,1,41150.19068714818
Sellers-Shepard,1,8762.503071692423
"Thomas, Bauer and Moore",1,11820.110765465688
Stephens Group,1,3356.4829390780465
"Ewing Carr Watson, and",1,8896.020945606582
"Thompson White, and Miller",1,23450.783863645025
"Garcia and Stone Hamilton,",1,46067.274143618095
"and Williams Brown, Hayes",1,24369.167122900035
Pollard-Burton,1,24282.463251441928
Jacobson Ltd,1,42439.43968272669
Inc Frazier,1,18329.658600203224
PLC Rich,2,71929.27768958357
LLC Matthews,3,94876.12748455582
Ltd Rodriguez,1,42220.85730422838
"and Kim, Cox Pearson",1,17160.524033152586
Thomas Group,2,62260.376079949216
Group Acosta,1,9074.81326561909
LLC Ortiz,2,55950.410511501104
Mendez Ltd,1,17709.334755916432
Burton-Peterson,1,16810.466663099833
"Buck, Reed Smith and",1,19480.893064516993
"and Reid Keith, Blackwell",1,23703.518875872855
"and Garcia, Martinez Mason",1,38068.71846321117
"Daniels and Ewing, Morris",1,3287.6611185998377
"Ritter, and Thomas Johnson",1,8945.17678081434
Skinner Ltd,4,117588.70251721311
"and Williams Garza Smith,",1,9176.546734908761
Jackson-Burnett,1,48561.30519063602
Baker-Rice,1,45121.50936966582
Yang-Beltran,1,14055.263886950266
Benitez-Woods,1,37407.74435219653
Brown-Adams,2,48217.66805075668
"Morales and Perez Wilson,",1,3288.205124854549
"Duran Baker, and Mccullough",1,18682.505191827444
Peterson-Martin,1,20188.110351724434
"and Johnson, Rowland Lopez",1,25598.310635741193
Schultz-Berry,1,34011.5598767656
"Romero and Salazar, Holland",1,4479.703214934945
"Rodriguez, Reid Hawkins and",1,6414.854180720605
Velasquez-Watson,1,35842.7674174625
Frazier-Ashley,1,17352.63745832141
Vega-White,1,45132.40431412594
Gray-Hernandez,1,21020.13812459934
Thompson-Morris,1,39876.093575105384
Fitzgerald-Stewart,1,36869.94926901118
"Ramirez Clarke Maynard, and",1,44588.456912933194
Gray PLC,2,17934.782566055612
"and Atkins, Kelly Torres",1,16360.528284346414
Yang-Willis,1,41496.18626332473
Carey-Lee,1,37751.55199981478
Hernandez-Gibson,1,34198.17302909971
"Hoffman Blair, and Ramsey",1,49942.951305636096
Short-Morris,1,3131.8749484565233
Johnson-Simmons,1,10413.448348020458
"Scott Avery, and Campbell",1,10337.96776097676
Campbell Ltd,2,43821.88682296865
Valdez-Hamilton,2,43167.587299331135
Guerrero-Johnson,1,4664.838152468574
Boyd-Cline,1,27898.975293029187
"Ward West and Cruz,",1,37419.38272902935
Jackson-Jacobs,1,29463.122038753787
"Brown Pierce, Reyes and",1,18597.979829221124
Dunn-Weaver,1,9713.53713264464
Gallagher-Ali,1,12700.585949080942
Parker-Davenport,1,43962.058145082345
"Martin Mitchell, and Williams",1,47395.50553572444
and Mendoza Sons,1,9144.112985493963
"Brooks Flynn Burns, and",1,47352.31259066718
Smith-Shaw,1,7330.804850900471
Watkins-White,1,45822.31403203931
Beck-Anderson,1,40137.9631213372
Bradley-Warren,1,19451.821924492077
Cisneros-Davis,1,37940.103024259624
Pruitt-Mitchell,1,34888.063424850996
Ltd Whitehead,1,36128.952328958025
Cisneros-Moore,1,3361.7393811876423
Hernandez-Miller,2,75956.61844216392
Petersen-Brown,1,19298.838997571303
"Davis, and Rivera Larsen",1,43405.80854222243
Jones-Henderson,1,33827.58269233751
Rose-Wiley,1,883.0119320466888
"Rodriguez, Carroll Parker and",1,17660.100108266703
Baker-Soto,1,5543.720866698036
Inc Harrell,1,46923.16445902652
Moore-Goodwin,1,18328.533691311757
Gray-Mckinney,1,39512.96852974023
Gibson-Hayden,1,43278.72541578326
Mitchell-Cooper,1,18081.588883066535
Porter-Lucas,1,39801.80300737486
Gamble Ltd,1,4874.667260627364
"Aguilar Aguilar Tyler, and",1,43835.12280703835
Sullivan-Benjamin,1,44221.20253469023
Wells-Johnson,1,32777.33582089631
Wolfe-Gonzales,1,16128.732778994907
Patterson-Morgan,1,24868.31089078871
LLC Grimes,1,13677.980569849818
Good PLC,1,10701.222151860953
"Valentine, and Smith Holt",1,13002.935353370376
Garrison-Bruce,1,45769.6881429937
Lozano and Sons,1,10408.147978598307
Freeman-Chandler,1,39714.91278618841
"Reyes Cook, Vaughn and",1,49396.23677204017
Edwards-Golden,1,10167.677314492774
"Thompson and Robinson Middleton,",1,31505.393703040943
"Herrera, Hines Kerr and",1,5222.8679198237905
Duarte-Smith,1,46005.36432174289
Stanton PLC,1,11789.851482242542
West-Sullivan,1,27989.888255553517
LLC Macdonald,1,39647.81408109614
Simon and Sons,1,42701.63094921283
"Martinez Sanchez Davis, and",1,3746.4889036932123
"and Wheeler Garcia Garcia,",1,6723.343153119563
Christensen-Villanueva,1,13957.141264815433
Zimmerman-Wilkerson,1,27436.917873779534
"Williams Skinner Scott, and",1,14958.11001175492
"Gray and Murphy, Gray",1,48394.541878875905
Hanson Group,1,12081.679034664965
"and Anderson Smith Sanchez,",1,40598.42257087868
Anderson LLC,3,20775.70692217481
Perez-Smith,3,64587.910262945574
"Reed Valdez and Pratt,",1,32633.203074129015
Inc Meyer,3,76654.752976869
Gallegos Ltd,2,81322.5565025202
"Collins and Murray Taylor,",1,19769.292930192478
"Thompson, and Ruiz Vance",1,48887.06051652329
"Berger Sanford and Dennis,",1,20833.167474439328
"and Schmidt Black, Wells",1,24617.965115699153
LLC Lopez,5,178469.62894514206
"Smith Mcgrath, Burgess and",1,25618.41125649866
Davidson-Shaw,1,28513.1760123064
"and Phillips Thomas Richardson,",1,21484.452353323606
Hale-Livingston,1,31287.042116355668
Webb Inc,2,50343.98493828884
"Sims and Vazquez, Wilson",1,37056.306671053324
Ortiz-Franklin,1,37864.059453336275
Ibarra-Grant,1,20194.99965000813
Hickman-Clark,1,22175.51968802816
"Walters Phillips and Snow,",1,13331.159759300095
"Ryan Jones Wallace, and",1,48012.02421302471
Freeman-Weiss,1,30623.944940485995
Hill-Holden,1,48424.58259894736
Carter-Baker,1,45974.67490774411
Adams-Ferguson,1,18181.037889805048
Stokes-Baker,1,12817.927193218604
"Goodman Johnson, Gray and",1,37257.54529185452
"and Perez Bell, Wood",1,16051.402601638194
Ray Sons and,1,44581.14118413472
Martin-Booker,1,45573.65609291127
"Chung Sherman, Adkins and",1,42309.775733014925
Harrison-Gardner,1,19928.550480825797
Flores Inc,2,58804.493834765744
Inc Pineda,2,66321.04249236891
"Smith, and Shea Rodriguez",1,6986.808180964639
"Foley Collins, and Watkins",1,44533.60981313368
Black-Morrison,1,2989.154458847425
Thomas-Ramirez,2,25933.55753880507
"Levy Fisher and Carroll,",1,12500.183382975498
"Smith and Price Dalton,",1,6492.904405132391
Lee-Howard,1,25138.360491335075
"Terry, Mcdaniel Williams and",1,30255.824689469133
"James, and Erickson Nelson",1,14021.340979910117
Callahan-Wagner,1,9183.800199166453
LLC Charles,1,44049.31953308071
"and Hamilton Brown, Baldwin",1,46772.788527122466
Robinson and Sons,1,8197.106354099236
Parks Ltd,1,26430.632976096924
"Hampton, and Watson Lowe",1,21996.049354421833
and Richards Sons,1,39337.5496068423
Ltd Robinson,2,46626.085656604155
LLC Bowers,1,33960.910382181384
Velazquez-Carpenter,1,6373.782063133902
PLC Green,4,116004.2838274989
Atkins-Crawford,1,20884.92010001003
Inc Morton,1,6041.467823085735
"Morgan Lowe Carter, and",1,30317.233213268366
Cummings-Hernandez,1,34207.32223365476
Ltd Lane,1,8430.28530352138
Sparks Ltd,1,7597.92453826548
"and Kelley Bryant Baker,",1,42170.15362200319
Ltd Avila,1,50262.17730890381
Thompson-Acosta,1,27124.681590306278
Lucas LLC,1,41728.70570643323
Hurst-Caldwell,1,40049.19633499393
"Gray Marquez Rogers, and",1,13310.282497913895
Crawford-Taylor,1,3349.3983621260827
"Nunez, Potts and Green",1,14689.5911125795
"Pace, and Greene Lambert",1,7013.005292574341
and Green Sons,2,54065.54196958643
"Rivera and Lindsey, Liu",1,32368.135108550567
"Snyder, and Lowery Figueroa",1,7474.509616734038
Jones-Martin,1,38287.75371754957
"and Schwartz Schneider, Harris",1,22536.41345135196
"Mitchell Newton, Fisher and",1,38641.07590340152
"Jones Anderson Oneill, and",1,35517.54584824551
PLC Herrera,2,68070.89523408184
Smith-Valentine,1,5843.882865517622
Gomez-Mitchell,1,10595.516528955694
Smith-Palmer,1,40810.46047104782
"Hall, Brown Black and",1,19571.544372860455
Wilson-Henderson,1,29523.4993146355
Martinez-Villanueva,1,42225.09379069452
"and Castaneda, Mccarty Patterson",1,16518.259074179765
"and Johns Gardner, Brown",1,21448.77809611186
Thompson-Scott,1,9982.238146101468
Taylor-Whitaker,1,33062.10830633596
"Salas Curtis, and Davis",1,12730.096021851425
"Patton Sanchez, Zimmerman and",1,32984.534362520506
Gomez-Thomas,1,3780.384102053487
"Thompson, Bishop and Coleman",1,40774.946469097005
Hodge-Ibarra,1,8932.528167893672
"and Gross, Herrera Clark",1,7077.009860239334
"Acosta, Gordon Smith and",1,8416.570135234593
Anderson-Contreras,1,14024.800735181443
"Foster Gross Wiggins, and",1,28538.929325688838
Wilson-Norman,1,44924.23221914541
"and Marshall Townsend, Butler",1,1810.3053104236576
Gray-Humphrey,1,9497.857517025284
Chase-Nichols,1,7921.1582757130145
Ltd Oliver,1,11669.797843185459
Banks-Anderson,1,15486.577657974303
Jacobs-Brown,1,4361.291666819804
Walker-Aguilar,1,846.7345371973747
LLC Dougherty,1,41705.36878694547
Clark-Holloway,1,44817.275121842016
"Hill and Smith Sullivan,",1,30514.814293414267
Group Diaz,1,14333.545372998567
"and Tran Wall Harvey,",1,16938.79940758806
Brady-Greene,1,5628.173873356757
Perez PLC,1,27283.768098099492
Aguirre-Pugh,1,50025.48595002324
Spencer-Diaz,1,23357.17514328336
"Savage and Brandt, Rios",1,4383.824104107774
Sons Mcknight and,1,34327.62566794327
"White Wilson and Farmer,",1,386.0540546913368
"Brown Brown, and Sanders",1,49419.86801455786
Duffy-Jackson,1,5415.283510144211
Castaneda-Young,1,20852.146366162204
"and Lawrence, Williams Thomas",1,45888.704857973666
Barton-Johnson,1,14150.511553852119
Rubio LLC,1,45412.65981318692
"Day Myers, Mayer and",1,6609.770090178517
"Brown Cochran and Murphy,",1,20619.889336259148
"and Wilkins Davis Silva,",1,46615.40006072481
"and Chandler, Conner Miller",1,26873.00547125749
"Carlson Hicks, Fitzgerald and",1,30317.262371910612
"Harris David Reed, and",1,48728.53201882112
Thomas-Martin,1,8230.661929094862
Martinez-Pearson,1,8047.553612690377
"Hall Chang and Collins,",1,12716.587805805231
PLC Alexander,2,63676.885248658036
"and Fuller, Morrow Turner",1,39208.75237417951
"and Hines Gibson, Fritz",1,28906.811706769724
PLC Ball,1,41963.43102523446
Vaughn-Williamson,1,38676.1902138975
"Lewis, and Cole Vasquez",1,2465.9670327881768
Vargas-Wright,1,32056.339969896944
Butler Ltd,1,41131.89224758103
"and Levine, Rodriguez Boone",1,8903.16133435706
"and Lambert Pope, Snow",1,39885.8838765178
"Smith and Shepard, May",1,40605.870464390304
"and Liu, Thompson Mooney",1,36293.3178934575
Willis-Todd,1,23545.92254596663
Thompson and Sons,4,66427.05215995995
LLC Mayo,1,22963.145964014344
"Fuentes, Williams and Flores",1,12984.950845921601
Humphrey Group,1,14778.316564673016
Phillips-Morales,2,44633.041428768374
Ford-Olson,1,46596.86810659713
Parsons-Hughes,1,29894.6636726313
Newman Ltd,1,1120.3620558847592
Phillips-Harris,1,19729.398483565168
"Powers Smith and Vaughn,",1,33435.67626890415
"Rocha Walter and Vance,",1,47844.33676475646
and Sons Moon,1,38484.86198803261
Medina Inc,2,71298.17625642172
"and Owens, Hansen Allen",1,45509.63332783596
"Wilson Bradford Smith, and",1,36881.825369793354
"and Phillips Cooper Clay,",1,25174.20889918542
Hart-Allen,1,33063.52439456745
Reyes-Sanchez,1,22062.143450447555
Rodriguez-Long,1,45752.52312087211
"and Ellis Smith, Frazier",1,43361.21069030065
Coleman Ltd,2,68530.5024707978
"Robbins, and Chapman Edwards",1,13931.859378068457
Austin-Shannon,1,26939.56106641303
"Burke Garcia Carter, and",1,32614.431416226867
Richardson-Wells,1,31776.08910059599
"Burns and Williams Thompson,",1,36157.695523816066
"Foster Pierce, Anderson and",1,4725.0951257943125
Bell-Garcia,1,20140.750930848753
Ltd Alvarez,1,48910.495909558354
"Rivera Salinas and Cook,",1,40981.01524504406
Smith-Schneider,2,62628.94280405015
"Davis Daniel and Pierce,",1,41008.391214068826
"Miles, Schroeder Lopez and",1,9159.531603101073
Fitzpatrick-Ramirez,1,30914.8212771984
Allen-Fisher,1,15310.280871492863
Escobar-Peterson,1,4373.179501854322
Foster-Bowman,1,7906.982921886145
"Anderson Kim, Brooks and",1,49683.07512475054
"Johnson, and Robinson Peterson",1,43663.73458613539
Garcia-Juarez,1,36028.85876909452
"Thomas Murray Bowers, and",1,11176.400024761184
"Murray Andrews, Davidson and",1,11901.89415584179
LLC Alexander,1,31283.658036924182
"and Olson, Williams Keller",1,42140.40271183172
Flores-Bridges,1,49305.193315785335
"and Saunders, Hernandez Adams",1,22200.06407081285
Whitney-Davenport,1,22422.89323998255
"Hansen Watkins, and Fitzpatrick",1,19114.004256771095
"Fisher, and Ellis Clark",1,15017.969103210953
Kennedy-Park,1,32053.799305630895
Marsh-Adams,1,49951.86719319704
Daniels-Chang,1,43124.107534346505
Miller-Esparza,1,37804.598428185025
"Dixon Smith and Jackson,",1,22623.459994468
"Miller Morris, and Zamora",1,32061.835966657785
"Lee, Davidson Little and",1,15992.380994076419
Jones-Dickson,1,25701.800264936493
"and Brennan Hammond Fisher,",1,18331.306232546616
Davis-Reynolds,1,48052.87339493698
Morales-Chambers,1,24338.895709681794
"Rodriguez, and Jones Giles",1,43792.04407621476
Horn-Baker,1,8602.836589841088
"Merritt Lewis, Shaffer and",1,40001.52397641766
Reyes Group,1,17817.213849009237
Sons Taylor and,2,84356.28492962834
"James Christian, Jones and",1,47822.88302800216
"and Howard, Mitchell Perez",1,45892.12505902744
"Hanson Hughes, Ferrell and",1,48655.00255014703
Collins-French,1,24446.86369592348
Kirk Group,1,45701.70351892289
"Gutierrez, Wilson and Waters",1,35765.13890705076
Carpenter-Turner,1,17282.703584628955
West-Parker,1,17642.19331852128
Buckley Inc,1,25285.11310898381
"Bass, Martinez and Carpenter",1,5409.867855889319
Key PLC,1,39280.71604311115
Lamb-Mcneil,1,47098.58851273777
Williams and Sons,1,6896.013990024609
Andrews-Cantu,1,18727.913514659384
"Gallegos, Morrow Phillips and",1,41860.54291605841
Brady-Ryan,1,15892.475300571707
Wyatt-Palmer,1,43811.45835044415
Farmer-Santos,1,2876.032941351218
"Herrera, and Bowen Lane",1,6462.022251589931
Blevins-Martinez,1,31939.09226641483
Martin-Perkins,1,36561.53988482928
Jones-Browning,1,44134.55730927277
Brown-Collier,1,3670.041555444941
Cruz-Glenn,1,19852.383424151212
Gordon-Morgan,1,30957.146662450625
"Rose, and Petty Dalton",1,28132.41479863851
"Miller, Moon Boyd and",1,44278.23165677635
Blair-Bell,1,47454.594675132365
"and Perez Smith, Kim",1,7074.792709264505
Jarvis-Craig,1,45218.741051155965
LLC Gonzalez,5,132844.49080005477
Moore-Smith,1,28157.61794599653
"Jackson Hammond and Garcia,",1,3290.1474014435234
"Cruz and Hahn, Gibbs",1,7138.206761058356
"Garcia Duncan Peters, and",1,38136.61348322598
Inc Valenzuela,1,20825.724982133695
Suarez Ltd,1,47628.62758763718
"and Stone Booth, Garcia",1,5954.725693706063
Williams-Garcia,3,50838.177120780754
and Sons Evans,1,16473.886535778078
Walker and Sons,4,94803.15542489149
"and Wilson Miller Wagner,",1,27856.7620110542
"Holmes Contreras Boone, and",1,3102.0777460709296
"Graham Williams, Brooks and",1,20310.43278461634
Black-Sandoval,1,15845.313207601808
"Gross Bell Cross, and",1,33130.91510950404
and Sons Sherman,1,18234.70179099559
"Lambert Jackson Clark, and",1,23280.612196399212
LLC Reed,3,104635.0477388351
"Avery, and Mckenzie Kim",1,29311.912816610708
Waller-Miller,1,46234.64532594127
"Boone Anderson, Williams and",1,25334.427966853527
"and Williams Sanchez, Obrien",1,24890.811000700956
"Phillips, and Morris Marshall",1,31943.43693405156
Thomas-Carter,1,43638.86467940565
"Johnson Jones Robertson, and",1,2612.1543741893893
Gray-Bond,1,21288.96523656194
Gonzalez-Webb,2,42520.2226928358
"Gilbert, Brooks Peterson and",1,5544.369428350944
"Brown Baldwin and David,",1,12043.659508295024
"Murillo and Sanders, Morris",1,36946.386603282444
Rich LLC,1,33300.13648632495
Anderson-Norris,1,47854.58601537112
Cook-Rogers,1,36915.57717489071
"Taylor Bates and Gross,",1,13790.624955152909
Stewart Ltd,4,60962.602432062195
Kirby Group,2,29407.44109833922
Graves-Allen,2,52469.661359987556
Ltd Duncan,2,83559.8789178803
Sons Keller and,1,34984.26991050082
"and Alvarez Johnson, Nguyen",1,19757.196359818514
Green-Palmer,1,1927.7333982099542
"Lewis, Schmidt Mcintyre and",1,43957.96202647726
Bernard Sons and,1,3951.617820568865
"Davis Miranda, and Estrada",1,32786.31961615468
"Smith, Scott and Johnson",1,45161.20190070442
"Cook and Zhang, Mayer",1,46792.4777297251
"Lawrence, Schaefer Blanchard and",1,9087.235629057795
Simpson-Holmes,1,14312.662301682876
Frazier-Hunter,1,35155.850543832836
Miller-Bailey,1,31324.238411139835
"Stewart Ayers, and Mayo",1,10630.539043886693
"Ballard, Silva Anderson and",1,32602.40950478022
and Palmer Sons,1,32062.060589479897
"Stone and Johnson, Scott",1,15222.286426796378
Perkins PLC,1,47875.24261031095
Lopez-Tran,1,29171.729863291697
Castillo-Duran,1,26745.886402164982
and Sons Moran,1,26218.60953802571
Medina-Johnson,1,27545.30611019642
Gillespie-Reed,1,5093.012291540426
Torres-Cardenas,1,19933.719440256413
Hernandez-Scott,1,5816.490355956027
"Campbell, and Moore Mcguire",1,20857.37117427189
"Young Williams and Bell,",1,18600.239201470267
Johnson-Campbell,2,42027.53580477185
Weber-Moss,1,27987.16963826164
Navarro-Deleon,1,11462.858972979398
"Ochoa and Fisher White,",1,6912.748285207491
"Hernandez Davis, Vega and",1,46444.8539394002
"and Gomez Gates Smith,",1,4552.939280915449
"Cox, Hess and Smith",1,44882.512199038276
Kirk Inc,2,42715.619716883084
and Meyer Sons,2,38584.21272905846
LLC Jordan,1,15373.987408576975
"and Dyer Ramos Potter,",1,17191.41594427208
Torres-Jackson,1,38113.742903326034
Inc Sanders,1,18614.71750408583
Hebert Inc,2,49719.18748248968
"Young and Clark Dickson,",1,34218.387273033666
Gibbs-Boyer,1,26794.925252457037
Reynolds-Smith,1,16833.581604979317
"Johnson and Cantu Le,",1,44843.613137548185
Silva-Johnson,1,12933.31061739609
Martin-Carter,1,36384.79275307845
"and Jackson Acosta, Boyle",1,25680.658040704453
"and Lee, Gardner Anderson",1,13328.376851557208
PLC Zavala,1,49147.1618484591
"Swanson and Johnson Daniels,",1,9424.184987529668
Bean Inc,1,32902.449856603685
Myers-Taylor,1,1921.9795197154126
"Cobb, and Clark Robinson",1,8942.934117142579
"Edwards Graham and Solis,",1,4278.069633677534
Clark-Gray,1,19267.657745130866
LLC Terry,2,51584.61228962991
"Bush Miller, and Marquez",1,24004.43922650222
Li Inc,1,50583.79955682306
PLC Larsen,1,6224.104181250586
"and Mckinney Herring, Hodges",1,19116.59859024386
"Lane Riley and Fisher,",1,3840.7403633598965
Reed-Thornton,1,10837.42131711378
Ray-Newman,1,12352.311744531848
"and Gonzalez Davis Carroll,",1,21060.40789353767
Graham Inc,1,15815.79407469089
Lee-Harris,1,32080.561427468187
LLC Baird,1,24545.627581897348
"Carlson Gutierrez Miller, and",1,2973.965557823837
Willis-Clark,1,27959.017329016206
Allen-Johnson,1,24636.79400239194
Garza PLC,2,39311.243631969744
"and Garrett, Haynes Beard",1,49440.04231648143
Holt Inc,1,9824.0693755235
"and Gordon, Nicholson Blair",1,35834.83801855
Myers-Moore,1,45948.3860780929
Murphy-Watson,1,2926.663653856947
Dennis-Hicks,1,26830.390701516335
Byrd-Macdonald,1,29519.492811318883
Torres-Alexander,1,48000.95034243121
"Newton Smith, and Nelson",1,16653.02350849892
"Cuevas, and Garcia Kelly",1,11867.658479679654
"Gaines Alvarez, and Bryant",1,26545.835299804596
"Lin, and Hayes Bowman",1,9217.424132654953
"Powell Ward, and Mercado",1,3908.9465679463137
Russell Ltd,3,51861.17584982118
Burke Group,1,14039.886137560015
"Rodriguez Harris, Willis and",1,47551.57014253019
Sheppard-Livingston,1,28281.34837878976
Williams-Saunders,1,49446.45817935562
Giles-Miller,1,25856.220204486082
Rodriguez-Morgan,1,23743.09828566514
Brennan-Walters,1,20831.13595070171
and Howard Sons,1,19936.659746488425
Hancock Ltd,2,44629.23620979367
Montes-Evans,1,12150.467209481098
"Allen Garcia and Wolf,",1,25702.299610204038
"Duran Mendoza and Scott,",1,8656.283523875452
Garcia-Nichols,1,22810.13596093742
Hernandez-Valdez,1,14697.456429592234
LLC Wilson,6,150818.67855958734
"Ortega, Taylor Berry and",1,44407.343247251054
"Roberts Hale and Wilson,",1,22072.365830566716
PLC Chavez,2,31451.492255560705
"Bell, and Rodriguez Gutierrez",1,48558.88327605211
Sons Ford and,2,58303.29680842465
Inc Gomez,1,20410.121655486884
"Lewis Washington and Walker,",1,35096.87360956474
"Pitts and Wheeler, Crawford",1,43676.83442740547
Pineda-Gay,1,16167.664699156601
Inc Morgan,2,53832.51628237753
"Martinez, Lewis Mack and",1,44872.58706019364
"Hall and Faulkner Harris,",1,44114.19077640648
Simmons PLC,3,44620.87596578516
"and Carter, Copeland Santos",1,38537.28501305953
Johnston Inc,2,49629.351705293404
"and Arellano, Caldwell Mathis",1,16696.43493891873
"Burke Cain, Price and",1,6476.419808737048
"Olsen Edwards, and Williams",1,44175.60668675551
Rice-Gregory,1,6245.722916630137
Petersen-Mitchell,1,20253.886890590693
Hale-Franklin,1,44968.17138413095
Brown-Rivera,1,32260.549259123036
Murphy-Reyes,1,2779.948898176934
Greer Group,1,33554.47762795472
Farmer-Martin,1,31475.157836323142
Peterson-Hodges,1,29685.403043911276
"and Thompson, Thornton Hester",1,37202.988183334965
"Garcia Elliott and Williams,",1,23253.455929768723
"Jones Watson Hall, and",1,3361.3295109529795
"Evans Rogers, Sutton and",1,46334.36948501541
"and Keller, Garcia Rios",1,45162.76206065306
"Munoz, Lambert Lowe and",1,48819.19018603646
"and Shannon Mendoza Stephens,",1,16026.990231005215
Group Fields,2,81600.05346814005
Lopez-Hughes,1,-857.1259327108069
"Blackburn Weber and Carr,",1,15651.25657795227
Avila-Reeves,1,28888.991898747714
Phillips LLC,5,82029.08940995448
"Vasquez and Flores, Ellis",1,40238.66114400758
"Bryant and Kennedy Griffin,",1,712.7917163661712
Chen-Kline,1,47962.818189046986
LLC Bradley,2,73336.44884374805
"and Hall, Butler Mccall",1,35974.21237565453
"Howard and Sanders Matthews,",1,42969.59210950493
Sanchez-Meyer,1,6910.27068845323
Williams-Johnston,2,32575.456793949517
Sons Lynch and,1,42778.4911308287
"Kelly Green, Anderson and",1,45574.65664656944
Bullock Inc,1,11324.312218083243
Garcia-Harper,1,9534.350732114415
Diaz Ltd,2,31204.181746799695
"Duncan Bauer, Ramirez and",1,9312.208329678655
White-Thomas,1,22025.07246213612
"and Cain, Phillips Kane",1,47358.83986179786
Whitaker-Shea,1,14585.477101717473
"Henry Savage, and Cooper",1,19019.094234058357
Ltd Gamble,1,22796.653754193092
"Nunez Tanner and Murray,",1,7216.849634777967
"and Rivera, Mccoy Rivera",1,16473.02295671865
"and Green Guerrero Wang,",1,34056.65643594743
"Phillips and Webster Zavala,",1,27829.526215575563
"and Summers, Smith Saunders",1,17021.363956819678
Ltd Bolton,1,24757.324896111764
"Hood Cherry, Kelley and",1,48853.15291444683
Smith-Riley,1,40688.09603507715
"Becker, Humphrey Carter and",1,10449.417572402339
"and Smith Bryant, Gonzalez",1,31206.410224001724
Inc Peck,1,38969.08818483714
Inc Bautista,1,21381.234268353233
"Mathis, and Macdonald Ford",1,41073.1178001382
Ltd Buck,1,10325.932650365336
Hicks-Phillips,1,43000.18181933742
Dennis-Wells,1,47597.18292226814
Lewis-Russell,1,36577.303337941674
Hernandez-Dorsey,1,5514.165004220458
"Jones and Cross Andrews,",1,42086.109697711465
"and Andrews, Flores Brady",1,32201.082340632867
Carr-Smith,1,24639.15595866381
Williams-Rosales,1,19105.021827577668
Jenkins-Chan,1,7551.159436211703
Rogers-Morgan,1,3288.401132259395
"Jones, and Lee Myers",1,39092.77718760131
"Bailey Gibbs Curtis, and",1,21071.511454666474
"and Hopkins, Bartlett Washington",1,35541.08845697362
Tucker-Lee,1,3389.3121591919576
"Cameron Hill and Beck,",1,17662.63376333801
Inc Rogers,1,9162.06058222716
Zavala-Baxter,1,40844.879816642
"and Smith Wheeler, Stafford",1,44028.96366935238
Bailey Ltd,1,23864.88325182107
Wright-Arias,1,21861.18573852515
Lyons Ltd,1,43308.61673884873
"and Hart, Young Obrien",1,30483.020572984555
"Meza, Smith and Gardner",1,36283.70407380798
Murphy-Gray,1,21340.539047479324
Goodwin-Gutierrez,1,5937.4507054280575
LLC Mccullough,1,50074.22885722702
"Chen and Jones Reeves,",1,28056.23702395366
"Edwards Taylor, Graham and",1,25900.51950646167
Evans-Mitchell,1,14977.77927131635
and Mendez Sons,1,2229.3053500515157
Obrien-Richards,1,29504.641388800243
"Brennan, Hartman and Baker",1,25451.3613101046
Alexander-Sanchez,1,45713.63567265297
Elliott-Powers,1,40595.19717662173
Lee-Nguyen,1,21735.58640294359
Deleon Ltd,1,21684.034171587733
Webb-Curry,1,14531.482937481509
"Johnson, Allen and Golden",1,1781.171973771284
Wilson-Chen,1,14224.312292911767
Inc Pace,2,47610.58643063006
Kim-Ibarra,1,27878.850837775983
"Cantu and Tanner Rojas,",1,7437.418707997005
Baldwin PLC,1,41248.13083781064
"Glover and Oneill Miller,",1,22976.90758190705
Davis-Bell,1,45625.23810873334
"and Lopez Dean, Rowland",1,17869.42713892634
Ruiz-Williams,2,60709.020946639765
Thompson-Ritter,1,1631.5542700111496
Jordan-Bell,1,1579.920320608442
Pugh-Bryan,1,11641.005782003002
Kelly-Owens,1,50506.63047889892
"and Morris Davis, Soto",1,46057.541668598686
"Ellis and Thompson Nunez,",1,12582.582703158021
"Ward and Christensen, Russell",1,8308.03281184374
"Dean and Mitchell, Jordan",1,10588.036062934209
Inc Douglas,1,25925.804985070543
LLC Oneill,2,72864.5051824883
and Sons Davis,4,96485.93127051217
"Fowler and Mcdonald Schaefer,",1,7955.428002194437
Thomas-Reed,1,49512.17063238831
"Watkins, and Campbell Keller",1,34780.036447697144
Group Cooper,3,74947.98954539331
Salas PLC,2,51787.7105835305
"Malone and Hancock, Ryan",1,17556.773599786266
Johnson-Whitehead,1,49236.85831370565
Hughes-White,1,41741.26073746793
"Edwards Gibson Wheeler, and",1,48097.611165776725
"Chapman Harmon and Mcgee,",1,45687.78009342808
Garcia-Thompson,1,5132.524553377074
Nelson Group,3,73323.39956693425
"Lee, Martinez Hart and",1,19309.853920800462
Flowers-Salazar,1,26712.67209008504
Williamson PLC,1,1727.8991312123624
James-Ortiz,1,20804.274446778763
"Gray Reyes, and Duran",1,45499.34903427578
"Jackson Brown Hess, and",1,45423.12546129302
"and Young, Padilla Hunter",1,5856.56788243101
Group Blanchard,1,19362.51346896225
Castro-Sandoval,1,3326.1160968599406
Fields-Brock,1,41760.227120386575
Kaufman-Patel,1,3058.5299964371943
"Baldwin and Chaney Gomez,",1,26015.603339976817
Page Ltd,1,33364.321251255096
Ray-Lane,1,25683.629185719583
"Beard, Porter and Wolfe",1,34244.89205718754
"Potter and Romero Mcguire,",1,13673.955972035521
Mcintosh-Evans,1,35176.56177682761
Williams-Martin,1,20121.115618694348
"Webb, Frye Carter and",1,11011.601035318437
"Fry and Drake, Schwartz",1,15053.64634031889
"and Foster, Garcia Bullock",1,21777.818514658473
Lynch-Fleming,1,8158.830926420276
and Sons Christian,1,33453.54051548842
"Sanders Reyes, Webb and",1,16552.246648247383
Andrews-Lee,1,10215.53274307483
Johnson-Christensen,1,37014.897729511045
Luna LLC,1,40323.17863468228
"Lewis, Flynn and Barker",1,7761.40500255349
"Morgan, Reyes and Anderson",1,13600.893528227542
Andrade-Williams,1,11737.672529066425
Mathis Ltd,1,33351.62099643552
Sons Figueroa and,1,47852.094670184655
Prince-Best,1,39799.53693446031
Gilbert-Salinas,1,1682.4881865457412
"Wyatt Gomez and Herman,",1,12571.540401078622
Hooper-Norman,1,27918.817114406625
"and Franklin, Nelson Leblanc",1,27686.3281996267
Mccoy Inc,1,45794.452873880145
Walsh-Deleon,1,11556.028876741599
Anderson-Marshall,1,20516.01834467811
"Chang, Adams Brown and",1,20271.250583549772
Combs Ltd,1,10735.627506496177
"Miller, Gonzalez and Miranda",1,38176.50934468002
Fletcher-Andrade,1,32866.88708671067
Cruz-Mclaughlin,1,35171.350699231036
"and Martinez Sullivan, Ward",1,20714.44390586506
and Sons Duke,1,30679.32691100168
Griffin-Wall,1,14402.468530950897
"Steele, Stevens and Jones",1,27437.349570399874
Group Moody,2,27689.666520250248
Wilson-Melendez,1,3313.4459041203295
"Mathews and Guzman Miranda,",1,48488.170296557895
"Escobar and Anderson, Martin",1,38827.18226978839
Rush-Villarreal,1,19685.45241175083
"Daniel Reed and Brady,",1,5957.744393969056
"Hays, Robinson Elliott and",1,43347.17285097998
Graves-Pugh,1,48425.206875080155
Robbins-Koch,1,1794.7591661446875
Vargas Group,1,36337.21279324012
"and Peterson, Taylor Bridges",1,8946.712555239948
PLC Pope,1,8693.755843529998
Ltd Hawkins,1,39703.0958053363
Richard-Robinson,1,46128.45190261548
Patel-Castro,1,5216.680847223468
"Dickerson Lawson and Lindsey,",1,43716.77079491197
Woods Sons and,1,32736.5942074853
Humphrey-Glenn,1,42038.611163472495
Peterson-Fletcher,1,10406.48913325505
Schmidt LLC,1,21445.701192071578
"Smith, and Green Gray",1,49357.09126336061
"Wallace Middleton, and Martinez",1,29560.8502727856
"Perry, Walker Rollins and",1,19122.385952953806
Boyer-Page,1,9604.274350721822
"Smith and Noble Thompson,",1,4218.121514868681
Castro-Edwards,1,7691.379358263188
"Lamb and Ellis Harrington,",1,28969.204614232553
Good and Sons,1,13397.804409969529
"Gonzalez, and Hughes Roberts",1,870.3029093317225
Hubbard-Wood,1,18951.942235835522
"Young and Hinton, Wiley",1,13324.492605832997
Wolfe-Rowe,1,46382.04692380385
Campbell PLC,1,21513.772469378127
Jackson-Jenkins,1,22900.759558267662
"Hayes Cox Tate, and",1,5588.466574327612
Hartman-Shaw,1,21974.30020303475
"and Davis, Duran Thompson",1,47637.23463246438
Thomas-Kelley,1,2678.9539360591048
"Taylor, and Mullins Lara",1,7083.614266337014
Inc Cox,4,109076.33286952354
"and Frederick, Jones Garcia",1,3925.9338406051947
"and Fuentes Rogers Gill,",1,12605.74743982124
Perez-Mitchell,1,18467.079449113528
Ramsey-Thomas,1,38989.5337611512
Williams LLC,15,421102.5058608571
Ltd Dixon,1,48437.879591428486
Ramirez-Hebert,1,30659.375833619106
"Williams, and Howard Meyer",1,43582.94096475219
"Gill, and Casey Martinez",1,14361.086304076376
Inc Pruitt,1,33473.55013204379
Gibson Ltd,3,91815.51345771232
Wilson-Wilson,2,27099.230573312572
"Reese, Diaz and Johnson",1,12499.373659154564
Jackson-Webb,1,12780.263299818944
Inc Adkins,2,43565.966220572474
Sons and Johnson,7,183793.53126619576
Group Morales,3,85542.41351423408
Moore-Brown,1,17523.59132711801
Sparks-Hanson,1,16255.679737010038
Zhang Inc,1,40986.48420907616
Long-Mullins,1,5555.521523131938
"Smith and Perkins, Joseph",1,6314.322679988625
"Wells and Russell, May",1,6478.566613807511
"Bryan, and Cook Patrick",1,38174.67940908466
Ramirez PLC,3,81606.66491742482
"Brooks and Ramirez, Jones",1,11152.67428205904
Frey Ltd,1,38146.04079272983
Inc Marshall,3,73143.96374173247
Ward-Nelson,1,6880.141188109095
Reed-Bailey,1,10387.552110068898
"Rodriguez Cox and Benjamin,",1,32608.516380128243
"Lopez Parks, and Barrett",1,28991.831600895886
"and Barber Johnson Coleman,",1,33028.74246515039
"Bass Martinez Watson, and",1,8415.263244819473
"Rangel Anderson and Snyder,",1,3041.139308051636
"Mcfarland Diaz and Klein,",1,46759.58764233928
Inc Chambers,1,33237.62042690008
"Shields and Chandler Parker,",1,6421.713398967219
"Burke, Payne and Noble",1,9658.27135755046
Stokes-Wilkerson,1,34119.98316470941
Arroyo PLC,2,34136.580052962876
Coleman-Duke,1,18360.61600208718
"Mendez, Pierce and Fox",1,27422.733535745305
Rice and Sons,1,5127.438141642032
Ortiz-Sutton,1,27435.54083369808
"Cortez Anderson and Burns,",1,22391.004748156647
Stone-Davis,2,46064.591107371874
Vega Ltd,1,43562.67488756304
"Mcintyre Brady Ramos, and",1,43392.71506526133
"Miller Kemp and Cross,",1,9728.371969808935
"Ritter Graham Larson, and",1,16402.298223982463
"and Wilson Lambert Atkinson,",1,16965.364287893466
"Griffith and Bell Smith,",1,10427.122002643924
"Allen Sparks and Soto,",1,30406.91891749705
PLC Kidd,1,843.1418397697909
"Mckinney Brown, Dixon and",1,28937.100039218705
"Davis Dennis, and Johnson",1,25256.044323572278
"Kelly, Rodriguez and Logan",1,41992.55156150088
Martinez-Thomas,1,5639.086156277325
Pena-Ryan,1,19985.72599474997
Rhodes-Martin,1,44040.105970451055
Calhoun-Orozco,1,6029.451446686214
"Johnson, and Myers Smith",1,23913.80411358107
Peterson-Hoffman,1,36587.63778728321
Wilson-Estrada,1,24556.326066528527
"Vaughan Melton and Young,",1,16417.174121280106
Maddox-Harding,1,29831.647711244717
Gilbert-Cross,1,11194.346726994956
Woods-Garcia,1,48348.04075451041
"Cortez and Weiss Sanchez,",1,34987.912372094346
Butler-Robbins,1,13020.341137394036
"Harper Jordan and Thompson,",1,12127.726334111983
"Richardson Jones, and Scott",1,19537.593952459614
Rogers-Simmons,1,26582.83211590747
"and Hoffman Blake Hernandez,",1,7183.539480603252
Ltd Conner,1,35640.5065166928
"James and Miller Cardenas,",1,47940.712301829626
"Huff, and Green Phillips",1,29579.957137304384
"White Roy Dunlap, and",1,46263.24012867018
Wang LLC,1,30051.521316952796
"Charles, and Williams Reid",1,19737.650473608803
Roberson-Wong,1,18998.715283503847
Weiss Group,1,32341.17631238651
Sawyer Ltd,1,42862.693438746224
Guzman-Norton,1,11185.68885650321
"Martinez, and Hammond Hicks",1,48418.8421569977
"Stewart Garza and Webb,",1,37816.62759142233
Glenn-Kim,1,47839.914269384106
"Middleton, Watts Robinson and",1,23864.382596309533
Sons and Lee,3,104821.16735252303
"and Munoz, Stevens Adkins",1,25593.000705910606
"Mcmahon, Woods and Fields",1,43793.33547991891
"and Garcia Williamson, Wallace",1,12663.74080868696
Jimenez-Bautista,1,35792.30398786743
"and Mclaughlin Martin Morrow,",1,5379.674055928277
Gaines-Alvarez,1,29653.10673787567
"Scott Lang Riley, and",1,10081.141861486416
"Harris, Terry Hicks and",1,16935.234582359597
Martinez-Bass,1,50160.84546443675
Peterson-Williams,1,14902.947026197908
"Dixon, and Bender Nelson",1,26792.175626504653
"and Sharp, Boyle Oconnell",1,19206.591091936087
"Farley Payne and Walker,",1,18557.216854474358
Edwards-Buck,1,14798.590223997662
"Sweeney Beltran, Reynolds and",1,1525.4235330390688
Tate-Phillips,1,12785.653231159788
Elliott-James,1,14981.37049632613
Powers-Hawkins,1,15798.034216299586
Ferrell-Hill,1,5137.411382229368
"White Mitchell and Hurst,",1,2481.50742352126
"Gordon Carter, Brown and",1,20257.525039739434
"and Stewart, Garcia Johnson",1,35398.181977811815
Miller-Lawson,1,24637.090064033247
Woodward Ltd,1,43353.40395231945
Perez-Carlson,1,17855.80106776281
"and Hess Delgado Foster,",1,32535.448366090404
Bailey-Hunt,1,8867.74666914176
Moore-Pierce,1,33653.654883162475
"Weeks, Carey Johnson and",1,31013.91950442644
"Byrd Moore, and Norton",1,33762.125937360666
"Hughes and Wong, Tanner",1,32893.81307650217
"Patrick, Munoz and Banks",1,47263.31572495158
"and Solis Fisher Davidson,",1,47560.09364180231
David-Sellers,1,14735.405267710632
Jones-Humphrey,1,39451.94963085866
Winters-Powers,1,24815.507257410427
Hill-Johnson,3,83195.66314771885
Brooks Ltd,2,62790.70862202173
Baldwin-Wheeler,1,16063.778048994993
"Giles and Barnett Ortiz,",1,14281.1916626242
White-Graves,1,2591.1699009326476
"and Thomas Butler, Crawford",1,35444.9967968351
Mckinney-Johnson,2,68682.2623257345
Long-Herrera,1,41886.05071982197
"Lee Bowman Cooper, and",1,47856.410625640056
Peterson-Cunningham,1,10727.132621955316
Smith-Cruz,1,3179.6425362017335
Rivera Ltd,1,30292.354817230716
"and Galvan, Villa Decker",1,15035.768097539742
Torres-Hayden,1,18999.32843405176
Burton LLC,2,50350.067642865404
Morrison-Snyder,1,28063.614618732256
Brown-Lopez,1,10700.683235801162
Ramirez-Harvey,1,37313.92436092385
Garcia-Brown,1,18085.88984763393
"and Conrad Ponce Washington,",1,31057.961173114345
Melendez-Meyers,1,25317.636710651987
and Sons Miller,2,49846.66650973032
"Barrett, and Quinn Mann",1,12960.654111113217
"Smith Fields, and Cook",1,47607.18848413396
Perkins-Bernard,1,13970.367827589069
"Adams Murphy and Lopez,",1,20523.142205171545
Ball Inc,1,43040.02851407891
Simmons-Calhoun,1,46847.5192108751
Ltd Brady,1,39765.042252923115
"Larson, Ruiz Nguyen and",1,24331.428726230508
Morris-Franklin,1,20909.583198974204
"Cunningham, Aguilar and Acevedo",1,48482.644657858225
Buckley Group,1,45238.15697700719
Brown Sons and,3,71803.47763854539
Navarro-Johnson,1,6652.555077923766
"Vance Bailey, Phillips and",1,20589.667079304163
"Taylor, Boyle Dalton and",1,43935.22690507995
and Velasquez Sons,1,37723.355171878
Wood-Tucker,1,42202.19161160514
Mcdaniel-Love,1,22966.060516424004
Santiago Group,2,22694.975385823156
Hendricks-Smith,1,38338.48501687489
"Prince Hall and Crane,",1,27159.42757307974
"Newman Blair and Harvey,",1,35648.835020275605
"Lyons and Foster Rodgers,",1,30128.150071639302
"and Lopez Moore Evans,",1,45282.93896034506
Greer-Cortez,1,16992.159657588374
Robertson-Massey,1,24447.878527622583
Beltran Ltd,1,33051.1520049928
"Davis Jones, and Salinas",1,37418.60391027689
Smith-Sullivan,1,34280.643945059084
Ward-Franco,1,43763.90662807981
"Mcdonald and Smith, Smith",1,29837.160088467626
Mccoy-Rios,1,12870.419273110369
Fleming-Franco,1,35019.25896045132
"Jackson Carrillo, and Sims",1,49864.69568609915
Mcdonald PLC,3,80969.9305912139
"Martin and Boyd Bradley,",1,11751.938384605082
"Davis and Gutierrez Freeman,",1,30554.930791869014
Tran-Peck,1,44436.623220046065
"Williams, Lewis Castillo and",1,27405.977652682916
"Ramirez Avery Obrien, and",1,11461.282778824228
"Hughes Livingston, Dorsey and",1,30628.18173257604
Group Compton,1,42492.61428697817
"and Spencer Shepherd Carter,",1,3118.2136955049127
"Herrera, Sanchez Griffith and",1,28245.866583293264
Group Peterson,4,134533.6077811831
Sons Burns and,1,23569.933142549515
PLC Mcintosh,1,48682.164288081236
Group Coffey,1,40795.9947555415
Manning Ltd,1,13383.622780770156
Scott Inc,1,26785.734865997187
"Smith, Johnson and Booth",1,8380.695789279465
Stone-Hale,1,23120.596964767858
"and Payne Graves Torres,",1,5777.883998107717
"Burns Powell and Castro,",1,4836.8577430931555
Williams-Guzman,1,31618.996592243257
Silva-Sanchez,1,50711.72714521877
"Gutierrez, and Powers Chapman",1,22645.626894351946
Ltd Massey,1,23396.676636055352
Stephenson-Moran,1,24183.192908158162
"and Adams, Patton Carter",1,43656.57325603983
"Baker, Arellano Diaz and",1,37180.60767588362
"and Patterson Cortez, Ryan",1,28081.69190931488
"Martin and Thomas Eaton,",1,5381.577520838017
Hamilton-Miller,1,30906.551312881264
"Hensley Cohen, and Hill",1,25169.060604322556
"Jones and Hill, Medina",1,14294.898234310773
Choi-Harris,1,28349.444844680365
"Lambert, and Barry Jones",1,45772.852222561596
Long-Williamson,1,31039.113802571992
"Ramirez, and Alexander Bell",1,27841.37801029437
"and Martinez, Davis Luna",1,38250.25237724481
"Greene and Cummings, Jones",1,48720.51838489999
Webb-Brown,1,33541.56789112139
Wagner-Rodriguez,1,2071.930283898567
"Stewart Dodson Stewart, and",1,24139.193355748306
French Group,1,41063.93803593305
Preston-Levy,1,50197.900983850945
"Graves, Whitehead Weeks and",1,5148.1256049953545
"Pena, Rich Taylor and",1,3462.5986751267396
"Rogers Nelson and Griffin,",1,8532.945709312615
"Taylor Dougherty Terry, and",1,1543.9470870534171
Wright-Oconnor,1,49325.434804896235
Hines-Frazier,1,45949.20937392847
"and Miller, Gonzalez Hall",1,39533.20522523566
LLC Watkins,1,45372.49943663109
Roach-Jensen,1,8717.74050654767
"Scott and Jones, Adams",1,32061.577161254743
Short-Gallagher,1,44231.44470280878
"Brown Byrd Stevens, and",1,36582.62680974852
"Mccormick, Rodgers Young and",1,14767.015237041607
Stokes-Taylor,1,13564.396056100075
Reed-Benson,1,46763.26486113651
PLC Bean,1,3878.8768059565573
Barnes and Sons,1,32629.067748235255
"Ortiz, and Rios Price",1,45010.79763902513
"Young Wright Davis, and",1,21072.767468832488
"Haynes Lopez and Simon,",1,23545.37994067853
Owens-Douglas,1,18620.84904695403
Austin-Galvan,1,29441.691325240427
Ltd Simmons,3,75597.25021505816
"Willis Stewart, and Warner",1,7701.043313670002
LLC Long,2,56434.8110098196
Moses-Randall,1,8690.270052290243
"Gray Snyder and Perez,",1,21854.134980702132
Phillips-Walker,1,4189.2980123817015
Inc Elliott,1,46310.2183178841
Stevenson Ltd,1,7864.79204958754
"Patterson and Hall, Kidd",1,49095.70925651611
LLC Montoya,2,68224.463707318
"Lewis, Brown and Freeman",1,2040.111940379966
"Williams and Gonzalez, Mitchell",1,8500.164816742956
Davis-Carroll,1,16033.98299508111
"Rivers Poole, Coleman and",1,2239.4126451728434
Singh-Reyes,1,49596.646975800475
LLC Tran,2,42255.03550582067
Gray-Lee,1,33490.89798262898
"Ortiz, and Lawrence Cunningham",1,40940.68334125454
Grimes-Ramsey,1,34418.679991883415
"French Wells, and Schmidt",1,41845.145430124074
LLC Phillips,1,5777.512087313406
Parker Ltd,2,47257.55395197293
Sons and Lucero,1,13678.167229189148
"Lee Conner and Bradley,",1,42393.741840320705
Stewart-Clark,2,64895.001746866954
Group Nelson,7,90027.28571819002
Underwood-Jackson,1,12407.802687390948
"and Thomas Lopez Lamb,",1,40278.99085632309
Abbott-Castillo,1,18397.74214816412
Long-Barnes,1,15747.998765577158
"Savage Thomas, and Warren",1,44919.370796390955
Jordan-Ayala,1,50036.42037167448
Craig-Perez,1,3127.4746849325784
"Garcia Anderson and Olson,",1,18278.023545994714
Freeman-Cruz,1,3743.874122491314
"Page, and Ho Hatfield",1,17063.36731216046
Carr-Nash,1,10605.648666714711
"and Ramirez Leach Davis,",1,22771.93966713255
"Coleman Mcdowell Collins, and",1,44397.04909373566
"and Peters, Mills Diaz",1,26673.714306362865
Waller-Lewis,1,4357.82574554843
"Anderson, Gardner and Walker",1,14131.316810105598
Morgan-Williams,1,17753.324609319858
"Ruiz Chambers, Santos and",1,4397.525577724658
"Mclaughlin, Butler and Macdonald",1,36154.78330024449
Chapman-Smith,1,8150.596968727452
"Beck and Martinez, Salinas",1,24321.454451715494
"Ramos and Martin Scott,",1,41860.270413815706
Coleman-Brooks,1,7401.918724897885
"Lucas Jones, and Casey",1,9060.998450250432
Ritter-Blankenship,1,40974.82524425881
"and Marshall, Burton Mueller",1,40942.13678540441
Huynh-Adams,1,12716.06797023126
"Morrow, Jackson Poole and",1,6558.316177775238
Elliott-Sutton,1,2635.8991203646783
Pearson-Patton,1,36464.683373067994
"Blackwell, Francis and Phillips",1,1815.2685732353186
"Patterson and Riddle Jones,",1,47701.138701455806
Martin-Jones,2,49789.06114819586
Kent-Hunt,1,17363.134284810916
Cortez LLC,1,35013.69000349908
Kaiser-Monroe,1,5629.728985291789
"Johnson, and Wallace Palmer",1,23007.09643860659
"Santana Mathews Barker, and",1,41645.75699959756
Castillo-Mays,1,23643.826374572272
Barnett-Simmons,1,24003.53400761957
Ltd Sandoval,2,95189.1140475514
Barker-Marshall,1,48029.17035801971
Singh-Chandler,1,25944.838725124144
Webb-Rojas,1,21870.67380211147
Daugherty-Miller,1,2238.93900672008
"Morales, Newman and Contreras",1,27734.023055655063
"Stephens, Hinton Watson and",1,13998.243806916342
"Norman, Garcia and Finley",1,33437.31051985519
"Thomas Anderson, and Cox",1,7110.495160632672
Dillon Inc,2,37594.25839457015
Deleon Inc,1,33992.56806050043
Madden-Nunez,1,1579.0370102164302
"Lyons Gilbert, White and",1,25016.377526434462
"Schaefer and Watkins, Leach",1,40392.59424765485
"Smith, and Horn Kelly",1,3611.8324767222143
LLC Mendez,1,28765.553079957415
"Torres, and Lawrence Wright",1,25084.42534235305
Hernandez-Murphy,1,4769.397447606637
Jones-Powell,1,20723.753625166606
Parsons-Morales,1,34895.98223481669
Perry-Mack,1,10841.794742517644
Reed-Schmidt,1,15091.25758918627
"and Carter Hughes, Hooper",1,17955.975838007213
Knapp-Murphy,1,21348.051254618927
"Conway and Wilcox, Cowan",1,43227.603380912085
Anderson-Gaines,1,46187.24953259911
Lee-Weiss,1,46490.75109595231
"and Woods Guerrero Alexander,",1,30727.40280421255
"Rodriguez Boyd and Ward,",1,42776.16197371849
Guzman-Oneill,1,42671.37238120135
Ltd Vasquez,1,46260.718867905096
Blanchard-Wilson,1,18720.339894036286
"Smith Martinez, Munoz and",1,38329.80654949842
Shaw-Henderson,1,17548.84603421297
Romero-Johnson,1,28733.37958787671
Davis-Rodriguez,1,29606.09317768264
"and Hicks Murray, Green",1,20991.589611015195
"Velasquez and Walker Russo,",1,21296.518726963837
Charles LLC,1,38520.011193699655
"and Woods, Rodriguez Williams",1,6657.347141431693
"and Miller Prince Rodriguez,",1,10767.376669832578
Inc Howard,1,5471.7298167228955
Ltd Larson,1,42868.12013974878
Inc Travis,1,19554.00804895843
"Mcknight Perry Rivera, and",1,38497.7418379952
"Long Riley Lewis, and",1,31693.900794076744
"Jackson Parks, and Hickman",1,36047.1714265766
"Bailey and Wilson, Scott",1,23845.791168104395
"Alvarado Sullivan Miller, and",1,33378.64229368837
Thompson-Barnett,1,17734.260954569963
"and Khan, Foster Beard",1,3099.398301427721
Inc Lewis,3,104804.29881003476
Hickman-Briggs,1,33713.095181124445
Evans-Powell,1,33728.28526412783
Combs Sons and,1,6566.826709074956
LLC Thompson,5,100674.6163619281
Mitchell-Murphy,1,9596.094113438792
LLC Ross,2,68098.67836542765
Sons and Ramos,2,12546.307780857245
Lee-Smith,2,73292.88423370416
Novak Inc,1,43423.78750047607
"and Richards Paul, Fitzpatrick",1,7822.839912283564
Lane-Martinez,1,38679.88435697799
"Lawrence, and Bryant Pollard",1,17328.462023791963
Johnson-Hill,1,28740.756042628767
"Cunningham, Larsen Alexander and",1,11604.271808616213
"Brown Andrews, and Cunningham",1,35965.91152992376
Ochoa-Jennings,1,11320.44723273239
and Yoder Sons,2,57511.22401968774
Martinez-Washington,2,57685.70009890401
Pena-Barr,1,38840.1760702318
"Fischer Austin Johnson, and",1,18800.09797824105
"Fisher Perez and Sullivan,",1,19125.16630878508
Gonzalez-Orozco,1,5168.946310770116
Inc White,3,79915.03533078267
Olson-Hurst,1,29170.76953325268
Sanchez-Mccoy,1,19227.837424014688
"Butler, Harper Simpson and",1,40902.97942899887
Short-Sanders,1,5474.290895847653
"Evans Barajas Jacobson, and",1,32319.315663285764
Russell-Dyer,1,3148.4551263757394
Parker-West,1,40328.73605211626
"Mason, and Williams Estrada",1,36436.01304092223
Mason-Ayers,1,32786.40822961537
"and Chapman Floyd Kelley,",1,27044.730114125447
"Miller, and Johns Ray",1,21441.65068254122
Ltd Mccormick,1,21326.645439999134
Rivera-Newton,1,36769.9190714299
"Cook and Curtis Morris,",1,43039.61824753887
Hayes-Chavez,1,997.0475677964401
PLC Rhodes,3,73613.41030887727
"and Trevino Ross Garrison,",1,7646.605525117052
Dominguez-Taylor,1,45487.731619588565
Henderson Ltd,2,52410.4967073053
Austin-Taylor,1,13028.17331146828
Jenkins-Martinez,1,28200.78597770631
"Taylor Graham Riley, and",1,3336.917462302382
Cooper Inc,2,61851.51401256706
Harris-Gould,1,32719.30216139832
Norris-Lewis,1,10394.456751569553
Alvarez Sons and,1,36378.26070366677
Gonzales-Wilkins,1,4446.648427513205
Holland Ltd,1,12777.580554590475
Wood-Daniels,1,35529.6715212111
Scott-Morris,1,47515.43314669547
"Walton, Lopez and Potter",1,37876.44249911276
Young-Carr,1,31754.361354965855
Todd Group,1,34457.990976126406
"Smith and Miller Burnett,",1,11241.683055878852
"Gonzales Warner Rogers, and",1,10911.45044881199
"Anderson Johnson, and Morgan",1,46728.085617910925
"and Shaw, Edwards Duffy",1,36631.02071157208
Inc Fitzpatrick,1,30197.96745142992
"Hamilton, and Jacobs Turner",1,17736.356654419487
"Richard Arias, Coleman and",1,43213.305927664354
"Rivera and Hensley, Christensen",1,37675.683557380704
Group Velazquez,1,12183.41013912081
"Lopez and Eaton Weber,",1,24976.274926552964
Elliott PLC,2,10880.606648503177
"Meyers Thompson Santiago, and",1,39409.98784220571
"and Day Herman Wiley,",1,15867.168215068566
Taylor-Sanders,1,23049.473616384188
"Pierce Smith, and Wiggins",1,13519.134888701381
Jones-Wood,1,5433.47363498714
Smith-Matthews,1,31979.209981282253
"Lynn Lopez, Weber and",1,19682.05381442228
"Taylor and Medina, Thornton",1,45270.51411840687
"and Proctor, Jimenez Miles",1,5555.409111805426
"and York, Martin Martin",1,22419.202875345563
"Schmidt, and Robinson Steele",1,39891.8163014414
Hill-Gallagher,1,10207.99902723674
Edwards Group,2,50350.4981965247
"Smith Dean Reed, and",1,19371.845336862432
Swanson Group,1,43610.27619670562
"and Sloan, Ruiz Medina",1,41745.39328837835
Taylor-Kirk,1,39378.58080125575
Group Hamilton,2,43719.22410432693
Rodriguez-Harris,1,14038.703599642733
"Hunt, and Wagner Moore",1,32783.26311620051
"and Sutton Frank Rojas,",1,17275.511452956634
Richards-Burnett,1,5372.453609103298
"Davis Burch, Anderson and",1,43866.76240802957
"and Hayes Jones Stone,",1,15056.06388452391
"Jackson, Scott and Gonzalez",1,15506.948997447942
Robinson-Chan,1,11389.621529799662
Sons Stephenson and,1,6363.89840184821
Booth-Jackson,1,33427.905601171304
"Burton and Perry Martin,",1,13687.191158415706
Mcclain-Reed,1,18030.790780235697
Adams-Molina,1,21576.502345538738
"Jensen and Jackson, Greene",1,19204.917779997148
Huang-Blanchard,1,30143.301177121397
Acosta Group,1,37941.37825197917
Holt-Hale,1,2080.2559465312115
"Riley Erickson and Cunningham,",1,28958.312660753887
Wood Group,3,49651.92678711712
LLC Hayes,2,61452.4986965595
White Group,8,156997.59227135626
Burton-Hernandez,1,37516.602334624564
Jennings Group,3,48687.743441776794
"and Fleming, Brown Short",1,37500.87146703649
Cowan LLC,1,28935.13190850214
Martinez-Solomon,1,2120.438304293979
Newman-Barrera,1,38466.647768131494
Inc Park,1,27292.275487086117
"and Torres Wilson, Moreno",1,43448.424533856065
Anderson-Edwards,1,41555.952733072016
Parker-Flores,1,33468.74560462161
"Brown Baker, Phillips and",1,18813.799001922536
Group Gonzales,1,31411.969892753175
Martinez-Gentry,1,34142.18563381994
"Brooks, Perry and Lawrence",1,45136.51648697735
Werner-Medina,1,39953.41183745008
"and Richards Barrera, Olson",1,41138.03252423027
Brown-Baird,1,8727.802831502202
Padilla-Lopez,1,47380.37899474169
Sons and Allen,3,59477.094670470266
Holland Inc,1,39261.7182070858
Howard-Brown,1,32166.975038005734
Archer-Powers,1,12786.96177561481
"Jordan, Robles and Montgomery",1,3021.2985053110788
"and Newton, Cook Moreno",1,40002.88483238835
Ltd Krause,1,44856.30772645851
Parker PLC,1,12770.799450069308
"and Martin Johnson, Ochoa",1,3646.4341641613746
White-Martinez,1,23623.57639017075
Perez-Anderson,1,19372.936487530736
"Miller Hartman, Flores and",1,28930.86977936551
"Hutchinson and Nelson, Morris",1,51231.932858606866
"and Roman Roman Payne,",1,46939.91702695483
Padilla-Cox,1,24819.21293048853
Miller-Fuller,1,20454.740093042503
"Burch Drake, and Hogan",1,5197.233103526264
Evans-Wright,1,47946.86128279757
James-Andrews,1,2700.1631805977404
Duarte-Wallace,1,25294.91189556272
"Woods and Crosby Stone,",1,20914.02924740115
Edwards-Hampton,1,23512.579625972136
PLC Hayes,2,38863.678709800166
Moore-Sanchez,1,36306.76540422744
"Oconnor Swanson and Scott,",1,14664.155099458301
Chambers-Griffin,1,24471.273225338937
"Cuevas, Morrison Johnson and",1,22046.621727800386
"Stein and Calhoun Fernandez,",1,10968.848106170026
Salazar-Sanchez,1,20564.341166482733
Inc Leon,1,33477.40025458032
"Owens Jackson, and Ortiz",1,4520.656690960539
"Larson Martinez and Schmidt,",1,20360.334370266217
"Banks Diaz and Peters,",1,25828.44442232727
"and Hernandez Cook Wilson,",1,38158.85023392176
"Gonzalez Berger, and Morris",1,6512.957360589386
Ltd Rios,1,44441.38380463589
"Townsend, Jimenez Thomas and",1,40902.075625023645
"Nunez Carter Jefferson, and",1,96.00185132744173
Sons and Stephens,1,8622.167950604839
"Abbott Moore and Williams,",1,24799.596339229447
Perkins LLC,1,16111.987766593225
"Thomas Daniel, Hunter and",1,2623.8016833175197
Robbins LLC,1,16112.925965385743
"Cervantes, Wells and Barker",1,14245.348920462486
Welch-Campos,1,41851.223260433086
LLC May,2,74832.39017112055
"Baldwin and Perez Cook,",1,49021.82133201292
PLC Gates,1,46052.698072347026
"Herrera, and Welch Waller",1,13180.073397700335
Martinez-Bridges,1,28910.67294689981
Cox-Duncan,1,25476.12807984847
"Stokes Reed, Camacho and",1,48934.918618262425
"May, and Martinez Fleming",1,16252.222526035106
"and Boyd Reed Chavez,",1,28895.296507520157
"and Bailey Shea, Krause",1,24514.602637507956
"Ware, and Tate Mitchell",1,436.28827670972976
"and Lutz, Smith White",1,18468.90430975796
"Allen and Holt, Ford",1,11138.86414144602
Mccall PLC,1,13879.714441757913
"Anderson and Cooley Lee,",1,21552.803169067913
"Hurst, Spencer and Morales",1,21375.55088550052
"Richards Sampson, Morrow and",1,44175.13138055289
Freeman Group,1,42193.71427867047
Hudson-Obrien,1,46230.2470462652
"Vargas Scott, and Reese",1,22256.969886301948
"Baker Taylor, Wilson and",1,6915.48530079112
"Crawford Weiss Chan, and",1,16473.312883806997
"Romero, Ho Farmer and",1,5645.771845932295
Ramirez Ltd,2,41548.857463908214
PLC Dillon,1,7906.012585257067
Garcia-Smith,1,46056.91466666503
Nelson-Ray,1,38114.51634798756
PLC Black,1,41913.18394432633
Watts-Smith,1,39084.02921079279
Group Mcintosh,1,27329.868609931415
LLC Medina,1,22068.56457016814
Hansen Inc,1,30164.961185859112
"Salazar and Edwards, Singh",1,15756.1048261648
Mcneil PLC,1,39698.35411248679
Sons and Mendez,1,13304.423390811777
"Smith Roberts and Williams,",1,36759.91597641791
"Kirby, Baldwin and Carter",1,41199.21781731671
Brown-Cooley,1,43143.61987017449
"and Adams Rodriguez Hill,",1,29141.76261477588
Inc Ortiz,1,16064.643963520271
Barber Group,1,12486.285042160445
Robinson-Vang,1,43701.215079176814
"Deleon, and Estes Chavez",1,15374.3073406146
Hart-Brock,1,19851.242925188475
Group Bailey,2,43716.2877447737
Dillon PLC,1,6327.801026225114
"Thompson and Miller, Allen",1,11561.482534276836
Morgan-Perez,1,5844.077673364279
Walton Inc,2,46569.53522247335
"Ferguson and Benton, Moore",1,19359.61462097256
Williams-Tucker,1,34697.347478867065
Dorsey-Black,1,38630.956589326495
Wilson-George,1,6737.382935371722
Group Walker,5,80235.60264730887
"and Kelly Johnson Nielsen,",1,19734.57523618613
Bates-Torres,1,25359.40770007456
"Palmer and Fisher Baker,",1,21496.358611241543
Deleon PLC,2,47935.2330150305
"Cooper and Burgess, Clay",1,30815.114692402407
"Watson, and Santiago Davidson",1,48876.46543627381
"Osborn, Gill and Cervantes",1,11409.732525342053
"Campbell, Brewer Hunter and",1,37994.77616729503
"Marsh Michael Odom, and",1,28317.368089749198
Thompson-Payne,1,39968.442114139005
Clayton-Cunningham,1,13573.995627535332
"and Santana Short Meza,",1,26235.589589977924
"Bennett, Mccarthy and Anderson",1,14184.550597381778
"Norton Hill and Craig,",1,34451.911949483125
Thornton-Keller,1,30330.840082728388
"White, Marshall and Durham",1,41244.898124744555
Daniels-Castaneda,1,43750.65325172345
Ferguson Ltd,1,47051.928875237914
"Bonilla and Miller Jackson,",1,5513.616233328814
Williams-Irwin,1,32279.820999300788
Roberts-Perkins,1,37301.27311229517
Smith-Gonzales,2,18825.14152336593
Fuentes-Pope,1,21784.079377815582
Garrison Ltd,1,18222.12107709259
"Mcknight, Reed Mccoy and",1,20073.510891549573
Thompson-Lynch,1,42233.96107473565
Mitchell-Matthews,1,4913.345109920187
Erickson-Thomas,1,9997.422692523362
Mcdonald-Anderson,1,5460.086555256802
House-White,2,40015.965876907925
PLC Gallegos,1,23747.576101094393
Shelton-Rodriguez,1,32294.478429860985
"Mills, and Sanchez Phillips",1,4077.156164169656
Adkins Sons and,2,43885.52127818761
Gardner-Adams,1,6145.815779688944
"Calhoun King and Nelson,",1,41465.64604140016
"Evans, Garcia Trujillo and",1,41753.05066473644
and Mitchell Sons,1,26725.662894678728
Russell LLC,3,16981.54647713362
"Parks Vang, and Wells",1,43280.54356924832
and Norris Sons,1,46360.54547469638
Hernandez and Sons,3,121166.95074927901
Harrison-Nielsen,1,38378.082140847626
"and Barrett, Johnson Estes",1,31962.232541604957
"Reed Lucero, and Perez",1,23582.14918450351
Group Andrews,1,46338.601619967194
"and Cameron Salazar Poole,",1,27362.4378227367
Fernandez-Miranda,1,25537.494797766292
"and Yu Herrera, Harper",1,13327.607320384464
Ltd Hayes,1,20217.153761853428
Gordon-Tanner,1,35120.62665270664
Hester-Roberts,1,18763.769779221137
"and Anderson Boyd, Hardy",1,38145.31535006545
Alexander Group,1,34742.412643431344
Carroll LLC,1,28984.002630694045
Johnson-Jennings,1,39513.91522906394
Larson-Hall,1,32184.53372339224
Payne-Brewer,1,6333.896416422143
Horne LLC,1,33624.22143641916
"Hernandez Clark Durham, and",1,2672.4133213091745
and Armstrong Sons,1,11979.622020609988
"Trujillo and Cooper Bradley,",1,3443.4143783164664
PLC Jacobson,1,19513.763725087596
Ross-Martinez,1,42836.18911435542
Ltd Bryan,1,29353.771282841593
Wilkins Inc,1,10770.492396098
"and Bennett Walker Johnston,",1,25284.390132590615
Sons and Cochran,1,18034.75063741203
Haas-Mata,1,24089.24056127219
"Beltran Mitchell, Brown and",1,22128.686593387065
"Huerta and Boyle, Bush",1,25913.929553293696
Group Bruce,1,49615.59710715628
and Moreno Sons,1,1031.616194694303
Inc Willis,2,56096.699117136646
"Sanchez, Davis and Arnold",1,39435.96580304327
Robinson Sons and,1,27661.438227339986
"Brown, and Adkins Larson",1,11522.999451623731
James-Horne,1,12332.69572980439
Bonilla-Underwood,1,2658.941761790801
Taylor-Grant,1,6879.252740104441
Roth-Collins,1,42748.6577060042
"and Thompson Campbell, Steele",1,2574.7572079854203
Davis-Lawrence,1,32019.91331999175
Murray-Young,1,50102.89128112772
Francis and Sons,1,38677.72646369587
"Carter Hill Russell, and",1,4859.379691202993
"and Tucker Myers, Jennings",1,18701.981652367787
"Lopez Barnes Smith, and",1,39640.022911230684
Sims-Murphy,1,12512.009688427968
Norris-Garcia,1,33207.05915684059
Nunez-Reed,1,17841.88893370187
Williams-Richards,1,38990.149331610504
Ltd Crawford,2,21063.60195713353
Ltd Lewis,7,224959.69989245213
Olson LLC,3,23803.07012563028
Barnes-Williams,1,7409.336546368024
Brown-Clark,1,10003.671027381766
Miller-Avila,1,4561.664207285569
Juarez-Weiss,1,17722.961078711647
Hernandez-Pearson,1,34251.220097840014
"Brown Reed Robinson, and",1,19479.44701473048
LLC English,1,16520.92307127606
Stevens-Howard,1,34153.150575449465
"Welch Bryan Rodriguez, and",1,34638.39218063605
Wagner-Sanchez,1,40273.795686716454
Ltd Montes,1,41755.661959870464
Mills-Bryant,1,11829.924323883699
Daniel Group,1,22930.790749956774
"Ward Mcdaniel, and Cowan",1,27094.32064136977
Reynolds-Valencia,1,41906.241586578544
Patel PLC,1,18863.55357416647
"and Zuniga Thompson, Blake",1,22067.428762874097
LLC Thornton,1,51006.506783535566
Miller-Johnson,2,37220.70447628926
Woodard-Griffin,1,26498.156013025466
"Reid Osborne, Weeks and",1,30137.762501212434
Group Parsons,2,42426.64994032494
"Williams Moore Bradshaw, and",1,23171.98837949176
"and Hood, Davis Mann",1,30343.231326333567
Wu-Winters,1,5158.3344565335
LLC Mitchell,2,46366.3300078202
"and Harper Mcdonald, Sullivan",1,26404.84324539782
Peck PLC,2,40027.1136098727
"Richmond and Garcia, Choi",1,11296.843022882678
"Mcguire Valdez, White and",1,29269.627725943745
"and Freeman Zimmerman, Salazar",1,36944.99827301639
Group Pena,1,12850.47434305068
"and Steele Howard, Blair",1,47091.086523414364
"Farmer, and Russell Cruz",1,48975.78312421794
Schroeder PLC,1,15841.338447489296
Flores and Sons,3,96238.79090741643
Lindsey Group,1,38413.28910970938
LLC Freeman,4,131276.6844170837
Smith-Stephens,2,58807.53494857927
"Jordan and Logan Kerr,",1,8784.659452043565
Serrano-Robertson,1,38473.00745872139
"Johnson, Ray Wall and",1,5849.945225899481
Kim Group,1,9277.524307523483
Johnson-Nelson,2,19841.353230372384
Chan-Winters,2,52619.550975530234
Ltd Cox,1,9792.893827433858
Inc Aguirre,1,44575.52142050402
Ltd Ferguson,1,40627.86059994071
"Robertson, and Bradley Wallace",1,27212.1477774256
Nielsen-Cohen,1,14009.211760893124
"and Woodard Martin Silva,",1,3634.5304193063894
"Rodriguez, Sellers Anderson and",1,49403.05196800954
Haas-Shaw,1,50390.026721753
Sharp-Willis,1,38084.546155413555
Khan-Parker,1,22980.1967969585
"Wolf, Roberts Olson and",1,10976.806651698183
"Weaver, and Brown Nichols",1,39929.63284909381
Sons Anderson and,1,24731.24213733387
"Stevens, and Rogers Davis",1,40270.95219466426
Fry-Howard,1,13492.877788733509
and Alvarez Sons,1,26366.58789488617
Riddle-Beasley,1,1435.360980683034
"and Mclaughlin Cruz Schmidt,",1,41635.546431255185
"and Snyder Ortiz Erickson,",1,45252.11406542804
"Smith Henry, Hill and",1,13212.279716406923
"Smith and White Dunn,",1,12523.68815013018
"Phillips Garcia, Combs and",1,39834.74377932342
"Vincent Obrien and Chung,",1,47267.17061981116
"Banks Molina Moody, and",1,28862.86156994978
Mcpherson-Porter,1,9832.396421715048
"and Carr Mccarthy, Williams",1,43997.60529925936
"Mills, Hall Norton and",1,18648.52683872304
"and Holland, White Collins",1,43392.57966938541
PLC Martinez,1,37836.005005947954
"Miller, Green Barnes and",1,25948.196234654446
Duran-Blake,1,35512.187922348145
"Caldwell Smith Nielsen, and",1,20458.41967522131
Sons and Jackson,2,56549.04052343005
"Newton, Le and Hill",1,45699.54922597576
"and Leach Bradley Wade,",1,12699.319573172537
"and Lee, Scott Miller",1,7304.385604073778
Ward-Bowman,1,12266.76052750453
Santos-Melton,1,21906.482345855944
Mckinney-Gardner,1,35722.3089410268
"Winters Mcfarland, Jimenez and",1,49138.36183103539
Aguilar Ltd,2,75893.91957155969
"and Moore Galloway Moss,",1,22766.592016777726
"Adams, and Johns Molina",1,47435.223796436265
"Hays, Cohen Wilson and",1,22012.93079708115
"and Fisher, Mullins Shea",1,15930.504608416786
Dunn-Dalton,1,20364.469255476914
Perkins-Washington,1,40868.61386644675
Brennan-Ryan,1,4117.035111306214
King-Fernandez,1,23031.139930671587
"and Rodriguez Smith, Williams",1,20122.484035111782
White-Cruz,1,42310.452609515436
"and Tyler Nelson, Rodriguez",1,7086.1941017252575
Haas-Pollard,1,2870.729812562673
"Ross, Wiggins and Walker",1,4672.9092283396085
Hall-Curry,1,21094.350099335123
Schaefer-Robinson,1,29637.744833482437
"and Baldwin Lopez, Stewart",1,42425.92976097263
"Lee Vasquez, and Thompson",1,47735.86333397945
Delgado-Lamb,1,16441.41755217863
"Harris, Roberson and Hudson",1,43671.33512819359
Johnson-Wolfe,1,9886.836533388265
"Williams and Wyatt Mcclure,",1,34913.898121957
"and Soto, Stone Phillips",1,45545.5728697754
Castro-Chavez,1,9299.115725402016
"Ramirez, and Marshall Reynolds",1,8069.088024619036
Richardson Group,1,3411.006094095597
"Richmond, Hess and Lee",1,24426.13497535414
"Green Mills, and Mays",1,48332.36491581771
Phillips-Henry,1,39162.409548671145
"Brewer, and Anderson Jones",1,21242.25469024014
Inc Simpson,2,66417.22419013774
"Phillips, Conner Johnson and",1,21878.976404806817
"Mcbride Moreno Barry, and",1,21379.30479630279
Jones-Mitchell,1,36729.055951534036
Larson-Jordan,1,5871.857916649195
Ltd Logan,1,10126.50257254376
Group Mann,4,85171.13052467132
"and Thompson Cook Wiggins,",1,43277.564493659804
"Parker Davis Clark, and",1,47656.51700658436
Warren-Bowman,1,32574.83723015973
Ross LLC,1,5956.234237607573
Hurley Ltd,1,44926.673917424334
Buck PLC,1,44276.4174208084
Smith-Nguyen,1,13672.83829453503
"Brown, and Perez Osborne",1,21570.289813692503
Cruz-Fritz,1,5402.658842425022
Ltd Fisher,1,38749.43247711237
Mills-Smith,1,34220.97355460001
Stevens-Davies,1,1993.7027682978037
Sons and Mitchell,1,30897.433830733433
Miller-Lambert,1,4611.506901706488
Taylor-Valenzuela,2,89181.46179021614
and Sons Richardson,2,52617.411159867144
Sons and Dunn,1,28625.233060864062
Farmer-Rogers,1,15646.432967141805
"Morris Lewis, and Fletcher",1,19410.964441424472
Pugh and Sons,1,24762.576465182006
Kelley-Yates,1,13585.227361660727
Morris-Dixon,1,36267.91305029607
"Ortiz Stanley, Brown and",1,34686.152460810226
Harris-Day,1,32001.664568741693
Dixon Group,1,33118.26554709127
Sons and Rose,1,34592.32085820822
"Cantrell Herring, and Moreno",1,2207.5013403281732
"Watson, Chambers Peck and",1,10460.755870347284
Robertson-Jones,1,4287.398720030183
Group Bartlett,1,4806.353121808894
"and Wall Carpenter Bishop,",1,1682.5248722477452
Woodward PLC,2,50728.118203042286
"and Long Carr, Johnson",1,19783.937407767815
Watson-Macdonald,1,21710.714206699773
Mendez-Barker,1,44030.407495875595
"Goodwin Walker, Gamble and",1,4143.67101035682
Barker Ltd,1,24016.632135985976
Zhang-Trevino,1,27219.598146001357
Anderson-Hernandez,1,41450.46330892934
"Ball and Martinez, Rowe",1,45189.97465047619
"Cruz Mendez Scott, and",1,10260.66528790685
"Morgan Roberts Roberts, and",1,24920.985715702303
Jordan-Lynch,1,26143.955923267746
Hill-Ellis,1,49861.78374724848
"Rodriguez, Henderson Garcia and",1,41984.32409003471
"Garrison Davis, Garza and",1,1700.2118183352122
Inc Spencer,2,43152.35014750695
Cabrera-Brown,1,27332.56173806704
"Landry, Duarte and Owens",1,23546.56373990803
Bishop Group,1,28916.18070771608
Mcgrath-Morales,1,31363.20684297086
"Johnson Farrell, Stone and",1,39818.19268951443
"and Jackson Brown Green,",1,45753.52863436079
"Flynn, and Hardy Lopez",1,36961.680444355065
Benitez-Lutz,1,17668.93639363981
"Stone and Brown Hamilton,",1,33248.485395678144
"and Greene, Love Gonzalez",1,31845.559131112608
"and Rose Marquez Johnson,",1,1639.4142479090365
Cantrell-Nichols,1,17825.351652101395
Snyder-Robinson,1,36215.351464366904
"Carter Grant and Sanchez,",1,46541.855612854364
Case Inc,1,40449.81956995649
Rivera-West,1,46754.68033528257
Jones-Stuart,1,27163.758226623464
"Hayes Mayer, Barrett and",1,23223.492953721292
Davis-Alexander,1,40450.8060006488
"Smith Lowe, and Stewart",1,47022.12423695386
Gentry-Martin,1,15238.0115362776
Garrison-Sandoval,1,25467.47160294477
Bernard LLC,1,44163.55995667053
"Hernandez Glass, and Porter",1,34705.840706185125
Proctor Inc,1,14892.596664552775
"Gill Jackson and Mccoy,",1,1783.414063374314
"Lopez and Meyer, Keller",1,17294.88764508657
"Gibson Clarke, and Knox",1,22083.994715271274
Moore-Thompson,1,33239.76711249241
"Murphy and Torres Gilbert,",1,31270.075905230966
"Henderson, and Williams Peterson",1,49005.504941947
Buckley-Hess,1,25353.05319442238
"and Blake, Pham Daniel",1,36315.264285016456
Mccall-Williams,1,44927.95386832327
and Cook Sons,2,23588.410655545402
Zimmerman-Hall,1,4629.475525123655
"Casey Collins, Hudson and",1,44412.69603744265
"Ellis Howell, Mayer and",1,38449.51833159891
Richardson Ltd,1,39146.83525307182
Hill-Hunt,1,33323.4597549394
"Hernandez, and Allen Brewer",1,1073.7962633211628
Green-Jones,1,36346.486136046544
Sons and Butler,1,38979.67895617152
"Wyatt and Sullivan Oliver,",1,26552.08856983585
"and Flores, Ferguson Lyons",1,44173.51462118594
"Miller Cortez Nguyen, and",1,35925.730301650576
"and Rush Rollins, Gibson",1,11129.453633911566
PLC Ellis,1,36351.27286559493
"and Cruz Malone, Wood",1,10825.070237610911
Watts-Andrews,1,35407.55316698863
Peters Ltd,2,32955.577010369045
Miller-Harrell,1,16050.668047550655
"and Peterson Christian Clark,",1,36296.70802691146
Moran-Miller,1,34479.54406593315
"and Hensley, Monroe Mitchell",1,16196.365815684183
"Patton Lopez and Blanchard,",1,22953.880682446143
"Singh, Pena and Anderson",1,16045.164980387402
"Oliver Richardson and Davis,",1,27752.817959693402
Griffin-Noble,1,42182.89704516519
Brown-Cruz,1,31759.71014561616
"and Howard King, Martinez",1,1547.8908092972079
"Murillo Shelton and Smith,",1,49447.28094004797
"Spencer, and Lee Black",1,28433.222831821407
Perez-Guzman,1,10025.997753333806
Garcia-Bell,1,6480.787304170091
"and Pitts Odom, Jones",1,2894.0339054284786
Anderson-Martin,1,22652.30646799173
"Carter and Ingram, Phelps",1,11446.565564700733
Inc Wilkinson,1,36185.69726810134
Oneill-Pace,1,10968.89571087353
Douglas-Matthews,1,20523.56744263934
"Glover Richardson, and Cochran",1,35205.125287058945
Moreno-Walsh,1,46240.534084184685
Graves-Mckee,1,34281.17355466089
PLC Perry,1,48072.18761996102
Sons and Arnold,1,25888.210347494467
"Padilla Thompson, and Joseph",1,39253.27285680165
Hernandez-Hamilton,1,44169.831796474966
Group Joseph,1,24670.58283711226
Ltd Krueger,1,24479.54699360559
"and Mcdonald Williams Bentley,",1,2900.532331629817
"and Beasley, Daniel Johnson",1,19004.3852127419
"Ayala, Keller Mcgee and",1,46466.18668361009
PLC Reid,1,21353.656485329964
"and Smith, Hamilton Spencer",1,42615.14150328868
Brooks-Graham,1,44368.30656515505
"Carpenter and Sellers, Bryan",1,4792.053307849004
"and Garrett, Matthews Richardson",1,17578.700489395585
Alvarado-Deleon,1,27385.736227988127
and Sons Rangel,1,34224.34834458022
Moore-Woods,1,7732.672264734952
PLC Aguirre,1,30123.538567926087
Perez Sons and,3,62546.87488811517
"Marshall, and Koch Harper",1,13643.730851835093
"and Richardson Webster Smith,",1,22069.596567641245
Inc Anderson,7,272347.2576690897
"Foley, Williams Gonzales and",1,26459.13383033267
"Meyer Bishop and Wallace,",1,22059.3597629793
Nelson-Hawkins,1,31632.73898112912
"Leonard, Jacobson Schmidt and",1,9160.790304018708
James-Mcintyre,1,36715.05057188273
and Sons Alexander,1,33698.396316036866
"and Lane Jones, Hill",1,27927.094280524336
and Robinson Sons,2,58669.79924939191
Young-Humphrey,1,45466.562858002966
"and Collins Mcdaniel Morgan,",1,37874.62286764959
Ltd Callahan,2,44683.80830241685
"and Williams Schmidt, Jennings",1,4903.128941933514
"Ramos Anderson and Sanchez,",1,32270.622869597726
Smith-Roberts,1,32764.46810650687
"and Lewis Thomas Carter,",1,5957.18911753006
Alvarez-Miranda,1,18948.663471489697
Ltd Saunders,2,12181.57244600225
Lee Inc,3,85349.797390077
"and Perkins Johnson, Bryant",1,48418.74704548678
"Jordan, Hogan and Roberts",1,24064.509686580088
Lynch-Vargas,1,29548.015946052907
Wood Inc,4,111903.237939834
Wong-Serrano,1,21040.204968830258
"Ramirez Johnson, and Brown",1,29934.612274325566
Owens PLC,2,42934.914955985754
Greene LLC,1,41594.15501202581
"Clark Logan, Nichols and",1,13515.34169546853
"Blanchard Mann and Bell,",1,9386.12533376783
Love-Harris,1,38042.31794898365
"Harris, Bautista Callahan and",1,17567.5513907558
"and Evans Mcdonald, Willis",1,25621.65734610149
Group Morgan,1,29400.433390296814
Thomas-Frank,1,27192.659090149875
Parsons LLC,1,3322.228967926417
"Pena Stewart, and Hahn",1,49991.4859006684
Butler-Bennett,1,38969.153066894534
Wilkins PLC,1,18401.23766072189
"Norman, Coleman and Ford",1,6640.832572106517
PLC Randall,2,55755.88069365242
"and Harris Pearson, Jenkins",1,28003.096738828503
"and Brock Lam Johnson,",1,17534.500426442177
"Ruiz, Avery and Williams",1,18703.355802948507
"and Noble Williams Gonzalez,",1,48864.41277237318
"Bradley Logan and Moore,",1,46663.06063264454
Hawkins-James,1,45875.915135733165
"Oliver Cook, Clarke and",1,48812.614916529776
Sons Davis and,1,21563.041366653873
Little Ltd,2,64868.90933653292
Suarez-Becker,1,14483.776109626326
"and King Miranda, Shelton",1,29386.012808355525
White-Robinson,1,41002.26902502334
"Rogers and Cooper Rangel,",1,18441.64088351306
Davis-Brennan,1,33350.66836370337
"and Martin Ferguson, Warner",1,12407.148848991674
Rhodes Group,1,42810.82809008343
Washington-Buckley,1,44952.53664253313
Middleton-Allen,1,27748.603438043654
Bean PLC,1,12352.335647931397
Everett Inc,1,35132.902021464695
"Coleman, and Ramirez Wolf",1,23959.572187289046
Oliver-Watts,1,45836.752152200745
Lewis-Anderson,1,34580.26396403546
"Miller Valdez, and Howard",1,13965.875193242215
Miller-Yang,1,30829.43789016724
"Jackson, Davis and Johnson",1,34460.47274897473
Berry Sons and,1,19824.347145868447
"Hansen Johnson and Avila,",1,17148.5916118801
"Woods and Barnes, Wilson",1,37506.917442318845
"Reed, and Campbell Montes",1,8208.990420663898
"and Greene, Yates Robinson",1,30875.011450390666
"Parker Dickerson Berry, and",1,1812.67449140131
Clayton-Olson,1,11344.559581593789
and Sons Mcgee,2,51916.8567559277
Hayden-Liu,1,42194.89109052947
"and Andrews, Armstrong Padilla",1,19862.157591327676
LLC Douglas,3,37171.9616350721
Berry-Escobar,1,29368.036661716407
Miller-Alvarez,1,18241.559233494863
Nguyen-Reese,1,27670.690294774136
Tate-Cooper,1,29691.815213841946
Ramirez-Dorsey,1,29827.398721009624
"Casey, Gentry and Williams",1,23573.612589318305
Evans-Garcia,1,7161.293868884141
"Pena and Johnson, Wilson",1,50159.312322186175
"and Gay Jones Hurley,",1,22972.07605437037
"Pope Valdez, and Boyle",1,23425.196906706755
"Gomez Trevino, Reynolds and",1,17391.17785578548
Group Glover,1,51316.62125631919
"Robertson Beltran and Gibson,",1,20907.835886498153
"Walker, Rios Pittman and",1,26768.410002466397
Salazar-Young,1,1119.6504684670886
Ellis-Francis,1,9465.39980310352
Stanley LLC,1,17169.49248945731
Wheeler-Jensen,1,10711.132699719543
Taylor-Douglas,1,34715.63009451491
Nielsen-Hancock,1,2688.7958504625253
"Miranda Moore and Ryan,",1,4153.325998242555
Herrera-Myers,1,15722.948119667595
Rogers-Grant,1,13167.854791999946
Castillo-Rogers,1,11420.860945638631
Moore-Harrell,1,41168.233014227255
Lewis-Watson,1,42251.308001977355
Parrish-Williamson,1,32068.7046844925
"Walters Washington Morris, and",1,13781.523482384324
"Larson and Evans Gonzales,",1,27912.338256152038
"and Frazier, Mccarty Palmer",1,9230.55470017001
Hernandez-Rhodes,1,50505.81297177773
Wood-Wright,1,44675.8078651621
Inc Gray,1,38968.17556096639
Grant-Green,1,8294.265578329552
Carpenter Group,1,11873.038803066122
Lopez-Hurst,1,20025.715497116496
"and James Miller Smith,",1,6967.623385955389
Gutierrez-Haynes,1,22248.892613391115
Ltd Moreno,1,8531.399003774364
"Elliott Hughes and Little,",1,20616.93812215301
Ford-Garner,1,5301.173702935768
PLC Russell,1,39917.26734199445
Lindsey Inc,1,39476.94751437997
"Newton, Smith Ruiz and",1,49078.4690110566
Bishop Inc,3,30079.3082756495
Carter-Reyes,1,2547.9125314238745
"and Webb Robinson, Hicks",1,752.0328994229559
"and Moyer Powell, Padilla",1,6239.649914324642
"Vaughan, Adams and Garcia",1,38716.054193641794
Lewis-James,1,19119.38449767185
Cunningham-Stephens,1,45005.553885902395
Johnson-Gutierrez,1,2951.2802842332176
"Garcia, King Chan and",1,12688.85302308247
Reese-Benjamin,1,39205.29313699534
Mckinney LLC,1,9258.72621164009
Sons Rogers and,1,31326.187642242643
Walsh LLC,1,6688.315456786404
"Carr Smith, and Smith",1,31588.533170496572
"Torres, Parker Gibson and",1,41369.92106447701
May PLC,1,18450.120716414312
"and Long Simmons Clark,",1,46054.89032715659
Group Hill,4,86750.8143091823
"Scott Smith Ross, and",1,15246.231296492584
"Lara Malone, Snow and",1,11733.212692072299
Howard-Sanchez,1,14784.600962472301
"Kramer Bean, and Lopez",1,36677.88162035708
Jensen-Monroe,1,41321.310847353394
Clark-Cameron,1,30420.01196864465
Stephens-Contreras,1,10391.070057715619
"Orr, Wheeler and Carroll",1,43669.05919768226
Group Moreno,1,2766.7930293817453
Griffith-Jones,1,7925.458365248768
Ltd Gilbert,1,2602.647628156924
"and Palmer Schaefer, Sullivan",1,42312.70796409092
Riggs-Gomez,1,38037.93546742242
Martinez Ltd,8,146602.55441252174
Simpson-Stein,1,21369.628896044294
"Vasquez, and Mcmillan Bautista",1,23580.582904921957
"Hernandez and Marsh, Kim",1,39492.46709654826
"Williams Reeves, Thompson and",1,13462.119081333327
"Ingram, Reed and Mason",1,10006.736704127405
"Holland Kramer Williams, and",1,35437.30813436614
Parker-Todd,1,48916.847730222944
Burton-Hall,1,3433.1095239530555
"Cox, Franklin and Brown",1,37051.179102267415
"Perez and Smith, Osborn",1,5578.229086596616
"Willis Irwin and Rogers,",1,5205.337506185758
Bass-Davis,1,11036.635238024435
Parsons-Newton,1,46408.458486306314
Leon-Holland,1,45074.45433402431
Meyer-Horn,1,8970.570500638425
"Diaz Moore, Tucker and",1,27309.90097509915
Cantu-Davis,1,21444.808853846935
Duffy-Boyd,1,13663.866484352007
Ltd Woods,2,43851.36827003978
Sons Olsen and,1,25770.98120649808
"and Perry, Wilson Bowen",1,13195.542790774165
Wyatt LLC,1,20798.879381114002
"Chavez Snow, Knox and",1,17318.610857271873
"Hill, and Lopez Brown",1,6294.006119554864
Young-Raymond,1,36496.07576759352
"and Harris Velazquez Thompson,",1,27508.0877985449
"Vance, and Mcclure Garza",1,18378.1016674437
Sanchez-Cox,1,27675.54107465637
Hatfield-Phillips,1,9181.570943217042
Ltd Morrow,1,21088.992548979983
"Kennedy and Armstrong, Campbell",1,16006.736471297065
"Wallace, and Lopez Villanueva",1,15373.065739190457
Williams-Dunn,1,31220.13404382043
Hall-Espinoza,1,1872.9268855609282
"and Myers Jimenez, Gray",1,32659.10658614232
"Holmes Pope, and Morgan",1,16166.543431579592
Parks-Williams,1,47613.536045099674
"Fleming Bauer and Smith,",1,7024.9784322294545
Allen-Allen,1,32.626842628800205
"Brown and Collins Davis,",1,48089.93207603317
Cuevas-Estrada,1,35991.38461112504
Ruiz-Hunt,1,38064.17381702872
"Mack and Stephenson, Moore",1,43767.26263476296
"Stephens, Rodriguez and Sanchez",1,2682.483494777222
Mccormick-White,1,14134.550385750385
"and Wilson Williams Estes,",1,34501.4574565702
and Sons Mathis,1,34113.069206908905
Conner-Vasquez,1,29342.445759491973
"Harper Wagner Turner, and",1,16019.196251418802
"Parker, Salinas Mcdaniel and",1,42643.98738312513
Pope PLC,1,6487.759441506259
Sullivan-Keller,1,6475.261552522066
"and Young Hooper, Brooks",1,46278.42238067557
Rich-Goodwin,1,18877.066326244636
"Wilkerson and Figueroa, Whitehead",1,38454.580253483226
and Crawford Sons,1,22955.045071828128
"Pitts, Hernandez and Wilson",1,-892.270140236842
Robinson-Washington,1,35632.05747062364
"and Hernandez, Hughes Walton",1,21022.912385635966
Rangel-Gomez,1,40191.874319472394
Hanson-Johnson,1,31299.53167324048
Inc Pacheco,2,45364.66353247799
Jenkins Group,1,5894.891853099754
Collins-Cooper,1,11832.75639456683
Bates-Jones,1,47868.216960785954
Gomez-Murphy,1,37660.10304383686
Group Simmons,2,66342.72975875474
Lawrence-Turner,1,1425.24719184954
Bruce-Strickland,1,21784.863101922805
"Wong, and Richardson Buck",1,31375.091976548843
Group Mcpherson,1,3786.2867801939656
Munoz-Melton,1,21718.273866564185
Freeman-Barnett,1,2255.004412337546
"Allen Gonzales and Hill,",1,45086.93284653263
"and Dominguez Smith, White",1,4080.2127844421652
Riley-Morton,1,41602.57046225284
Phillips Group,1,28361.35146224001
Baker-Smith,2,48742.55259478148
"Martinez, Cooper and Taylor",1,18233.00546253279
"Gibson, Hendricks and Smith",1,46165.3742265148
Mcgee-Duran,1,38880.13154443871
"Cervantes Carter, Garcia and",1,48753.4995682541
Fitzgerald-Esparza,1,3648.39152155592
"Glenn, and Miller Bean",1,12802.2373450885
Hodges-Martinez,1,32560.757694912234
"and Brooks, Williams Morse",1,39488.50180775135
Hamilton-Davis,1,29004.829577010652
"and Hamilton Wallace, Kim",1,38949.062527952956
"Howard and Neal Chandler,",1,33524.16830563527
Ltd Mack,1,37157.732144119174
"Frost and Garcia, Holmes",1,19479.400543984026
"Gaines Williams and Scott,",1,10245.78918097904
Sanchez-Ortiz,1,19689.63654292821
Sons Payne and,1,33940.05405471682
"Kent Golden, and White",1,8726.367143150464
"Harmon, and Reed Carpenter",1,43591.00692924645
Kirk-Rivera,1,47969.162847265135
Dominguez-King,1,4877.812539923114
Sons Mckenzie and,1,24724.591382751765
Stephens-Davis,1,26757.694512537826
Kelly-Ramirez,1,729.3162496785619
Pierce-Ramsey,1,35664.05434370692
"White Morris and Clements,",1,3899.627794400939
"Thomas, and Turner Ross",1,7783.969484047106
Schroeder-Washington,1,10012.45536085131
Frey-Alvarado,1,42576.36153615267
"Miller Burns Myers, and",1,42640.77291485578
Goodman-Kelly,2,83885.76472804828
Le-Hawkins,1,48826.38705657961
Nelson PLC,6,152789.18906188832
Horton-Hines,1,36081.22097955386
"and Campbell, Wiley Cook",1,41454.6775329602
Hunter LLC,1,32922.80910156692
Black LLC,2,28794.489336104605
"Myers and Brooks, Flores",1,3553.740885175165
"Kelly Scott, Brown and",1,24792.173556549584
Blake-Davis,1,13445.561321008645
"and Hunt, Andrews Watson",1,1496.2449711937227
Daugherty-Small,1,35847.43961031518
Santiago-Sloan,1,19217.71753909605
Guzman-Griffin,1,15845.207489975004
Knight-Rhodes,1,16142.98216220306
Ltd Cervantes,1,47603.33202270517
Phelps Inc,1,9217.181520818875
and Farrell Sons,1,31350.034886240952
"Johnson and Cruz Gentry,",1,46404.82105704091
"Gutierrez and Williamson Schmitt,",1,8401.678053390706
Hernandez-Wagner,1,18330.738627599436
Stone-Clark,1,47476.74823848643
Hamilton Ltd,1,11463.43934288917
Riddle-Henry,1,10212.538706648165
Williams-Carr,1,3330.453849826086
Sons and Barrett,2,67244.4781178256
May-Michael,1,17605.51814666318
Cruz-Rasmussen,1,45061.207233968526
"and Bradshaw, Rowe Edwards",1,30059.926189185055
"Murillo Thomas and Jones,",1,36169.85584887648
"Ochoa Beck and Parker,",1,41465.01751168754
PLC Hanna,1,32385.59858924323
Roberts-Graves,1,8601.74160692723
Carr-Harris,1,20800.16946134274
Yates LLC,1,18962.58719608135
Group Erickson,1,48382.74544843998
"Brown, Norris and Wood",1,16499.7331044377
Garcia-Zimmerman,1,7128.8254483100245
Ryan-Zhang,1,22269.170018729204
Hendrix and Sons,1,28325.47548080838
Galvan-Brown,1,18445.043708408637
"and Larson Moyer Patrick,",1,33995.57666917098
"Anderson, and Matthews Pham",1,21866.307346760626
Steele-Thomas,1,48280.28624394589
Mclean Ltd,1,13030.146245335703
Jackson-Rivera,1,31221.49399005711
Grant-Weber,1,48505.11323315002
"and Harmon Smith, Davis",1,38654.200187164184
and Sons Baldwin,2,58369.8450039813
"Avila Ramirez, Duncan and",1,29915.278875162945
"and Williams Miller, Holder",1,27052.78229333285
"Hampton, Vaughn and Estrada",1,31673.010071686134
Brooks-Marks,1,26572.918851168677
and Myers Sons,1,49618.21920943224
Wood-Martinez,1,32595.36415382186
Cummings-Barnes,1,22731.43862623445
Stein Group,1,33689.309024100054
"Johnson and Smith Padilla,",1,3779.2369359565364
Donovan-Anderson,1,15561.227405665124
LLC Jackson,4,74360.22413007007
Weiss-Lee,1,34285.705644454254
Byrd-Miller,1,45610.71030860217
Miller-Browning,1,36671.11707748524
PLC Ortega,1,22775.834585951765
Reese-Long,1,27268.055097714125
Myers-Potts,1,47766.35737391625
"and Fisher Simmons, Santos",1,23292.24806404972
Brown-Hall,2,29375.392687523316
"Cervantes and May Gilmore,",1,45554.96331647632
Ltd Bryant,1,38341.11184465804
Kaufman-Levy,1,32358.683619886302
Bell-Buck,1,27706.14554828524
"Harrison and Flynn, Barnes",1,27092.325126104697
Roberts PLC,2,38259.04755906572
PLC Hicks,3,45714.13767324556
Williams-Vega,1,11953.902268033176
Sons Reyes and,1,31120.788869745527
"and Brown Owens, Clark",1,20910.820200134083
Evans-Rangel,1,6290.842677748511
Inc Escobar,1,19452.74832796828
"Gibson and Cameron Mckee,",1,6216.6033529503175
Mack-Logan,1,39039.482953115046
Harris-Roman,1,7531.531067057081
"Anthony, Schmidt Taylor and",1,5724.728804079996
"Watson Burgess Williams, and",1,44386.79777188916
Long-White,1,27833.35450345953
Beck-Haynes,1,23278.836540871165
"White Martin, Hill and",1,31652.51715355809
Ross-Marshall,1,12846.752711389472
Henry-Richardson,1,31781.08115893841
"Whitaker Clayton, and Ochoa",1,46934.221092009895
"Wilson, Johnston and Buchanan",1,23325.2110325111
Group Patterson,2,95588.81616799656
"Green Smith, Castillo and",1,22359.895757827908
White-Moreno,2,39170.890209249075
"Wright Shaw and Nielsen,",1,14491.46119104337
"Nichols, and Miranda Howard",1,4618.416984943143
"Shepherd, Greene and Molina",1,33822.46821031265
Sons Shepherd and,1,25253.501600848882
Manning-Shepard,1,8052.9105438528895
Martin-Vargas,1,27006.94131381563
and Sons Valencia,1,25462.774077646554
Aguilar-Harris,1,43502.0322283621
"and Copeland Obrien, Pierce",1,22196.88185293194
"Hurley Sullivan, Sutton and",1,16780.16670403486
"Anderson Hall Johnson, and",1,9564.359501165309
Miller-Blankenship,1,37873.54458650733
Gay-Jefferson,1,15015.726500193623
Holmes-Greene,1,26463.64074409457
Stanley-Farmer,1,3914.8979583936184
Rios-Mitchell,1,2390.3719729007207
Snyder-Jones,1,20444.06289421056
"Smith Hansen and Cummings,",1,32339.21885320391
Porter PLC,1,34151.76106811751
Romero-Prince,1,8910.684010018666
Hays-Ford,1,4736.565087528289
"Lopez Francis and Gordon,",1,15647.800922044664
"and Salazar, Salazar Baker",1,47051.833298509526
and Patterson Sons,1,144.51058356507542
Hooper-Thompson,1,12810.382322135882
Skinner-Johnson,1,43114.816446183155
"Brown, Berry and Campos",1,25253.706801275555
"and Torres Newman Reed,",1,17019.923549512674
Myers-Medina,1,13382.532848154438
Andrade-Taylor,1,26011.90296237311
"Burton, Bentley Duran and",1,13994.631931608292
Allen-Price,1,19824.135435565073
"Pierce Ward, Torres and",1,3879.0846018133934
Phillips Ltd,4,74082.53087715173
Diaz Inc,1,32136.510407689384
Sons and Cortez,1,44595.97086376193
"Arnold, Steele Scott and",1,9632.876199406164
"Cameron Black Davis, and",1,31555.500568845364
"Johnson and Doyle, Collins",1,44206.13490424733
"Allen Parker and Estes,",1,12448.688521969914
Medina-Palmer,1,50404.28210395663
Johnson-Nash,1,10783.805436352339
Adams-Garza,1,24312.491917281324
Russo-Thompson,1,33151.575372949366
Inc Clark,5,153571.00194746995
"Sherman and Hardy, Johns",1,28425.919492978006
PLC Mccoy,2,45098.95881082805
"Mason, and Henry Travis",1,23167.200381910574
Robinson-Mcgrath,1,26687.23685181881
"Bowen Ortiz and Garrett,",1,21810.81703719118
"Humphrey, and Chapman Jones",1,24747.537956581888
Evans-Martinez,1,33360.494026810644
"and Mays Johnson Daugherty,",1,26036.24644577775
Kennedy-Horton,1,35927.16196452343
"and Martin Abbott Jackson,",1,36330.02865669091
"Harris Werner and Moore,",1,2608.3175266104827
Chambers-Barnett,1,6146.601978310963
"and Graham Martinez Spence,",1,2953.343627508053
"and Roth Flores, Foster",1,43612.217854684655
Parker-Taylor,1,15224.979564501396
Brown-Beck,1,38554.04580645378
Brown-Mcdonald,1,37628.26001176273
Carter-Martin,1,25129.80736372668
Gallegos-Cook,1,48411.77292432778
Conley-Miranda,1,32323.91489807254
Harvey-Sellers,1,25434.086710729676
"Barnes, Rodriguez Anderson and",1,35603.66744427572
"Craig Klein Harrison, and",1,27552.088921867668
Martinez Sons and,1,29916.122424903922
"Nicholson, Mendoza and Little",1,16301.11794126989
Miller-May,1,15157.475465176845
Mendez-Ferguson,1,51.3304808035291
Howard-Fritz,1,31646.195311042036
Macias-Wiley,1,42477.679322549375
Keith-Hayes,1,21274.243168209705
Inc Marsh,1,2208.86879664895
"Henry Kim, Hodge and",1,7489.790853858945
Gaines-Patel,1,17262.080997063244
Robbins-Smith,1,36877.2323576868
Group Warren,1,37972.32658147465
"and Gonzalez Thomas, Wall",1,12191.237849717925
"Parker and Howard Payne,",1,25435.836501547485
"Hill Johnson, Fuentes and",1,30080.91417837777
"Smith Wood, and Morris",1,41881.9235748059
Kennedy-Davis,1,3212.2572537974866
Mayo PLC,2,25683.623427747
"Ward, Dillon and Patterson",1,31563.10529042898
"Perez, and Mccarthy Hammond",1,46159.30387189704
Ltd Navarro,2,82246.65903150785
Rodriguez-Buckley,1,34203.74794074608
"and Mathis, Leach Davis",1,17039.38673314395
PLC Baxter,1,5313.9183314248885
Mejia-Jackson,1,8583.401389495431
"and Allen Jennings, Branch",1,46670.457100923966
Reilly-Maynard,1,29103.748273469944
Gutierrez-Frost,1,36283.8612164722
"Collins Berry, and Reed",1,90.82994264194235
Berg-Harper,1,1780.65351024812
Wagner-Simpson,1,31698.301920468046
"Giles and Morton Reyes,",1,3952.2710256247633
Carter-Garcia,1,45100.719198290375
"Nguyen, and Hart Petersen",1,17418.894854252394
"Novak and Kirby Thompson,",1,44299.66750983895
Morgan-Simpson,1,31048.709906014443
Golden-Simpson,1,3934.3491909049135
Pearson-Baker,1,17933.53277401818
"Baker and Carlson Boyle,",1,39658.50586337784
"Vance and Johnson Rodriguez,",1,34821.54011984127
PLC Fernandez,1,25743.465823388295
Green-Keller,1,3195.5025221885144
"and Olson Morton, Alvarez",1,49148.50061974649
"and Rodriguez Smith Murray,",1,10174.949998595393
Fitzgerald-Lam,1,15309.403496996525
Miller-Dawson,1,40445.344640601645
Trevino-Dixon,1,17180.108948249715
Inc Potts,1,9357.221589444822
Holt-Vaughn,1,6322.012727415981
Powers-Mccoy,1,759.1845667748789
Petty-Gallagher,1,15959.307647287129
"Heath, and Jones Jacobs",1,34703.55099316883
Velasquez-Wilkins,1,9994.51194291205
Thomas-Perez,1,24625.775226603506
Tucker Group,1,4312.565265668472
Sons and Francis,2,40748.94129264344
"Thompson Davies, Jones and",1,7808.826783777154
Harris-Weaver,1,33995.68332604013
Singh-Hart,1,35071.832613326194
Group Stuart,1,40513.95602021999
Vazquez-Bowen,1,39280.00139668153
"Martinez, and Russell Hill",1,45875.90984236811
"Obrien and Adams Wagner,",1,6359.947381553211
"and Terry Preston Ross,",1,32907.260819190524
Weaver-Krueger,1,45653.86312028523
"Parker Wilson, Harris and",1,44164.96142731119
"Jones Galloway, Nash and",1,8315.132550596516
"Anderson, and Johnson Greene",1,28650.75702378136
Simpson-Pugh,1,48956.913936766214
Fitzgerald-Hale,1,20494.15386534707
Kelly-Oneill,1,11227.476898224637
"Nguyen and Padilla, Keller",1,5978.643427919912
Jensen-Williams,1,7025.27574324552
Clarke LLC,1,30801.57427610558
Williams-Mann,1,9946.733396526455
"Higgins and Lopez, Turner",1,38472.16845571688
"Mcguire Mccarthy Turner, and",1,17061.6182531693
May-Smith,1,30627.20861675614
"Gonzalez and Stevens Ruiz,",1,34006.63002182424
"Moore Cooper, Wilson and",1,2436.5205899353414
"Mcmahon, and Steele Rose",1,24701.86615955965
Ryan-Moore,1,23167.85976077539
"Wood and Cummings Blankenship,",1,19126.266308227194
"Stevens, and Keller Martin",1,44063.00794537196
Gomez-Spencer,1,35543.06752768772
Lee-Brennan,1,19201.76925697265
Schultz-Sloan,1,35542.59915475535
"Foster and Sharp, Silva",1,20218.57210665011
Brandt PLC,1,9432.991418168795
Wolfe Sons and,1,29356.894334923658
Faulkner-Jones,1,29306.75227630038
"James Turner, and Yu",1,14292.517476061596
"Reynolds, and Hall Ross",1,26344.031324939195
Sampson and Sons,1,42816.26065803223
Gonzalez-Maldonado,1,14472.102966635135
Wright-Bowman,1,17218.978835471506
"and Hill Alvarez, Bridges",1,12173.44202032132
Hudson-Carter,1,15368.06497835793
"Mendez, Ayala and Rivera",1,1755.347730515332
Burton-Gonzalez,1,2271.976560056647
"Rodgers and Johnson Shaw,",1,11704.959990011366
Group Lewis,7,166886.64045824492
Ltd Evans,2,63107.30983358171
PLC Long,1,49919.23317507617
"Johnson Bishop, and Russell",1,23086.54966032657
"and Baldwin, King Stephens",1,10941.871272382745
Wang-Torres,1,31160.115590087156
Winters-Riley,1,16327.623077601522
"and Hicks Ray, Lloyd",1,21913.87705249128
"and Ward, Williamson Johnson",1,22628.376253823455
Wong-Carpenter,1,13510.496671542434
"Brewer and Rodriguez, Holmes",1,21722.182120113215
"Richards, Martinez and Skinner",1,19724.076522950443
Henry-Taylor,1,49622.270094672545
and Sons Edwards,1,39504.368486379266
Crawford Inc,1,15164.241120799516
Harris-Peterson,1,28300.80906904931
"and Hernandez, Kelly Sanders",1,30206.949012121288
"Douglas and Grimes, Robinson",1,26228.42642751371
"and Munoz Choi, Owen",1,34727.61888657616
"Campbell Davies, and Yates",1,1577.9045427636304
Black-Wilson,1,4932.602601438266
"Oconnor and Schmidt, Russell",1,37151.47715622222
Glover-Ball,1,46663.10578885697
Miller-Jones,3,79186.74013861851
"Chapman Bryan, Williams and",1,28945.8159172814
"Roach Silva, and Carpenter",1,5247.337368784334
"Davis Stone and Shaw,",1,12347.013440140869
Roth Ltd,2,62314.43901569163
"Barnett, Ramirez and Davis",1,13464.916287613094
Johnson-Jenkins,1,20294.607168945666
Jones-Cole,1,40211.45688234528
"Campbell, and King Frank",1,21719.6720225218
Elliott Inc,1,40660.596032179485
"and Stewart Phelps, Potts",1,10669.527428632067
"Nelson and Patel, Ruiz",1,22540.85870166147
Green-Rodriguez,1,44636.820490099875
Flores-Gregory,1,7681.344156648928
"Guerra and Escobar Schultz,",1,6117.614426276266
Nichols-Ross,1,34095.984086680895
Sons Fisher and,1,24833.6690563603
Fuller-Sharp,1,23353.171651723245
Bailey-Miller,2,79401.81337307223
Clark-Mccullough,1,40217.0450413769
Mcclure-Shields,1,27415.364268147623
Mcgrath PLC,1,14312.277581593671
"Nolan, Morris and Wright",1,7442.861280376774
"Cole Morales Garcia, and",1,35316.83363543506
Johnson-Duncan,1,26168.174931730817
Russell-Myers,1,26721.916777456932
Fisher-Burch,1,39411.65247376282
"Malone Thomas, and Sanchez",1,10695.73092961003
Morgan-Wells,1,5158.369646111537
Anderson-White,2,79990.09455676758
"Juarez and Wells Williams,",1,16567.332862664203
Sons and Ward,1,10593.415948520325
"Williams, Gomez and Rogers",1,24670.640089374356
Rowland Inc,1,33751.12589939481
Rogers-Day,1,46109.13154932379
"Delgado Lewis and Becker,",1,46830.98493737646
Ward-Thomas,1,36859.79517845786
"and Mack Davis, Smith",1,10656.136050870575
"Wheeler Gaines, and Bell",1,46212.20741904158
"and Blair Rodriguez Wise,",1,7032.990319487021
Lawrence Inc,2,9237.28449040215
"and Wilson Mccall, Duke",1,30471.83962521975
"and Bennett Lee, Moody",1,36428.87599195227
"Sosa Murphy, and Alexander",1,36201.841530408405
"and Humphrey, Moore Williams",1,25610.115829766226
Reynolds PLC,2,26484.575062787182
Jordan-Graham,1,5677.1518521365115
"Johnson and Trevino Reyes,",1,27729.207040618854
Anderson-Melendez,1,23508.969699879388
"Nichols Jimenez, and Ingram",1,29584.25795817572
"Huber, Rodriguez Chapman and",1,-224.63241737585076
Ltd Kline,1,24292.660227729237
Tran-Gardner,1,47005.95045092803
Hurley-Taylor,1,21016.316282234493
"Mclaughlin Moreno, and Johnson",1,44919.77568512079
"and Cole Simmons Sanders,",1,37166.65449206572
"and Kirk Wheeler, Davenport",1,8952.634697260219
"Mccarty and Franklin Miller,",1,36281.51921984886
Macdonald-Weaver,1,37836.75202832387
Matthews-Romero,1,41566.37389773055
Lane-Duncan,1,43325.193429317296
Elliott Group,1,15331.664244427913
Nelson-Davis,1,18674.239719859353
Hernandez-Wall,1,850.0250558018072
"Oconnor, and Novak James",1,7214.309120288526
May Sons and,1,44938.91169986709
Scott Sons and,1,39320.82752020443
"and Garcia Johnston Williams,",1,19727.58028228615
Trujillo-Snyder,1,35951.18045638794
"Mora Lawson and Haynes,",1,49139.080161190795
"Moore, and Fuller Bailey",1,24058.27519729459
"Gates, Hall and Anderson",1,48800.85470972558
Larson Ltd,1,35559.60972954184
Mcbride-Beck,1,47586.47365319159
Lambert-Thomas,1,7614.006604793465
Garner-Bowman,1,19746.83200760437
Lee-Jacobson,1,48281.91194019209
"Kane, and Dickson Schwartz",1,2735.0315749023775
Sanchez LLC,3,86679.87490264364
"Patterson and Peterson, Velazquez",1,46287.049309881746
"and Dunlap, Wright Mays",1,43644.33708058138
"Wheeler and Miller Burch,",1,5936.363411461218
"Garcia Woodward and Morgan,",1,6709.755374803667
Collins-Mcdonald,2,24701.357916408626
"Chaney Gaines White, and",1,11605.19194943677
and Sons Powell,1,5921.604854780732
LLC Cooley,1,31415.693596370867
Rangel-Barton,1,48607.41857599775
Armstrong-Baker,1,17160.037495553555
Copeland-Gibson,1,44667.96798217427
"and Rodriguez Anderson, Kennedy",1,6812.166784830738
Dickerson LLC,1,7106.832697833439
Harris-Cooper,1,27796.866924972528
Allen Group,3,90021.77518822932
Singleton-Rogers,1,8577.359318007648
"Perkins, Harris and White",1,46106.22748275092
Weeks LLC,1,34652.79731905584
"Wilson and Morales Mccormick,",1,4437.825177179415
"Mason Ferguson, Walton and",1,48521.2373620343
"and Cardenas George Gonzalez,",1,37413.848345828206
"Smith Allen, Garcia and",1,23785.049024879132
"Mcgrath Salazar, and Hernandez",1,18547.13090982847
Thomas-Morales,1,42932.155286343725
Kerr-Young,1,14511.544878284592
Sons Wilkerson and,1,34541.14012102993
Galvan-Gross,1,11623.621366958281
"Thompson Pratt, Williams and",1,35834.81248635597
"Barnes Perez, Jackson and",1,26081.98459415822
Juarez-Smith,1,23029.46372318046
"and Moody Landry, Miller",1,18939.472940100983
Colon-Fisher,1,27389.16278350989
Bonilla Ltd,1,4472.822430426675
Finley-Snyder,1,7826.5511363074
Sons Rodriguez and,1,2801.7086298955073
Cole-Clark,1,29793.95169754433
PLC Mercer,2,64508.09801971702
"and Stewart Campos Spears,",1,3653.3977343591278
LLC Wise,1,4900.914927445262
"Edwards Ortiz and Dickerson,",1,17970.10903286005
"Gross Pham Li, and",1,8831.923116153215
Reese-Santiago,1,12838.778571144656
Mathis-Cruz,1,23036.907206003823
Morrow-Ramirez,1,38843.333477870794
"Haley, and Gonzalez Ortega",1,46426.32768170234
Hayes Inc,2,45419.10620166396
"Rodriguez Farmer, and Neal",1,28046.62240836981
Jacobs-Smith,1,23130.705055519942
"and Stewart Norris, Love",1,10629.469584942068
"and Mccann Hess Jones,",1,31655.18073257607
Moyer-Oliver,1,46523.977427133424
"Escobar, and Landry Robinson",1,25311.6207106832
Riley-Williams,1,43036.784345909015
Singleton-Dean,1,49000.78784279721
"and Logan Mejia Johnson,",1,43305.49815603741
Ponce-Moreno,1,44072.25419128938
Thompson-Martinez,1,33785.04731047296
Hamilton-Knight,1,32559.16755396638
"Moore, White and Gomez",1,44304.490072544155
Reese-Ortiz,1,25073.058542971587
Davis-Ramirez,1,33093.29666558288
"and Gallegos Hall Rivera,",1,37121.991452749644
Sanchez-Keller,1,35916.86960550069
"Turner Wright Fischer, and",1,26799.723502437195
Hampton-Miller,1,19625.76480543503
White-Howard,1,44955.500601746695
Little-Gonzalez,1,31412.477590971368
and Silva Sons,1,26197.111588112977
Group Ramos,2,17808.623469504913
Thompson-Knapp,1,33298.58475101644
Fields-Weber,1,36525.10962497948
Koch-Acevedo,1,49585.73324236724
PLC Wagner,1,32684.92420136009
Grant-Waters,1,43184.64661123536
"Daniels and White, Hamilton",1,20296.93890081304
Kennedy-Dalton,1,41482.664775233854
Hudson-Rodriguez,1,36476.213050439095
"Norris and Baker, Robinson",1,37937.27244143034
Gutierrez-Meyer,1,26249.610814447355
Sons and Baker,1,43584.33036045204
Evans Sons and,1,44984.478273852685
Sawyer-Medina,1,44564.61651531151
"and Lopez Jensen Hernandez,",1,10535.73535224334
Rich-Brewer,1,25815.037192776585
Cox-Kane,1,3855.002229215633
Patel Ltd,2,28760.375958404
Powell-Johnson,1,33025.94975931787
Waller Ltd,1,48774.39661744081
Rice PLC,1,40097.198556780706
"Mullen, Miller Meyers and",1,13422.994583473861
Weeks-Hill,1,25772.665340276886
Fleming-Vance,1,5446.096261772397
Group Potter,2,51059.87923545432
"Baker and Rodriguez Garner,",1,44191.61687291373
Bennett-Fox,1,34725.095831122926
Hansen-Murphy,1,22331.61851895168
"Rosales, Nguyen and Henry",1,26808.370155981815
"Harris and Walters, Collins",1,4829.185874463175
Cannon-Gray,1,31584.67453462774
"and Sutton, Powell Patterson",1,39663.90901777278
Gray Inc,1,19176.71106691646
"Crane Bean Burns, and",1,17730.614891850197
"Sellers Colon and Ortiz,",1,29129.394719356216
Ltd Sims,1,32697.641847157134
"Lewis Brown and Hernandez,",1,26729.07496492707
Pitts Group,1,40503.254855089384
Williams-Freeman,1,391.5511596456847
Clark-Jensen,1,48944.94726787127
Allen-Hoffman,1,30672.80428108192
LLC Diaz,1,11957.687812182285
"Church Miller, and Navarro",1,2069.146266170636
"Smith King and Rowland,",1,33108.41870268461
"Gonzalez, Ochoa Garcia and",1,9326.248949943434
Foster-Kim,1,28109.097788690342
"and Mckenzie Mullen Moore,",1,33147.85965289368
Hawkins-Humphrey,1,36395.541662546544
Hampton-Romero,1,48469.438881575894
"Allen Black, and Collins",1,39325.20174327928
"and Mahoney Watts, Ellis",1,5462.510983225115
Carr-Griffin,1,14700.388858210845
"Jones Holmes Lane, and",1,38501.66393560434
"and Gillespie Jennings, Hernandez",1,4534.260133390631
"Dyer Rhodes Martinez, and",1,49054.82921458522
Lewis-Orozco,1,7869.407509331982
Inc Duffy,1,27047.83132562228
"Joseph and Rodgers Cowan,",1,11815.513794880146
Vaughn-Allen,1,37530.824482688484
Keller Group,1,17119.36917041632
Hill-Payne,1,40851.45555243418
Molina-Taylor,1,2774.9924032475847
Gentry-Snyder,1,14738.594219355788
Foster LLC,2,66474.0060133709
"Sanford and Mason, Powell",1,22842.578331058085
Group Gilmore,1,45659.10333356736
Martin-Hubbard,1,15588.859689278044
Inc Dalton,1,19844.687666543818
Hunt-Dillon,1,24253.01040695345
"Jenkins and Carson Adams,",1,33155.83406379591
"and Rogers Martin, Montoya",1,2210.5345162625267
May-Hicks,1,22331.92155845294
Ray-Hunter,1,36891.19651922078
"Estrada and Lee Roberts,",1,16339.668623593503
"Vasquez Smith, Allison and",1,18106.336554711168
"Watson, Rose Smith and",1,28926.190460873728
"Decker Glover, and Christensen",1,21879.53191106356
Proctor-Jones,1,6132.404095238648
Lawrence LLC,2,85488.79130370478
Moore-Franco,1,11304.002577233756
Vazquez-Sanchez,1,31401.50185028495
"Watson Johnson Joseph, and",1,13014.33000044748
PLC Holmes,1,29283.60402744048
"Boyd, and Brown Guerrero",1,15849.6727365521
Cruz-Jimenez,1,3767.643805252863
Friedman LLC,1,35953.45188466557
Fuller-Gilbert,1,27271.219659321076
PLC Conner,3,64604.82353282563
Inc Rodriguez,8,217722.0857496536
"Silva Schroeder, Finley and",1,23307.274244727403
Lopez-Cook,2,70188.84136347754
"and Farley Ball, Myers",1,48431.4265855811
"Cobb and Haley, Peterson",1,40012.80214699641
Oliver-Taylor,1,30826.185868926
PLC Flores,3,131781.49542502797
Ray Ltd,1,2691.9496848123827
Gonzales-Aguilar,1,20855.19525403718
Perkins-Austin,1,4395.506310983052
"Hicks Hancock, and Williams",1,6726.456025847291
Hansen LLC,1,30506.039167339663
"and Mccormick, Green Wallace",1,39901.674669792345
Adams-Bennett,1,30363.329771459546
"Perkins, Young and Smith",1,3771.191653328744
"Morrison, and Andrews Foley",1,36618.40542733235
"and Jones, Evans Williams",1,5469.471641323184
Jones-Wiggins,1,33852.26903219614
"Stephens Holt and Thompson,",1,28950.05250901466
"and Townsend Daniels, Smith",1,46154.50478810923
Cannon Group,1,40501.42537370329
"Coleman, Johnson Ho and",1,22287.99352378076
"Mcpherson, Jackson and Bush",1,21995.666494977017
"Gray Russo, Williams and",1,15545.069046294804
Mccoy-West,1,15711.000554569868
"and Johnson, Anderson Garcia",1,29274.29589814403
Meyer-Sanders,1,45004.65882229471
"Christensen, Herrera Hawkins and",1,33094.750915421
"Oneill Morton, Ross and",1,10060.363249001242
Hendricks-Pennington,1,27388.25253153009
Dean-Harper,1,19900.47515842777
"and Williams Phillips Garcia,",1,31466.050927692224
"Stone, Dixon and Berry",1,40949.960332106675
"and Wilson, Ball Walsh",1,797.1206417771958
Marsh LLC,1,24210.03436970413
Hudson-Edwards,1,27401.841645252614
Benton Group,1,40159.75098021587
Romero Sons and,1,46788.24829481443
"and Gomez Lucas, Ramirez",1,17807.25415972055
Hodges-Wall,1,15053.18940506238
Fisher-Carpenter,1,12360.163228461908
"Parsons and Rosario, Barber",1,32603.138467755492
Torres-Holt,1,32407.772574357823
PLC Lam,2,54627.88510099362
"Chavez and Brown, Morris",1,39746.21312582042
Lopez-Torres,1,10645.759840686365
"and Jones, Mendoza Sims",1,7665.898198691524
Osborne PLC,2,40448.727840042506
"Bartlett Shelton, Lewis and",1,18153.21264198491
"Wallace, and Olson Jacobs",1,35597.89879595034
Wagner-Thomas,1,21375.856521020538
"Moyer, and Fields Smith",1,48105.01011775044
"Thompson, Oliver and Robles",1,18487.45672734132
"James Martin Fischer, and",1,17279.572393827446
"and Shaw, Franco Armstrong",1,22295.002378383695
Ltd Cohen,1,47852.46425541684
Galloway-Romero,1,49108.42450552639
"Perez, Benton West and",1,41634.12125334099
Brennan Inc,1,13078.244821225904
"and Buck Stevenson, Garrett",1,26128.441674064998
Bryan LLC,1,27234.60041737889
Cannon PLC,1,47615.65497995125
Griffin-Hill,1,8965.080233503651
Baker and Sons,1,17731.560074395744
"Mccall Mckenzie and Mata,",1,40262.95236954425
Greene-Fritz,1,39471.28288776351
"Scott George Brown, and",1,49274.13299674432
Morgan-Garrett,1,46270.56420143489
"Rodriguez, Crawford Warren and",1,6675.047008477854
"and Diaz, Adams Stevens",1,22763.05842412323
Pierce PLC,1,35090.30773041794
"Bullock Castillo, and Cowan",1,10019.161086330489
"Park, and Wolf White",1,39656.489148194705
"Myers, Sanchez Wilson and",1,28348.827412010385
Ltd Clements,1,27043.381598351378
"Padilla, Garcia Duncan and",1,5636.209323646746
and Hill Sons,1,16307.442650676385
Bond-Perez,1,37271.08867093339
"Duffy Lucero and Williams,",1,9836.378458896743
"and Kelley Durham, Stevens",1,8207.714370038282
Wright-Carlson,1,12601.71767878256
"Cantu Martinez, Ibarra and",1,41762.50645724908
"Allen, and Velasquez Wilcox",1,10986.840498436191
"Brock Elliott and Price,",1,41523.42331934773
Owens-Stafford,1,27626.105642449696
"Rivas Martin and Farmer,",1,7623.493400623616
"Lara Burgess and Bray,",1,47607.21662354841
"Gonzales, Lawson Wagner and",1,9252.840651478175
Ltd Garrett,1,18104.65613697499
Stevens-Bailey,1,33940.90436765474
"Acevedo, Riddle Payne and",1,22251.997803119426
Johnson-Wright,1,4883.781503014113
Roberts-Fowler,1,17143.358937798297
"Lawrence, Turner Best and",1,14885.119713337002
"and Simpson Gonzalez Johnson,",1,29167.055553359576
Hardy-Berry,1,10379.313794478549
PLC Nolan,1,20966.94173454731
"Wilson and Harris Williams,",1,9322.588151319933
Suarez-Nelson,1,17732.469366062764
Martin Group,6,160718.10013412498
Allen-Ortiz,1,12239.539895264268
Peterson LLC,1,46866.743104337
"Weeks and Robinson, King",1,32329.44373979082
Mcclure-Williams,1,32656.774516185425
Burton-Duncan,1,16110.45647512114
"Doyle, Turner Baldwin and",1,20049.3104192966
LLC Wolfe,1,40866.767162913995
"Thomas and Day, Walker",1,2600.1550335853135
"Jones, and Roberts Singh",1,42606.4621495334
Evans-Bowers,1,33512.19341090268
"Foster, King Zimmerman and",1,47051.83056085786
Randall-Boyd,1,34231.824427206375
"Washington Sanchez, and Gates",1,21036.519242908904
Miller-Matthews,1,19772.1130028294
"Higgins, and Martinez Stevens",1,10873.840662247785
Young-Hernandez,2,46905.453964776505
Ayala-Lewis,1,31254.16827079073
Burns-Drake,1,47173.56777664726
"and Rios, Jones Wilson",1,13882.44741193189
Carson LLC,2,64571.9496606942
Thompson LLC,3,68954.16180397788
"Pearson, Vargas Griffin and",1,45644.30307653322
Cook-Patterson,1,43824.150755792325
Nelson Inc,2,59184.80608694274
Clements-Carter,1,26348.612144942672
Inc Long,2,60086.10494184338
"Randall and Vaughn, Austin",1,42742.80480587684
Pineda-Pham,1,26604.484369418336
Castillo Group,1,32374.946381565693
Sullivan-Miller,1,24389.43626041535
Gibson-Williams,1,4126.060592932026
Martin-Walters,1,4625.571918014353
Parrish-Rivera,1,20739.545472879694
"and Finley Mosley, Gaines",1,26192.95239390694
"Martinez, Jensen Benton and",1,42559.461131483935
Gomez-Jones,1,9324.551879430077
Hill-Davis,2,67134.89364468196
Porter-George,1,23164.689105435857
Williams-Conley,1,44001.59895529937
"Davila, and Reyes Mccoy",1,3068.06479992677
"Marsh, Lee and Murphy",1,37657.37630244128
Sims Inc,1,40456.61225826915
Cannon-Mcgee,1,16771.313170776564
"York Sheppard, and Bruce",1,23351.416301008976
"and Sheppard, Haas Weeks",1,40368.76553294625
Wright-Harris,1,44818.13990069455
Henry-Bradford,1,26254.58138568035
Perez-Gardner,1,21642.32291456868
"Sanchez Chung and Cohen,",1,48271.67091108234
"Freeman, Taylor Howard and",1,34233.211268552404
"and Cantu, Hunter Wang",1,34398.02619633796
"Collins Estrada Wells, and",1,34552.647447983356
"Hernandez, and Kirby Soto",1,36059.52226987766
Myers-Reed,1,28232.455611102065
"Rose Brown and Smith,",1,6361.260566446108
Dunn-Hawkins,1,1815.757333445565
and Sons Kim,1,32415.99458183053
"Kline, Kelly and Rangel",1,9036.924870435707
Houston Ltd,1,45251.12189964207
LLC Harding,1,27455.87938329874
"Collins Davis, Rodriguez and",1,33342.36484047988
"and Gallagher, Smith Hunt",1,33503.32943147417
Vaughn-Reed,1,45707.88271275342
Lester-Taylor,1,46658.27039552773
Ltd Melton,1,7047.403395626535
"Wiggins and Shields, Lowery",1,30931.359516416283
Robinson-White,1,7650.057247385571
"Cardenas Harris Miller, and",1,35754.42115450669
"Turner Collier and Guerrero,",1,13859.480801823815
Richardson-Clayton,1,43716.830422989566
"Davis, Thompson and Johnson",1,27421.698991381887
Mayer-Crawford,1,36834.63760816179
Dixon-Alexander,1,37447.38101641214
"Tyler and Andrade Lewis,",1,16590.805730760025
Kaiser-Wilson,1,14247.533206204278
"Mueller, Small Benjamin and",1,4567.24198776395
Lara-Marquez,1,14155.926588461318
Brown-Harrison,1,43634.015628616566
"and Lewis, Johnson Townsend",1,3658.4656905421907
"and Jenkins Bradford Evans,",1,43559.319231657486
"Gilbert Parker, and Lucas",1,11506.802596734582
Brown-Brown,2,63755.829051593326
"Ward Castro, Miller and",1,47341.334849048246
Palmer LLC,1,22728.58658769061
"and Anderson, Richards Benson",1,469.5252708722162
and Sons Sutton,1,39219.810561862345
"Bell Davis, Montes and",1,50003.863534239805
"and Lopez Gonzalez, Harding",1,4441.193513893353
Miller-Stanton,1,40326.058136967804
"Collins, and Allen Myers",1,3306.3741063262805
Tucker-Snyder,1,27087.027189238717
Powers-Chapman,1,36903.93271383337
Group Campbell,1,8810.281563603352
"Sanchez, Lee and Diaz",1,20436.511836604357
Smith-Weaver,1,42455.865529374205
"Conner Meyer Riley, and",1,15761.844549819916
Mason Inc,2,65933.39549815198
Barajas-Whitney,1,37584.84904317405
"and Bauer Bowman, Lutz",1,24397.320765662273
LLC Mccoy,1,26107.06778643263
Martinez-Schmidt,1,19265.29340166962
Miller-Moss,1,27447.146976215543
"Martinez Johnson and Hayes,",1,47032.17117734106
Murray-Walton,1,7583.350852997906
Travis Sons and,1,47683.49092743392
Todd-Douglas,1,47869.75395657105
Chavez-Carroll,1,6951.254120401782
"Cole Schmidt, and Gutierrez",1,46972.81051919965
"Maddox, and Thomas Conner",1,25033.857599720246
"and Ferrell Wagner Carey,",1,32098.1936661921
Richards-Mcfarland,1,26795.146518891514
Group Yang,1,16488.25987712382
Moore-Waters,1,14371.539698666105
"and Wright, Long Schroeder",1,34365.99712395978
Cervantes-Herrera,1,30289.70490881633
"and Brown, James Green",1,35312.30148110295
"Smith and Rose Rivera,",1,38570.126407427975
Bridges Inc,1,15704.08921821339
"Schmitt and Montgomery, Barber",1,16828.05197382164
Johnson-Lopez,1,47596.68168731159
"and Gentry Rich, King",1,21528.260757847565
"and Anderson, Berry Franklin",1,21899.499063067757
"Shelton Nelson and Adams,",1,46402.329925066784
Davila Ltd,1,5005.780601720935
Sims-Henderson,1,45597.47626391456
Dorsey-Mcguire,1,7667.189932322236
Ltd Rangel,1,34747.41998413537
Miller Inc,11,334261.15019846347
Nunez-Lyons,1,15749.661624124195
Jones-Bird,1,13919.107431868637
"and Robertson Armstrong Pittman,",1,11702.106578228979
"Bishop and Hunt Mccann,",1,35903.99277360552
Todd-Williams,1,39993.14212759468
Sons and Salinas,1,19463.541847468492
and Weiss Sons,1,10627.690774458832
Larson PLC,1,31352.938800864813
and Rivera Sons,2,80971.2603165776
Hernandez-Prince,1,6824.117147064133
Group Coleman,4,70524.78885777373
Olson-Salinas,1,47670.3211054837
Washington-Thomas,1,5382.915033954277
Welch-Duke,1,18123.36285120494
"Jackson Ray and Garcia,",1,44303.39955560169
"Gonzalez Roman, Orozco and",1,15451.08367907522
"and Thornton, Fuller Brandt",1,23150.87262385081
Johnson-Welch,2,41450.31637841489
PLC Sweeney,1,37777.4253355352
"Martinez and Garcia, Scott",1,7571.7156668994085
Jones-Miranda,1,36014.10832341994
Ramsey-Jordan,1,12952.44329282899
"Davidson, Richards and Grant",1,42415.947932218216
"Wells Jenkins, Morgan and",1,42230.91085691131
"Richard and Watson Boyd,",1,7979.097529017755
"Fisher Caldwell, and Sandoval",1,5609.948808322688
Ltd Jordan,1,22136.99764404146
Reed-Myers,1,27676.131032230132
Davis-Pearson,1,46565.64519234474
Coleman-Hernandez,1,43700.77070912719
Jackson-White,1,11405.946163249215
Myers-Wells,1,33272.19939026806
Butler-Watson,1,8714.360967919927
Cortez Ltd,1,30761.911314123077
"Ayers Tran Brown, and",1,10648.568677636425
"Whitaker Johnson Pope, and",1,29735.253622771186
"and Lucas, Wong Fernandez",1,24597.647623940233
Sons and Stokes,1,4021.080178473473
and Sons Cantu,1,8648.198165527752
Stark-Jones,1,34659.81983172084
Robinson-Richardson,1,48036.10254477413
Hudson and Sons,1,29176.311696604273
Crawford-Diaz,1,11827.046180125673
Davis-Harrell,1,31147.725093165398
Valentine Group,1,29209.53867833097
"and Frazier Jimenez, Murray",1,36836.30749159561
PLC Porter,1,13382.391818623504
"Holland and Jackson Johnson,",1,30743.21821241212
Henderson PLC,1,11000.384737901051
Obrien-Nguyen,1,37022.09340416744
PLC Lee,2,22734.645257180033
Wong-Hernandez,1,42820.83072609494
"Campbell, King and Powell",1,36337.979007207505
Bailey-Herrera,1,24045.950981620404
"and Carr Walker Stout,",1,16283.339739025152
Bailey-Davis,1,12391.575422721304
"Smith Hill, and Dennis",1,27988.01256837949
"West Anderson, and Torres",1,37956.30479273949
"Pacheco Sims, Marshall and",1,18300.26158726085
Garrett Group,2,18287.863110365917
"Mcconnell, Thompson Smith and",1,16497.200455037757
Smith-Chavez,1,31543.59764279343
"Ryan, and Bates Paul",1,31601.973046065603
Martinez-Molina,1,33458.04312375216
Gonzales-Lambert,1,6379.17856969517
Dawson LLC,1,36312.369120771815
Hansen Sons and,1,40858.0706322514
"Kennedy, Osborn Stone and",1,49358.95110233435
Hester and Sons,1,28927.74590809205
"and Jones Roth Keith,",1,30231.729787488963
"Pearson, and Thomas Reilly",1,15992.6556601232
Inc Fuller,1,46070.400619469656
"Williams, Holt Clayton and",1,10308.059139153633
Anderson-Collins,1,40056.0961885945
Spencer-Bradley,1,46471.842211152696
Miles Group,1,18747.59762936428
Anderson-Chandler,1,2278.2237533571106
"and Flores Chambers, Ward",1,46150.77980923526
Becker-Robinson,1,3162.6449623041917
"Lucero and Howard Thompson,",1,23037.022998513927
Ltd Mathis,1,29352.19799723179
"Boyd and Hamilton, Lee",1,14743.34832857438
"Yu Hughes, Jackson and",1,13286.264645755
Wilson-Foley,1,46720.57213533284
Ray-Boyer,1,48864.97114827764
Morris-Fisher,1,2734.394505517206
"Bush, Boyd and Roberts",1,24663.16400035182
"Murray, and Eaton Martin",1,8824.961104531872
"Cook Miller, and Walker",1,35934.158050725586
Shelton Inc,1,48282.85157674822
Sandoval-Zimmerman,1,16318.786661653265
Shelton-Sims,1,44617.496233035796
"Navarro Conley, Doyle and",1,39718.768977066065
"Reed and Duran, Freeman",1,21114.610012420868
Stevens Inc,1,7753.387456385169
"Chen Hamilton Leach, and",1,37944.874684888666
Sons and Cox,2,73423.7317187468
Jones-Scott,1,2305.139139538494
Thompson-Walker,1,3125.7364766012533
Rodriguez and Sons,5,113544.53324643508
"Sullivan Mullins, Macias and",1,25796.869669293414
"Morgan, Kramer Munoz and",1,2303.9984227566692
"Leblanc Conway, Holt and",1,34381.68871217591
Tucker-Warren,1,48890.44781602984
"and Miller Montoya, Small",1,38270.2696745062
Vazquez-Brown,1,44731.270879245654
"Nash Stevenson and Martinez,",1,26350.003437665913
Swanson PLC,2,61199.802462612264
Molina Group,2,41337.678714555266
Williams-Howell,1,32729.675155950434
Mcintyre-Beasley,1,22355.77886186235
Gallagher-Johnson,1,20379.287225038657
Sanchez-Cunningham,1,44137.8138263286
Hunt-Anderson,1,25661.872824207756
"and Schmidt Schultz, Smith",1,43211.66619891581
"Finley Long and Juarez,",1,15431.708873380469
Kim-Reilly,1,37148.30111848539
Burton-Chambers,1,42266.51222075498
"and Butler Cordova, Rodriguez",1,29048.611327249277
Group Ferguson,3,57792.15769413281
Inc Thomas,5,105306.13319114588
Spencer-Watts,1,43174.91309590801
Mcdaniel-Horton,1,7724.243352905691
"Mcdaniel Dodson Shelton, and",1,12865.025186568979
Fry-Mitchell,1,1026.9243212394965
Martinez-Douglas,1,6546.991558793312
"Bartlett, Baker and Fowler",1,43082.90659232515
Davis-Waters,1,25133.509335540002
"and Pratt Brown Thomas,",1,7994.860068542144
Wolfe-Richardson,1,16671.292512224794
Smith-Ramsey,1,6834.185376228379
Collins-Frazier,1,35640.09482905073
Maxwell-Morgan,1,11673.936909671549
"and Williams Davis Smith,",1,28260.986932937005
Carter-Young,1,13889.92104068026
Inc Salinas,1,20280.56847163054
"Santana and Taylor, Ramirez",1,46526.30858875328
Barrett-Barrera,1,24378.55197278935
"Jones Carr, Esparza and",1,41211.01146828379
"Estrada and White Webster,",1,29935.15677763147
"May Smith and Sanchez,",1,35305.20576405457
"Reese and Smith, Carlson",1,11719.493550166177
Joseph-Freeman,1,28705.88216556354
"and Palmer, Freeman Manning",1,22317.41398870827
and Mcdaniel Sons,1,22570.586711464133
"Maddox Flores, Wallace and",1,28940.2634194252
Frazier-Rodriguez,1,35901.63761384116
Lewis-Mcmahon,1,47309.325290078836
"Wood and Barnett Smith,",1,9618.312285370353
"and Hutchinson, Livingston Green",1,47120.860598014224
PLC Hunter,1,5603.0999697526295
"Johnson, Jones and Gomez",1,19228.576628777184
Gallegos-Robinson,1,8273.773530649909
Strickland-Huang,1,4996.744301790469
Johnson-Davis,2,69126.8508842685
Spencer-Gonzalez,2,57347.83223324521
"Francis and Moore, Hawkins",1,48613.68725673358
Jimenez-Johnson,1,20036.185103555723
Craig-Navarro,1,18353.49578516058
Delgado Inc,1,49185.40223773305
Logan-Powell,1,22439.013843161585
Avery LLC,1,1620.32102127218
Collier-Jordan,1,43230.028452728104
Inc Boyle,1,48014.47585063676
"Griffin, Reyes and Garcia",1,4027.8031979769826
"and Anderson Turner Henderson,",1,48346.86399041261
Chen-Hernandez,1,19053.867346372084
"Jones Rice Day, and",1,37701.66742282987
"and Rogers Benjamin, Carpenter",1,16440.792613237703
"Cox Sanchez, Morris and",1,33967.3536696716
Olson-Ballard,1,41183.62288467216
Harvey-Brown,1,36740.859449629155
"and Michael, Wagner Clarke",1,18119.659789563233
"and Williams Garcia, Fletcher",1,3938.100367088401
PLC Nelson,2,90191.62272825881
Carroll-Rogers,1,1299.1182188391563
"Horne and Jones Villa,",1,7646.433666555015
Ochoa Group,1,34807.54979648699
LLC Sanders,1,3080.2489698845116
"and Williams Davis, Fernandez",1,38049.9865219059
Reynolds-Goodwin,1,24594.70670589258
Rodriguez-Cruz,1,14225.329853371752
Martin-Vega,1,30756.602835966183
"Hines, and Davis Evans",1,17624.107088841214
"and Bennett, Gardner Stone",1,17118.61584001768
"Johnson and Gonzalez Wright,",1,11384.649004785138
"and Lee Schneider, Kelley",1,17764.73385000235
Torres-Christensen,1,35214.981550482174
Sims-Garrison,1,30092.275064074114
"Morris Kerr Stanley, and",1,47690.32990745844
"Torres Perez Dominguez, and",1,42074.838624780336
Arroyo-Alvarado,1,30495.112813425152
Higgins-Roberts,1,32706.851465718417
"and Taylor Ramirez Ross,",1,16893.68783142185
"Hall Cook, and Smith",1,18654.884136677923
"and Sanchez Sullivan Rose,",1,30507.3078767591
"and Smith Navarro, Scott",1,7608.930443814912
"Flores Hanson and Bryan,",1,15313.43747253537
Ltd Mitchell,1,17038.46778975505
"and Carter Collier, Martinez",1,20965.308790313058
Ltd Daugherty,1,35878.68639074109
Krueger-Larsen,1,44611.456597044635
"Wells and Marsh, Castaneda",1,20046.30737542429
Zavala-Rodriguez,1,49078.60406397912
Reed-Wilson,1,19318.478106426322
"Brown Johnson, Young and",1,6460.926574061038
Williams-Turner,1,491.26194892734816
"and Lawrence Schwartz, Dennis",1,40322.38985008113
"Torres, and Harrison Jones",1,17440.465444124675
Lane-Kelly,1,25230.24688180245
White-Graham,1,10693.389264097665
"White West Herman, and",1,44982.852472054976
Ramirez-Hill,1,20227.039404011666
"Simpson Espinoza, and Thompson",1,26223.16583478957
PLC Mack,1,12093.086813733722
PLC Lewis,7,148411.96553455884
Sharp-Greer,1,11209.41585347773
"and Salazar, Gonzales Jones",1,32680.606993711255
Matthews-Mcbride,1,22247.437482013545
"Nelson, and Wilson Ashley",1,5432.024844821006
Johnson Inc,19,487450.5136546023
"Anderson James, Miller and",1,44688.53241804066
LLC Neal,1,33130.54692030413
"Schwartz Poole Mills, and",1,46100.53004006255
"Trujillo Thompson, and Hoffman",1,40746.27976975148
"Foley, and Cruz Hernandez",1,23439.019245178744
"and Krause Atkinson, Rodgers",1,43218.15029715305
Griffin-Flores,2,36146.89777264471
LLC Brooks,2,87343.4371400724
Bailey-Leach,1,11572.070528849295
"Wilson Lynch, Castro and",1,5438.978397640596
"Hicks Moreno Stein, and",1,33347.26739241089
"and Carroll, Cox Morales",1,37069.69372638142
Gomez-Hernandez,1,35448.63707419615
Flores-Glass,1,2707.7082524511943
LLC Hahn,1,44269.51328976186
"Harris and Greer Novak,",1,10913.39372017643
Fuentes-Calderon,1,12558.592935563733
Stewart-Stanton,1,2660.234598639555
Diaz-Alexander,1,37214.307285515315
"Williams, and Roman Chen",1,19299.88413320846
Lewis-Smith,2,23287.67270710001
Maldonado Group,1,-198.28380639042734
Mckenzie LLC,1,23726.752803743195
Butler-Banks,1,11703.212349484837
Conley Ltd,2,50080.26615532187
Delgado-Nelson,1,46079.34232438886
Garcia-Patton,1,8250.527133538764
Campbell-Baker,1,40832.78040127806
Inc Rowland,1,9041.91140678688
"Cummings Ross Stewart, and",1,8716.72311401836
Garcia-Paul,1,49366.02212135683
Steele-Gross,1,5011.62438162757
Norton-Harper,1,35917.97207924873
Vasquez-Davis,1,9404.132192269377
LLC Bell,3,128867.1673097382
"Black Robles, and Zhang",1,8584.299324414887
Hill PLC,4,88172.16236330933
"Cole, Dudley and Hill",1,46920.30315231012
"Flores, and Wright Bradley",1,13857.233471203723
Goodman-Deleon,1,33333.12879058149
Sons Robinson and,2,33556.83181316032
Rice-Peterson,1,49143.89433413284
"Gomez Garcia, and Davis",1,41425.099038406115
Gonzalez-Mora,1,27453.891041935633
"Ward and White, Morales",1,14593.819388847025
Jacobson-Butler,1,20421.126796027253
Odonnell-Simon,1,29288.524838878904
Hensley Inc,1,44685.12083942534
"Gallegos Chambers, Cain and",1,12576.427768094829
"Stone and Hogan, Wright",1,29968.444353526927
"Smith, Cameron and Tucker",1,10302.086979766784
"Garza, Carroll and Hernandez",1,2991.662522983619
Harris-Estrada,1,16532.61980146485
"Cohen Patterson, Avila and",1,36561.924036482334
Hunter-Schultz,1,37993.12498468246
"Johnson and Garcia Ray,",1,19274.343397561788
Sons Sullivan and,1,5107.253777277612
"Rodgers Keller, Gray and",1,25951.672201239027
Inc Robbins,1,5241.739363832571
Adams-Simmons,2,51881.43947555078
"Jones Thomas, and Norman",1,48898.94707540859
"and Rivera Leonard, Robinson",1,44537.56791611924
"Palmer Zavala and Obrien,",1,3913.1931556489853
"and Martin Wilson Henderson,",1,32688.326976361168
Davila-Castaneda,1,34719.776616782605
Morrison-Gray,1,13919.595814361544
"Vega and Herrera Ford,",1,10125.089699079117
Bailey Group,1,41469.23205255151
Anderson-Adams,1,24710.214865607548
Campos-Ball,1,31673.43479287577
"Mccoy, Crawford Morris and",1,20544.3679006421
Hill Ltd,2,18370.283855437545
Harvey PLC,3,64064.284761354196
"Jennings, and Li Dominguez",1,31454.135175028154
"Leonard, Sandoval Wall and",1,4418.00008820408
Saunders Inc,1,24971.74850599652
"Mccullough, Wade and Montoya",1,4853.014409301279
"Graham Mitchell and Lewis,",1,46401.63297465735
Ltd Harris,2,51740.06884261573
"Adams, Hayes and Gardner",1,14695.314831927071
Chavez-Williamson,1,32755.578406973596
"and Chavez Price, Porter",1,27323.81806254058
Marshall-Nichols,1,14072.048079579108
Sons and Oliver,1,12468.65010649672
Jefferson-Lee,1,32348.55179025958
Navarro Group,1,1511.2274647910492
"Rodriguez Travis, and Wright",1,27717.377402445516
Patrick-Reilly,1,38497.1899424276
Williamson-Hernandez,1,41421.8723146695
Burke-Stein,1,17874.27328245603
Leach-Williams,1,8790.429748550201
Warren and Sons,1,23023.15709536398
Stanton Ltd,1,25191.78422242872
"Ashley Gonzalez, and Ward",1,31134.102575903624
Dominguez-Garcia,1,49047.63910887758
"Atkinson, Hernandez Montoya and",1,31062.642507972105
LLC Williamson,1,45830.96756186758
"Anderson and Fernandez Burns,",1,44966.092672112616
"and Franco Ramirez Bentley,",1,20214.48577483926
Franklin-Farrell,1,10504.148421855436
"Quinn Clayton Boyd, and",1,29749.575266743333
Whitehead and Sons,1,49582.62954780897
Patel-Berry,1,37617.742781856214
Spence PLC,1,22318.205255883204
"Macias Brooks Hanson, and",1,6036.820762789375
"Todd and House Jones,",1,46870.97555189503
Sons Valentine and,1,37466.53969692792
"Ruiz, Kennedy and Spencer",1,19271.439230890617
Hunt-Meyer,1,33589.86907061438
"Juarez Williams Anderson, and",1,8820.538896640299
LLC Fisher,1,20611.9378944056
"Wagner, and Mccullough Martin",1,27554.05030384303
Cortez-Cowan,1,29754.174866933263
Sons Meyer and,1,46455.09808760148
"Jordan Craig Miller, and",1,29229.731390587156
Hill-Schneider,1,26552.104839989017
Martinez-Hamilton,1,24219.30066289907
Gonzales-Baldwin,1,41220.44159745952
Group Yu,1,26597.493219459946
Dean-Horn,1,48060.96277779352
"Thomas, Lewis and Flores",1,23795.83295803778
"Davis, Bond and Russell",1,45307.27978353299
Powers-Vincent,1,30107.487035171962
Lopez LLC,4,83961.30468012828
Wilkerson LLC,2,29056.85471309431
Benson-Cunningham,1,37323.43729191787
Goodwin-Lawrence,1,22348.107097018237
"Morgan, Stephenson and Frazier",1,19950.75547449666
Curtis PLC,2,51880.93880639542
Mcmillan-Black,1,33152.35439719872
"Young and Barrera, English",1,26105.48982495974
Harris-Snyder,1,18832.768495910394
Inc Castro,1,8603.23129737371
Brown-Haley,1,4557.243121325827
Day LLC,1,41526.41319458372
"George Vasquez, Russell and",1,38397.83384919155
Walker-Ray,1,42572.324164150035
Jensen PLC,2,50530.6512086961
Cooper-Jones,1,31128.431114081057
"and Webster, Martinez Wolfe",1,13574.442648678529
Cohen-Gillespie,1,36515.51601176287
"Hughes Fry, Villarreal and",1,10594.449711136393
Ltd Skinner,1,10371.042107943384
"Rocha Townsend, and Casey",1,38702.050045085794
"Clarke and Roth, Donovan",1,25781.85402876133
Kim-Dodson,1,5812.035044881891
"Allen and Gray, Scott",1,7860.763929963256
Johnston-Malone,1,30572.39424687694
"and Alvarez, Cox Powers",1,392.91354813325347
"Henry, Cervantes and Garcia",1,35907.58287010162
"Rodriguez, and Dawson Jimenez",1,36674.12084660964
Shaw Sons and,2,92180.5699554907
"Smith, Hanna Wilcox and",1,28906.54613789296
"Simmons Estrada and Smith,",1,35750.097725848056
Byrd Group,1,41771.51951395279
and Riley Sons,1,34396.09041367389
Inc Jordan,2,33354.25325183289
"Roy and Gutierrez, Martinez",1,31161.357380063197
Olson-Todd,1,9012.683273532028
Gonzales-Mathis,1,47094.39654566026
"Smith, Luna May and",1,6599.119371365042
Group Richards,1,32378.74431563395
"Ellison Stanley Mack, and",1,11786.939033797626
Rollins-Aguilar,1,25043.535950593396
"Allen, and Rodriguez Randolph",1,45226.35875974605
Johnston-Smith,1,37075.18743355429
Group Perry,1,24972.32482305087
Brown-Moore,1,43756.59288455872
Pitts Ltd,1,7896.141563579227
"Thompson Green Harmon, and",1,33260.43953389628
James-Russell,1,46091.514318904716
Campos-Barry,1,17271.34869970929
Curry Sons and,1,22353.09616078119
"Olsen, Massey and Flores",1,26692.20975943615
Hill-Lee,1,7229.701365424619
Scott PLC,1,4490.402960051641
"Hernandez Wheeler and Johnson,",1,19745.28308465153
Wells-Hale,1,25929.131211958473
"and Estrada Bell Watson,",1,31056.1033764573
Mcneil-Downs,1,36981.24229985528
Berg-Jones,1,36061.993439115926
Foster Ltd,3,94609.7701799805
"and Donovan Caldwell Cunningham,",1,45516.92517031449
"Skinner and Barker Horne,",1,26850.66029890065
"Miller and Glover, Gonzalez",1,20220.611476149636
LLC Jenkins,1,26205.70567013005
Swanson-Miles,1,28939.181303252637
Morrison-Johnson,1,43416.156465133274
"Cole and Walker, Flores",1,22860.68283805333
PLC Graves,1,28956.650839028884
Poole-Daniels,1,9582.710644054652
and Sons Ramirez,1,3028.396181737343
Little LLC,1,41024.54792554868
"Mcclure Myers, Guzman and",1,48270.068608230904
Mccoy LLC,1,35566.467052708045
Wu-Pham,1,17530.19488989342
"Pennington Wagner and Freeman,",1,6076.145969878481
"and Graham, Porter Reynolds",1,36116.20867723508
"Berg Martin and Gonzalez,",1,2964.798586621611
"and Adkins Bolton Manning,",1,48639.09690467379
Campbell-Steele,1,20603.59991403672
"Moreno Rice and Hernandez,",1,22867.594940372117
"and Robinson Gray, Maldonado",1,35598.85024259878
Kramer Inc,1,41242.61808088254
"Drake, Bowen Vega and",1,45789.66508043726
Johnston-Vargas,1,35218.32174410573
Huffman-Jones,1,37356.51866157363
"Evans, and Rodriguez Matthews",1,31565.027246804315
Anderson-Wright,1,13816.577843085546
Terrell and Sons,1,17147.789261005168
"Ellis Walton and Thompson,",1,47141.147137186446
"Johnson, Stevens and Diaz",1,19469.580990160062
"Williams, Cain and Rhodes",1,32290.90645300666
"Bennett, Carter and Hall",1,47249.79946067803
"Tran, and Ferrell Garcia",1,18198.058517853886
Williams Inc,11,272236.7648086365
"and Mclaughlin Powers Stevens,",1,21633.32776343669
and Kennedy Sons,1,5078.627303104864
"Pearson, Carroll and Lane",1,943.1165334604409
Burch-Hernandez,1,15860.360928515729
"Davis Garcia, and Gay",1,11242.742595117752
Bennett-Wheeler,1,44878.63679337019
"Nelson, Rush and Moore",1,1518.435254885321
"Miller and Greene, Patel",1,4878.416566751688
"Morrow and Bauer Oconnor,",1,35517.27045317345
Martin-Grimes,1,29884.538001331643
"and Orozco Greene, Decker",1,7067.217720295703
Dunn LLC,2,46850.7521839338
"and Johnson Turner Allen,",1,27988.773640671767
Pope-Cooper,1,9271.474437868337
"Stokes, Porter Peck and",1,43064.49138393867
Marquez Inc,2,62316.74976220483
Galvan-Young,1,48146.915015401435
Murphy-Gonzales,1,13142.53504480823
"Lambert, and Joseph Holland",1,25087.391480064296
"Beck and Hopkins Vasquez,",1,18530.819665059225
Mendoza Ltd,2,38574.23342857222
LLC Schaefer,1,34048.00779997978
PLC Allen,5,122830.03393705076
"Richardson Williams and Miller,",1,33203.941840188505
"Mendez Jacobs Herrera, and",1,27906.024253676926
Hall PLC,5,159046.87965387315
Williams-Floyd,1,50839.84233997379
Sutton-Foster,1,10445.956962048356
Group Roth,1,33926.99040999742
"Harvey Diaz, Delacruz and",1,21201.730760504102
Shelton and Sons,1,2453.394855490439
Oconnor Group,2,48767.888803467744
"Murphy, Mccoy and Coleman",1,48781.26918412493
Wilson-Cisneros,1,34157.71846721652
Taylor-Watson,1,29231.46727295437
"and Sanchez, West Ruiz",1,30876.2935996133
"Kramer, Morris Chang and",1,8335.974202191643
"Adams and Gonzales, Clark",1,36086.73438534585
George-Bishop,1,48762.80953225276
"Vasquez Hoffman, and Martinez",1,1106.008407264604
Bailey-Jenkins,1,28134.514767805875
Williamson Inc,1,42286.50920735673
Miller-Gonzales,1,42999.37907493885
Wong LLC,2,29529.10272971356
"Lewis, Wilson and Mclaughlin",1,41493.76170688034
Martin-Cabrera,1,45278.63583905344
"Scott and Myers, Anthony",1,1779.9071597335733
Reyes-Sims,1,16166.131649708872
"Williams and Bernard, Blair",1,24944.3848617699
Simpson PLC,1,15047.705436529674
Warren-Friedman,1,36915.452134208805
"and Villa Gonzalez, Mueller",1,36181.09255339452
Santiago and Sons,1,4490.863339219576
Colon-Ferguson,1,29525.325220315506
Houston-Andrade,1,27888.14028622141
Inc Stout,1,46075.10867940858
"and Estes Horne Freeman,",1,18728.864437549768
Hall-Lyons,1,31973.428329966086
Green-Johnson,1,48966.899944615536
"and Colon Blair Mitchell,",1,41445.22410636914
"Clark and Smith, Sullivan",1,3784.228874587204
"Riggs, and Roberts Anderson",1,42685.777398677
Snyder-Gutierrez,1,15346.206063684689
Morris-Reed,1,42317.60527384111
Sharp-Flores,1,26014.154347929016
Sims-Rodriguez,1,37950.612921777225
"Hayes and Stewart, Lane",1,43803.47156673466
Mueller-Rivera,1,38648.52249813903
Olson-Cummings,1,42113.87771914072
"Yu, and Smith Moore",1,26996.528955681686
"Duncan, Wong and Andrews",1,9656.829875133388
"Smith Gomez Green, and",1,20641.387322466253
"Jackson, Mccoy Nixon and",1,13397.783214699966
"Wilson Carter and Ramirez,",1,3795.141365181516
Keller-Pope,1,23629.634293836138
"Vega Watts and Tran,",1,3552.61189069687
Martin-Martin,1,15998.203098918952
Stanley-Mcguire,1,33460.670061637065
Norton-Copeland,1,41243.14870093108
Madden and Sons,1,13592.341006739724
"Leblanc Wilson, Ball and",1,42941.447059719874
Sullivan LLC,1,6313.053727602505
Stone-Stout,1,25051.501372601204
"Liu and Ponce, Black",1,6854.7001902832235
Snyder-Waller,1,44404.8568216109
"Roach and Larsen Oneal,",1,29962.76073217905
Ltd Castillo,1,10261.472437953578
"Hunter and Martin Perkins,",1,38351.26275552345
Conway LLC,1,27536.396312989706
Hayes-Harris,1,7020.377203911055
"Gonzalez, Lambert Anderson and",1,4677.478215949279
Clark-Salazar,1,22647.925768011857
Wyatt-Sanders,1,33939.43655890589
May-Wallace,1,7063.088797857605
Landry-Kim,1,38550.212325222805
Fowler-Phillips,1,35162.7563178483
Flores-Hayden,1,27408.5274929286
"and Ramirez Sampson, Cobb",1,38685.32787722601
"and Cabrera Kim Mills,",1,27144.44698024508
Ortega-Walsh,1,17208.813336263647
"Miranda, Brown and Wilson",1,33606.47249888446
"and Dixon Harris Ward,",1,49001.19080625628
"and Griffin Thomas, Bennett",1,40721.77470406079
Lewis-Murphy,1,30921.238194087473
Ortiz-Castro,1,20320.826620152427
Wong and Sons,1,21832.35372551861
Graham-Fisher,1,23687.993642467663
PLC York,1,32868.08277092278
Ltd Roberts,3,52378.183404373005
Meyers-Moore,1,47398.58620713718
Jackson-Butler,1,38779.20787465818
Sons and Dawson,1,48038.21696757717
"Mata Norman, Holmes and",1,47601.551677905685
Berg-Hanson,1,14962.730356105929
Lee-Edwards,1,14209.760051521796
Bennett Group,2,62999.971788300165
"and Fitzgerald Wells Campbell,",1,47313.71147505011
Wilson-White,2,49748.56436970756
Gill Group,2,53033.284185183045
"and Wilson, Bradley Mccoy",1,25486.682694844654
Group Valdez,2,28466.696411580582
Day-Diaz,1,21888.754549127076
"Ward and Henderson Savage,",1,48387.93546258658
"and Cross Abbott Dixon,",1,43060.388828372124
Meadows-Thornton,1,4612.46322499695
Austin-Perez,1,47748.689535177095
Bernard-Taylor,1,39082.100029295965
Duncan Group,1,18306.84981014345
Gutierrez-Macias,1,47745.39891148853
"Boyd, Gamble and Cruz",1,17600.49403598346
"Rodriguez Moore Simmons, and",1,17480.84259676137
"and Mitchell Johnson, Brown",1,16510.551565777972
"Miller and Gomez, Gross",1,34924.43913700326
Long LLC,3,92497.16210059659
Ltd Eaton,2,63653.35712001761
Mcpherson-Bryant,2,38087.63071688231
LLC Eaton,1,6889.317185312193
Wilson-Cohen,1,16450.31256567572
Sons Mcclure and,1,12072.869033711473
"Montes, Medina and Wilson",1,36769.46788709695
Sullivan-Jackson,1,17827.909329342943
and Sons Adams,1,1487.9546216735523
Nelson-Miller,1,30747.80540462557
"Collier Roberts, and Thompson",1,7531.366874887084
Stephens LLC,1,33667.154352656464
LLC Hatfield,1,48631.81873490555
"Morales, Sawyer and Levy",1,5933.23986581668
"Harrison, Price Miller and",1,9618.99089846145
Huang-Cooper,1,39342.49906300813
"Mcintosh, and Tucker Harris",1,21953.696259447497
Perez-Young,1,21331.423584460328
Rodriguez-Adams,1,30801.120863131553
"Garcia Lucero Thomas, and",1,44337.05066732783
"Price, Brown Brown and",1,36184.45755340789
Ltd Neal,1,5931.98610227487
"Kim, Hamilton Bradford and",1,31536.476357554504
"and Gibson, Hoffman Hall",1,18847.11968452478
"and Harris Brewer, Young",1,20170.808020879515
"Arnold Schmidt, Golden and",1,11883.1705396298
Peters-Greene,1,37427.269304653266
Lee LLC,2,52844.06197370923
Hamilton-Griffin,1,36451.413361788495
Savage-Martinez,1,31571.56786707173
"Wright Weber, Harrison and",1,24521.99650249345
Hardy-Jones,2,12919.731868018946
Stewart-Cross,1,20117.926646824984
Williams-Jacobson,1,21952.980970424407
Griffith-Taylor,1,11559.333781235848
"West Rojas, and Grant",1,8823.05402707063
"and Frederick Ellis, Mcgee",1,9367.713942750785
Sons and Palmer,1,41703.8651081692
"Sanchez, Galloway and Green",1,25056.658556170016
Freeman-Myers,1,39845.6575734553
"Collins White Melendez, and",1,12649.472649622021
"Martin Walton and Zimmerman,",1,22386.34028785108
Holmes-Torres,1,5175.494233602717
"and Hooper, Richmond Gardner",1,49940.106837062565
Lopez-Roman,1,11069.15291891153
Strickland-Francis,1,37756.89061321501
Campbell-Rodgers,1,5570.05392232522
"Nguyen, Cooper and Valentine",1,30563.01873988274
"and Nelson Parker Williams,",1,44248.062151100574
Jackson-Mendez,1,47021.50275239699
"Williams Barnes, Alexander and",1,4432.17926586194
Anderson-Reyes,1,22979.12024158087
"Harris and Thomas Rice,",1,35987.52094605924
Jones-Hernandez,1,37984.95526008615
"Welch Walker and Hale,",1,37385.15605678431
Morris PLC,1,12317.51829063823
Lopez-Hernandez,1,34937.81458533162
Barnes Ltd,1,31707.414202681437
"Cobb, Lambert Campbell and",1,31903.829649057683
Johnson-Reed,1,9079.509473055585
"and Payne Brock, Navarro",1,32984.17587915206
Maldonado-Mason,1,26860.400387268408
"Walters, Anderson West and",1,36269.22350982435
Conrad-Espinoza,1,11483.37932980671
Garcia-Fleming,1,41791.683669078106
Spencer Sons and,1,48916.80585165387
"Smith, Russell and Gentry",1,28017.87116774982
Boyer-Calderon,1,12507.751758135735
"Sweeney, and Martin Meza",1,24872.550043117648
Miles-Arias,1,11753.128264280585
Ramos-Johnson,2,35216.143976271196
"Lewis, and Stone Beck",1,25037.58498131323
"and White Rowe Gray,",1,9445.937525421736
Reynolds-Richards,1,40797.12084196108
"and Powers Benitez, Hogan",1,29441.112995204294
Arnold-Rodriguez,1,18027.58115094592
"Dickson Cole and Bates,",1,9585.167523076061
"Gonzales, Ellis Murphy and",1,2491.863280679025
"and Baker, Thompson Shelton",1,19875.17062221354
"Chavez Ryan, and Nelson",1,29353.292848162248
"Powell and Roberts, Campos",1,17884.68448193028
"Lin Rowe Lawson, and",1,10244.318246683553
Oconnor-Ingram,1,34464.95852715383
Clark-Rice,1,5338.591240288655
Smith-Gibbs,1,7968.098087283343
"Wall Sims Johnson, and",1,6095.571967906032
Ltd Daniels,1,8476.969015919987
"Acosta Willis, Martin and",1,24056.830466205764
"Wilkins Hill Patterson, and",1,38988.80400400876
"Rose Avila Hobbs, and",1,31738.365584075294
Morris-Arellano,1,40701.599227308754
Lopez-Phillips,1,21185.953530394218
"Huang Travis Thomas, and",1,2784.582489978357
"Johnson Goodman Clark, and",1,25414.79593362392
Inc Cummings,1,36727.581005121705
Berg-Mcconnell,1,40065.33889297497
"Moore and Rhodes Lang,",1,39547.38118934568
"and Rodriguez Gallegos Henry,",1,29995.428563873378
Robbins Inc,1,6664.216916717331
"Murphy, Reid Knox and",1,19176.26169573808
"Medina, and Allen Wilkins",1,15092.075102151559
PLC Rivera,1,12073.328740080584
Robbins-Wiggins,1,27005.534287048722
Massey-Mitchell,1,42863.07911438523
Greene-Barnett,1,29015.933070376544
Mejia-Beard,1,30043.79115638939
"Hernandez, and Taylor Smith",1,9715.94295023569
Sons and Diaz,3,66057.2280471237
Moore-Fields,1,12506.452574973553
Sons and Roth,1,22282.585626520315
Reed-Henry,1,7215.482127790709
Chan-Brown,1,3299.4751756203486
Koch-Smith,1,15531.811268387792
Cooper Group,2,38077.52982626634
Mitchell Group,2,74721.8248401478
"Lopez, and Wheeler Friedman",1,12495.742555205934
Bennett-King,1,25976.32128966064
"Cook, Wall and Smith",1,46797.51691811806
Mendoza-Ewing,1,2340.606405894518
"Villarreal King, Esparza and",1,46060.03425523865
Buchanan-Gonzalez,1,47387.41328381824
Smith-Stevens,1,23792.38712802686
Carter PLC,4,60821.04102198282
Group Rhodes,1,45532.23965251728
Thompson-Rodriguez,2,65887.48511236193
Walker-Jackson,1,44253.676737305424
"Nguyen Johnson, and Watson",1,46882.58335525672
"and Douglas, Dunn Warren",1,8940.716772763924
"and Haas Hernandez, Hines",1,33332.75970314616
"Miller Ramirez, and Howard",1,23922.91524325958
Morgan-Patterson,1,41111.77802160251
Castillo-Thomas,1,33046.12119182751
"and Turner Le, Raymond",1,43459.1135130175
Jensen-Scott,1,1902.5688296379913
Lamb LLC,1,6027.977355882082
Group Boyer,1,28586.19378262744
"and Morales Castillo, Gonzalez",1,7560.6385981987405
Clark-Durham,1,25443.488373579927
Goodman-Rollins,1,33450.62653666644
"King, Meyer Brown and",1,26670.74836347814
"and Hall Williamson Oliver,",1,44657.41483938104
Mccoy-Lara,1,16290.199305051197
"Brown and Bailey, Thomas",1,37661.59753484793
"Mcconnell Hobbs, Frank and",1,9269.437693825526
Lloyd-Sullivan,1,10612.270252927992
"Rodriguez Jacobs, and Bailey",1,34516.04731276983
Evans-Barber,1,5502.641327851168
Sampson-Gonzalez,1,37883.42863698836
"and Lewis Patel, Kim",1,40610.12453731124
Walsh-Johnson,1,41776.52511746118
"Liu Long Lawson, and",1,43757.591914731594
Sons Peck and,1,13537.906466691826
Tucker-Keith,1,12297.776282214158
"and Rhodes Williams, Davis",1,37409.825616879956
Cortez-Alexander,1,35111.182425980245
Cooper-Hancock,1,42754.976661445915
"Nelson Thompson, Green and",1,37828.00112488421
"Velez Smith, and Mendez",1,29669.155342452752
Romero-Harris,1,23349.11663658976
"Watson and Lee Hahn,",1,19986.372038473022
Foster-Grant,1,4476.24127032767
"and Henderson Bauer Lee,",1,30057.684128528577
"and Wolfe, Perez Dennis",1,39794.34334234024
Group Montgomery,1,37488.79905164525
"Carr, Morris and House",1,22467.361465979702
Aguilar-Guzman,1,37666.972974684584
Garrett-Jackson,1,9281.65799036361
"Knight Fisher, and Vaughn",1,3157.139849700432
Allen-Hernandez,1,48761.16796765754
Mccormick-Garcia,1,17643.25536572438
"Gardner, Vaughn and Ramirez",1,2360.0431523840407
Sanders-Ramirez,1,33777.037826800835
Anderson Ltd,3,56959.71316577218
"Johnson Chapman, Miller and",1,45586.05552753786
Howe Sons and,2,61357.819757302525
Group Lyons,1,31692.604701339766
Kim-Morgan,1,29239.103810219745
Edwards-Patel,1,48366.954771950164
Gray-Norman,1,21626.859653134845
Group Ray,1,12826.088535392939
Lozano-Williams,1,34645.17540669253
Gonzalez-Christensen,1,39042.050899302165
Robinson-Esparza,1,43258.14147224796
"Roberts Green Allen, and",1,25355.57300060728
Rios-Johnson,1,23578.662305175843
Kim-Sherman,1,13520.221171121806
Hardy-Tucker,1,26033.199613161476
Church and Sons,1,6309.667076098473
Lara Inc,1,41604.540064416185
"Sparks, and Ward Davis",1,4397.851888623503
Acosta Inc,2,41772.61922934169
"and Stephens, Barnett Robinson",1,42551.58586681551
"Guerrero Carter Smith, and",1,47940.58338846831
"Sherman, and Heath Ray",1,34980.940814385525
Everett-Gross,1,39111.51613130624
"Ford and Vargas Sanders,",1,13492.76076744894
Burnett-Hayes,1,18340.158948353666
Moore-Anthony,1,40127.00754457624
Figueroa-Ortega,1,29565.758471360703
Mitchell-Jackson,1,44807.60738931037
Bates-Clark,1,49017.973305987856
"and Ellison Edwards, Bailey",1,18651.670273622585
Bailey-Duran,1,2964.3017334397787
"Martin, and Jacobs Roman",1,48421.12270620679
Cochran Ltd,1,43051.373616389894
Wells LLC,1,36222.482835935654
"Rodriguez, Herrera and Huynh",1,854.5123078076933
"and Johns, Reyes Esparza",1,16324.384327177111
"Barker Campbell Miles, and",1,18916.6660125123
"Wright and Meyer Greene,",1,9244.484095882679
"and Perez Barber Rogers,",1,49373.88518835326
"Perry, Chan and Miller",1,37218.91337795551
"Gates Johnson, and Velez",1,32174.872886923018
"Snyder and Howard Dixon,",1,43454.8615472968
Cook-Church,1,9994.461415116531
"Hamilton Hall and Bryan,",1,17476.25948369655
Moran-Patton,1,34637.19885764891
Group Bates,1,48601.486478124774
Davis-Townsend,1,4002.4473227843228
"Cantrell, Gonzalez and Kane",1,17064.954916440725
"and Richardson Curtis Moore,",1,8689.873335862336
Hernandez-Rodriguez,1,7251.413849836177
"Garcia Wilson and Griffin,",1,42805.02091559038
Ltd Shaw,1,5466.085590173779
PLC Warren,2,50868.34465970918
and Simmons Sons,2,74110.21355654807
Downs PLC,1,23892.552669226494
Alexander-Middleton,1,38397.02332217552
Inc Singh,1,30502.461414768815
"Pineda Rhodes, and Luna",1,18187.771657372396
"Murray, Gilbert and Crawford",1,15648.78727636144
Group Owens,2,28274.997357047527
LLC Baker,5,179282.99755531346
Moss Group,1,30486.60731233523
Spence Sons and,1,38313.83662055559
Simpson-Brown,1,17243.698276402374
"Perkins and Gomez Collins,",1,5228.633031453589
"and Patel Russo Foster,",1,45918.409344896514
Mendoza-Wilson,1,19391.543411320126
LLC Craig,1,8524.498410126092
"Horne, Butler and Mcgee",1,38465.56515050087
Pope-Turner,1,9009.253900004493
Miller-Vega,1,22394.68960309737
Lyons-Wiley,1,4085.8061818642745
Sons and Heath,1,40052.41320806875
Figueroa-Reyes,1,8308.148622225313
"and May Douglas, Perry",1,45174.27227009051
"Browning Dominguez and Hodges,",1,31395.7197924712
Phillips-Knox,1,19434.6676500181
"Moore Green, Holland and",1,30669.29589418118
Hansen PLC,2,79223.95516690357
"Gordon and Hopkins Harrington,",1,28854.536319588675
"Phillips, Green Hunt and",1,6055.8073959403755
Davis-Parker,1,22122.786310067648
Schultz-Lara,1,8032.268363028916
Roy-Smith,1,41104.615032039255
Hayes-Rhodes,1,2763.2933378325497
"Olson and Blake, Martin",1,45328.70318348501
"Brown Mills and Brooks,",1,50398.77815335308
Rodriguez-Spencer,1,35889.08071084382
"Foster Smith and Elliott,",1,22661.615943720204
Ltd Jimenez,2,76208.85745179857
Terry-Hall,1,30009.772263704708
Sons and Potter,2,69876.85884659745
"and Pham, Delgado Walker",1,8015.269198749183
Stafford-Hudson,1,2912.510385682217
and Young Sons,3,67491.32823382455
Webster-Bird,1,46094.636743318755
"Rivera Ware and Sanchez,",1,44362.57769443629
Booker-Valenzuela,1,45237.14507942806
"French and Allen Collier,",1,18818.698803535008
"Smith Stevenson, Hansen and",1,40211.29201855635
Jones-Frank,1,49230.88042418365
"Brown Hamilton Holland, and",1,32426.324832485698
"Payne, George Kelly and",1,23890.735515686054
Inc Foster,1,23010.940930800385
LLC Crawford,1,18099.843450387245
"Golden, and Jackson Franklin",1,3277.9387749089537
Stone-Arroyo,1,1874.8371447123682
Group Barnett,2,74624.25789274454
"Sloan, Smith and Cortez",1,29888.25915543029
Frederick Inc,2,72923.1984471837
Jenkins Ltd,2,59476.72949761577
Sons Perry and,1,16836.825334216217
Sampson Group,1,24459.913728122265
"Ferguson Carter, Ortiz and",1,31592.906935928633
Taylor Group,2,31929.303736085043
Farley-Ball,1,35931.29815712427
"Lewis, and Hughes Hudson",1,16887.49201367859
Barnes Group,2,34139.50229069129
King-Holt,1,30529.45044237644
"Smith and Kelly, Bray",1,25496.132651253665
"Sharp, Nelson Lawson and",1,10400.992371648144
"Thomas Martinez White, and",1,32475.500174598863
and Decker Sons,1,25486.50371428471
Snyder PLC,3,54760.25857541371
"Wilson and Wilson, Wallace",1,41755.59656501412
"Barrett and Rivers Scott,",1,25876.489556267195
Martinez-Carter,1,5241.208208013084
Ruiz-Alvarado,1,15744.807766680846
Carpenter-Meyers,1,49453.872024380915
York PLC,1,27109.183979936814
Lewis-Jordan,1,43797.348059094926
"Young May and Villegas,",1,18426.39902002057
"and Mclean Brown, Martinez",1,40080.935271716255
"Evans, and Nelson Cooper",1,2559.8648781405377
"Ramirez Oliver, Perez and",1,30416.012773058945
Group Griffith,1,29724.399042588346
Hunter-Guzman,1,38596.224814613255
Group Cole,2,55782.02885387337
"Durham Roberts, and Hanson",1,45095.64248008527
"Jackson, and Carroll Martin",1,40221.29854530929
Ltd Andrade,1,15633.976275316754
Blake-Cortez,1,47985.39276362469
Collins-Douglas,1,43091.348139607646
Bowers Group,1,45220.510803519835
"Hanna, and Brock Novak",1,48851.89613634078
and Sons Gillespie,1,23680.162089354904
Bradley-Hill,1,33531.40405961011
Sutton-Richardson,1,34774.44812936323
"Peters Moore, Burch and",1,28594.578491695163
Swanson and Sons,1,39695.75546757141
Williams-Cooper,1,33768.387432712574
"Clark, and Scott Benjamin",1,27520.953255014392
Wallace-Johnson,2,32506.003056422698
"King Hernandez, and Hunter",1,32790.41268653098
"White and Beard Johnson,",1,17956.69771145926
"Jones Taylor, Carter and",1,9514.452365129939
Hansen-Peterson,1,15090.75223755467
Hansen-Adkins,1,6302.671654348036
Ltd Mcdonald,1,43121.96275507261
Singleton Group,1,24519.066396106897
"Pruitt Hanson and Becker,",1,47611.16406271685
"and Ramirez Duncan Johnson,",1,18547.69327246688
PLC Rubio,1,32063.34642988802
"Davis, Elliott Barnes and",1,11897.379314805416
"Perry, and Elliott Rasmussen",1,10766.481175476834
Frank-Jackson,2,50477.8250457475
PLC Stafford,1,13069.24218160582
"Lewis and Hudson Reid,",1,24609.58925914211
Brock-Gregory,1,12886.828053897003
Henry-Moore,1,7876.39260994494
Marsh-Hutchinson,1,16610.18570802413
"and Johnson Gomez, Silva",1,19899.0428953884
Reed-Perry,1,15739.852952795734
"Hendrix, Salazar and Martin",1,45821.24908049904
Robinson-Carrillo,1,23388.71338467473
Jackson and Sons,1,31022.470183864232
"Powers Miller, and Flores",1,43282.28335770435
Foster-Thomas,1,50332.93241120667
"Mcmahon Ortiz, Owens and",1,30038.275975375996
Ortiz-Gardner,1,26824.002636422094
Kelly PLC,2,37390.377580944434
Carpenter PLC,2,55090.634585651635
Flores-Franco,1,43923.04031061162
"Gross and Meyer, Smith",1,7605.929933510422
"Miller and Perez Wood,",1,37765.348166115844
Hunter-Vincent,1,39188.95032172475
Martinez-Gonzalez,2,24698.966127013093
"and Blackburn Huff, Rios",1,38860.56416260911
Martinez-Mccormick,1,41184.22950381138
Sanchez-Bailey,1,3464.3981653393034
"Peters, and Olson Herman",1,3594.2234354987713
"and Kelly Hancock, Fitzgerald",1,35404.573941495866
"Sanchez, Willis and Sanchez",1,34665.81101083498
Gonzalez-Salazar,1,11741.039035568589
"and Becker Baker Owens,",1,34821.14342768103
"and Flores Smith Williams,",1,3376.178974428809
"Diaz Chaney Russell, and",1,3503.1059921344245
"Russo, Allen Maldonado and",1,15296.59411833937
"Nelson, Horton Burgess and",1,3206.7123513498564
Morris-Griffin,1,28479.941867894348
"Park Wells, and Hudson",1,29837.593037609666
and Duke Sons,1,33122.706501321765
"Roberts Fitzgerald and Graham,",1,21339.4364646184
Miller-Delgado,1,8369.360656719298
Harrison-Ortiz,1,9085.398488655192
"Horne, Jones and Nguyen",1,38241.539427138436
"Moody, Johnson and Collins",1,6268.768844780515
"Nelson and Davis, Sutton",1,39587.57190436733
Gardner-Walsh,1,39232.800524449856
Graham-Simon,1,21544.006603646227
Atkinson-Phillips,1,42606.293517234444
"Gross Jackson Finley, and",1,47192.39165683791
"Martin and Jones, Martin",1,50174.0007704916
"and Richards Lewis, Hunt",1,46387.64358996564
"Soto, Davies and Dixon",1,8623.296445053875
Davis-Thomas,2,54247.43870013948
Garcia-Foster,1,7283.4646030381955
"Robinson, Dominguez and Terry",1,46530.99384971614
Miranda-Smith,1,23379.917554531447
Ltd Guerrero,1,25570.309110393486
Inc Peters,1,38802.440346764
Ibarra LLC,1,12907.090458475886
Alexander-Cantu,1,3666.8359053663653
"White, Knight and Schmidt",1,24390.198494585162
Torres-Navarro,1,44691.69557225912
PLC Barnes,2,50011.062208139905
Inc Davenport,1,26312.70253175291
Skinner-Harvey,1,10058.834412182248
Goodwin-Watson,1,20343.678449935032
Baxter Group,1,13195.566704730249
Jones-Phillips,1,3270.9075447018654
Miller-Gardner,1,16998.250963199545
Hamilton-Russell,1,41821.39359016163
"Hudson, Wilson and Johnson",1,25526.36102819329
Brown-Jordan,1,19918.73380815442
"Russell, Rogers and Lopez",1,28837.106661864433
Barrett-Hoover,1,2329.0144271679233
Wood-Sanchez,1,20622.40891975557
Todd-Jennings,1,1278.1592667205591
Patel-Woods,1,2437.5254294659057
Harvey-Nichols,1,38531.27415133725
Ltd Reyes,3,71360.66836134958
Wright-Franco,1,43569.61389084173
"Madden and Green, Mann",1,32944.79998725393
PLC Rowland,1,32590.3191569877
West-Nichols,1,10634.14811813682
"Morales, and Jensen Kim",1,47647.3200739039
Lloyd-Shaffer,1,23539.97934396506
LLC Burgess,1,10537.331417758443
Salazar-Ford,1,49495.441830326134
Jones-Robinson,1,27378.343560839174
Bowers Inc,1,43249.23415731627
and Sons Bradford,1,24279.63979163324
Chen PLC,1,42927.76573309
Sawyer-Marshall,1,14596.07243910326
Sons Conrad and,1,23782.602071407455
"and Nguyen Boyer Davis,",1,45494.06526939892
"and Zimmerman Castillo, Santos",1,34765.97871353395
Williams-Lynch,1,32427.883370502157
Ponce Ltd,1,40251.16810918217
Miller-Evans,1,31815.7519302875
Santiago-Fitzpatrick,1,24597.24954260357
"and Hall Garner Bailey,",1,22935.386145649587
Perez-Davidson,1,1805.5351480322634
Odonnell-Meadows,1,18625.163082969604
"Smith Hall, and Barnes",1,49059.404621930655
"Prince and Tucker, Dyer",1,37712.07507079838
"Smith Rodriguez and Watts,",1,15209.641959617988
Wilson-Watts,1,31875.62088155025
"Burns, and Nelson Cooper",1,48368.83924438218
"and Romero, Thompson Brock",1,17691.824674841053
"Ray, Gross and Mccoy",1,10227.499779759743
Singleton Ltd,1,28794.37264428104
and Pearson Sons,1,42450.88277673471
Walsh-Hayes,1,19504.566737360525
Lawson-Park,1,40410.8094294618
Ray Inc,2,24986.591820770103
Hardin Inc,1,23584.128341652242
Inc Burnett,1,20148.715139827826
Ltd Harrison,1,31927.324794978736
"Salinas Harris and Miranda,",1,20968.545139857863
"Holden and Wagner, Powell",1,45981.22970419779
Perry LLC,1,24980.731762799336
Williams-Rodgers,1,22352.527292203
Group Cross,2,81787.27023793751
Fitzpatrick Inc,1,10228.502728916836
Wood-Ramos,1,27449.61503478966
Harper PLC,1,38095.05563967499
"Hampton and Bowman, Molina",1,18004.24231859211
"Campbell, Hall Bennett and",1,16233.510930178085
Group Salazar,1,43354.70661623876
"Powell, and Flowers Gray",1,4898.628359873567
"and Roman Baker, Gonzales",1,27852.213402675225
Matthews PLC,1,18146.198240471564
"Moran Copeland Brown, and",1,22454.222764033228
Zimmerman-Carson,1,4271.8840687439715
Hughes Inc,2,53536.191141959636
Romero-Hammond,1,35458.08476098605
"Galloway, and Hammond Reyes",1,23104.238464009733
Blake LLC,1,13171.668563975001
Inc Bush,1,43527.228483569386
"Smith, Phillips Smith and",1,19705.096487344654
"Young, Thornton Baird and",1,6164.958908316274
Mcbride-Taylor,1,40678.0778280131
"Foster and Bolton, Garza",1,41295.837889271104
and Koch Sons,1,8266.464288360447
Deleon LLC,1,16441.339060487946
"and White Pena Mendoza,",1,22750.92221682997
Serrano-Dixon,1,18834.80134117836
"and Brown Oneal, Shah",1,23067.672165245425
Wagner Ltd,1,47433.27865471116
Group Summers,1,37846.35220674832
"Turner Bradford and Allison,",1,48965.17580278538
"and Shaw, Davis Pollard",1,18891.92099315022
Matthews-Morgan,1,22913.348727039003
Lee Ltd,3,54522.96113957658
Sons and Good,1,17616.100835637895
"Lin Chan, and Moreno",1,35252.89352641318
"Wilson Whitney Henderson, and",1,30430.10013176955
LLC Simpson,2,28679.295707788988
"and Merritt Turner, Sanders",1,32474.903491790148
Inc Washington,2,8904.35586252496
Johnston Group,1,20109.592764231475
Benjamin Inc,1,34217.65339925993
"Terry and Diaz Ward,",1,36633.81447522465
"Weaver and Parks, Odom",1,20714.353511468904
and Mclaughlin Sons,2,74429.57015396556
Moore LLC,7,141117.8187780535
"and Scott Ward, Davis",1,35864.63406661769
"Schneider, Olson Rodriguez and",1,7340.30611258776
Ltd Mccarthy,1,1786.8396780517685
Hayes-Hart,1,28781.342243392042
Jackson-Fuller,1,13250.47509627604
Ltd Black,2,21850.28912760618
Smith-Anderson,1,37135.10242605975
Group Davidson,5,122540.87638428339
"Friedman, and Ryan Gilbert",1,8223.352870537297
"Neal Meyer and Gonzales,",1,42876.605301302414
"and Bryant Burton, Perry",1,39027.01226522363
Sanchez-Newman,1,2820.6307927027224
Collins-Knight,1,1327.818689185605
"Jordan, and Ramirez Romero",1,6781.160991194812
"Warner and Wilson, Sullivan",1,35274.86766019606
May-Price,1,46006.56893165871
"Gibbs, Evans Mack and",1,14703.929630400844
Potter-Cruz,1,28972.57221319061
"and James, Browning Mooney",1,16536.693276288002
"Kennedy and Gould Fry,",1,30488.483494393953
Thompson-Wilson,1,47024.78186395333
"Ferguson, Perkins and Martinez",1,18632.597259340957
Johnson-Stone,2,64868.64193469158
"Bell, Carroll and Mendoza",1,42446.32236242426
Wise Group,2,23602.103188597655
"Walker and Jones, Weber",1,50615.140654274786
Crosby-Campbell,1,29318.688514193567
Munoz-Malone,1,10170.958755757063
Ramirez-Watts,1,30227.315947702577
"Smith, Shields Mccann and",1,27792.690903137827
"Hart Wilson Lambert, and",1,31770.096020411864
Griffin-Wilson,2,25393.02044412073
"and Thompson Thompson White,",1,50058.55442349717
Shields-Peterson,1,14454.14792065542
"and Ortiz Thomas Perez,",1,42510.583598514124
"Franklin Hawkins, Mullins and",1,22708.106726532795
Ltd Dunn,1,5220.489737471608
Rios-Brown,1,27799.81464642867
"Lopez Jordan, Clark and",1,5377.568303456951
Hernandez-Villegas,1,19700.1614856248
"Gallagher Moore and Ortiz,",1,13311.224580602537
Snyder LLC,2,55634.741683955275
"Bartlett Brown, Miranda and",1,40773.34370159413
"Smith, Hanna and Gonzales",1,44070.55074403224
Cummings-Harvey,1,48971.50325975547
Wilson-Miller,2,54919.54700024733
"Burke Sanchez, and Turner",1,11098.222459777428
Porter-Gordon,1,21022.850856701818
Adkins-Scott,1,3852.410756471804
"and Williams, Kim Burch",1,22915.991417151185
Martinez-Miller,1,33986.93667177487
"Bradley, and Harvey Lee",1,7879.411983527556
Eaton-Tucker,1,19447.366638072097
"and Parker Manning, Webb",1,23443.74597996291
Mitchell-Crawford,1,28106.50451044374
"and Vega Peterson James,",1,38008.720995091855
Butler-Dixon,1,40346.41289146278
"and Wright Williams Benjamin,",1,42626.74841781633
"Smith Harris and Carey,",1,36920.92361972717
Howard Group,2,83075.11836738061
Walls Group,1,22141.166775243768
Campbell-Perkins,1,10861.009342018413
Keller-Glenn,1,48837.32910226499
"and Freeman Farrell, Duncan",1,22344.57533949268
Bryan-Miller,1,26772.39237109247
Carr-Taylor,1,49348.909352348994
"and Singleton Jordan, Thornton",1,30719.763056220647
"Garcia and Ayala Barnes,",1,33244.51871364887
Michael-Hines,1,43658.05323154187
"and Thompson, Miller Gordon",1,768.6082947117975
Thornton-Newton,1,11443.40502576004
"Maxwell, Harris Watson and",1,24529.29265916597
"Miller, Peters and Grant",1,29873.08035161375
"and Parker Mccann Jackson,",1,16997.3742457401
Hudson-Barnes,1,15574.76885326471
"Jennings and Peterson Pace,",1,44896.78541517858
"Scott and Mccormick Martin,",1,14533.363946775406
Rogers-Bryant,1,4875.905213602307
"Harrison and Torres Howe,",1,23593.600558925584
"and Miller Gonzales Estrada,",1,24382.718860359808
Miller-Clark,1,31535.770181263055
and Massey Sons,1,34846.0397050563
Perry Ltd,1,5403.831960287744
Moody-Reyes,1,32466.47867925722
Obrien Group,1,25041.253983902843
"Blackwell Mcclain Diaz, and",1,43651.143197664285
"Abbott and Thompson, Sullivan",1,16738.569764845743
Walker-Stein,1,13964.14299267732
Group Christensen,1,15875.01788814439
Cruz-Gibson,1,38643.14547395168
"and Ford, Juarez Campbell",1,44072.46142917597
Marshall-Lewis,1,13761.807370708708
Ramirez-Jackson,1,50140.796206731626
Poole Inc,1,8408.94935429195
"and Marquez Silva Smith,",1,48995.98059165719
Malone LLC,1,43707.179242198195
Sims-Jimenez,1,3254.0322196806255
"Hayes Ryan, and Martinez",1,31405.58062843792
PLC Harris,6,177747.80967889525
Inc Miller,8,190629.04895230403
"Vang, and Cook Moore",1,44695.261740053546
Gibson LLC,6,154877.28193384444
"and Mcknight, Wilson Acevedo",1,44685.03695864554
"Washington, Moran and Le",1,34508.72031577254
Green Sons and,2,25686.93808330291
Mcclure-Sparks,1,7334.591731002836
"Harris, Nguyen Alvarez and",1,33510.322577341336
Inc King,4,114968.95704287951
"Morrow Bennett, Higgins and",1,43728.18496233719
Sons Butler and,2,46418.988604797894
Ltd Wells,2,19145.52678697613
"Frye and Allen, Miller",1,44088.40604542045
"Navarro Waters, and Humphrey",1,45432.781616106346
Group Keller,3,69814.69757902612
"Smith and Wallace, Garcia",1,43398.555655938486
Landry-Mendoza,1,17716.913676281576
"Smith, and White Mcintyre",1,22557.479320772945
Carney-Brown,1,43850.027995165736
Watkins-Carter,1,40921.20077486854
Juarez-Torres,1,49241.885868303805
"Little and Lee Perez,",1,15139.523528418082
"Scott Landry Wright, and",1,22918.04166328136
"Munoz Chapman, Adkins and",1,33540.54920506263
Hunt-Henderson,1,42928.74524102916
Group Hayes,3,95913.78901313934
"Lynch Lopez, and Hall",1,49731.27253174374
"Wood and Walter Hall,",1,44286.845640439664
Sims-Leon,1,14217.629448749289
Vasquez Inc,1,14323.02946267492
Mann Sons and,1,19229.432535227526
Moore-Stevenson,1,48375.085132894776
Inc Cook,1,10423.527432991274
Paul-Smith,1,26436.085201571732
and Douglas Sons,1,10670.939553734926
Group Vazquez,2,35838.03905589414
"and Waters Bennett Greene,",1,5172.059687294307
Rocha-Bonilla,1,47449.52721472878
Sons Fernandez and,1,32672.56696071948
Kline-Morris,1,28278.307613643974
Group Baker,2,43600.3554653593
"Warner Roy and Welch,",1,35154.36928467809
"and Stewart Smith, Leach",1,30198.560431386188
"Johnson Livingston Kirby, and",1,45617.2118693394
"Douglas, Roberts Arnold and",1,11761.909305332523
"Palmer, Guerrero Mitchell and",1,26413.567454027016
Hampton-Walker,1,38708.63105116245
Ramos PLC,2,48173.93434731493
Smith-Alvarez,1,16318.903674804285
"Perez and Barnett Doyle,",1,18602.828451515117
"Malone and Foster, Page",1,16168.684238887548
"Ferguson, Bell and Bruce",1,27618.99314346835
"and Reid Levy, Reilly",1,30334.553164077784
"Scott Miles and Ramirez,",1,18254.545737929788
Owens LLC,1,35273.51102814251
Fernandez-Graham,1,10765.771800223278
Alvarado-Elliott,1,8415.98173713206
"Horton Allen, and Warren",1,46402.8597429608
"Little, and Stewart Miller",1,9559.717470514093
"Rogers and Campbell, Boyd",1,32637.479497439806
"and Stone Wright, Moore",1,12658.818873016127
Horton and Sons,1,40422.04311235845
Gibbs PLC,1,45968.05878710353
Steele Sons and,1,33254.08462953558
Deleon-King,1,40288.069296032576
Brown-Perry,1,1722.4860727934565
"and Moore Hunt Mccullough,",1,4130.223806874048
"and Palmer Underwood, Smith",1,4821.864653339289
Jackson-Medina,1,35218.73844030436
Thomas-Lawson,1,8029.469957543254
Norton-Higgins,1,41121.43138940161
"Delacruz Hawkins and Johnson,",1,48081.544506773374
Garrett-Logan,1,33396.15084374379
Collins Ltd,1,47802.58319826797
Inc Bryan,1,10011.760768678465
Gutierrez-Turner,1,29595.76938128057
Weber PLC,2,37328.05487882517
Villarreal-Dixon,1,43007.116413889016
"Davis Bond and Watson,",1,42385.51406945466
"Washington Campbell and Lara,",1,20448.383923730664
Montgomery-Martinez,1,4040.1367115112134
"Hernandez, Mccann and Garcia",1,8017.325409158878
"and Mitchell Kelly, Walker",1,30217.701907317696
Sons and Clements,1,9725.265782458786
"and Miller Hammond, Hill",1,47621.06313616853
Wood-Smith,2,52164.730802893515
"and Brown Fields Fisher,",1,9496.04925994516
"Brown Greene Swanson, and",1,14032.57001405349
Smith-Roy,1,32180.186390666826
"and Whitaker Howe, Thomas",1,14847.610460720623
Inc Bennett,1,18375.759185059578
"Pacheco and Page Howard,",1,29946.764762591367
Inc Rivera,1,41778.94935781175
Kim-Johnson,1,10238.516914412898
Swanson-Ramirez,1,14989.683156923546
PLC Freeman,1,25698.105866432117
Moore-Sullivan,1,43299.08017793373
Mccarthy Ltd,1,6045.934670375005
"Castillo Lee and Hinton,",1,6830.908838411695
Hodge-Curtis,1,22881.255751855657
Mitchell-Patterson,1,50194.5948699688
Turner-Brooks,1,21268.545830272862
Inc Rivas,2,74894.58993292708
"Scott, and Sullivan Nelson",1,49646.3777749213
Duarte-Little,1,18478.23041608357
"Wilson and Jones, Dixon",1,29514.413021479515
Wilson-Mccoy,1,17546.83030091446
Mueller LLC,1,12626.224313579522
"Stanley and Coleman Little,",1,20988.437181216057
PLC Fox,1,7902.420482799194
Brown-Hughes,1,44393.001347688056
"Fuller Perez Scott, and",1,23890.559941311687
Kirk-Martin,1,7771.543409402016
Rivera-Scott,2,11530.640494598427
"Walker, and Bass Estrada",1,35028.9389720196
"Cox Stone, and Merritt",1,4699.313660125591
Bishop-Williams,1,27371.566626463773
Anderson-Silva,2,16300.84590338495
"and Riley Calderon, Hill",1,5103.109820323635
Hogan-Mclaughlin,1,4771.4301530502125
Winters Group,2,67603.77539834863
"Walker, Silva Tran and",1,38286.04023463631
"and Cardenas Miller, Fisher",1,48451.451210005725
Stout PLC,1,16497.918041068973
LLC Cantrell,2,13660.734342644562
"Torres Montgomery and Torres,",1,15160.732542987558
Sons and Edwards,1,6846.402474378428
and Thomas Sons,2,13570.108276714922
"Alvarez, Ross and Hurst",1,34858.39750685426
Bailey-Sullivan,1,6536.037012765427
"Glass Sandoval, and Dixon",1,6296.791729691516
"Washington and Archer, Wilson",1,45657.04351909257
Mayer-Johnson,1,36444.879838731926
Jones Sons and,4,107682.79497242597
Donaldson Sons and,2,72219.0947303896
Sparks-Hawkins,1,46309.97618545597
"Adams Patterson, and Pham",1,41229.728664076036
"Todd Love, Foster and",1,36562.79141785785
Price LLC,3,72769.21954027718
"Miranda Underwood and Miller,",1,39614.7205138635
Russell-Fischer,1,28403.678941824375
Ltd Tucker,2,30723.96340535382
Johnson-Clark,1,12683.30712650087
Green-Carr,1,33172.298026251905
"Foster Phillips, Abbott and",1,14651.252664594216
Ltd Stone,1,16602.410530727873
French-Newman,1,24720.397870528497
and Sons Young,2,66803.19734448925
"Patel and Nelson, Pena",1,3588.0375326453695
"Perry Ross, and Nunez",1,35985.431355428846
Carey-Young,1,19796.69931560577
Washington-Wong,1,47238.05442050594
Luna-Anderson,1,45110.662327537
"and Miller, Porter Mason",1,10229.14270883581
Olson Inc,4,91334.83646805462
"and Abbott Gross, Anderson",1,9892.24613967602
"King Fisher and Elliott,",1,15585.192904377147
Inc Dixon,1,15958.13932939519
Bridges-Lozano,1,7795.089072766959
Morton-Andrade,1,14704.215182391357
"Robertson Alvarado, and Scott",1,43084.219853056464
Alvarez-Young,1,8213.78330951539
Carney-Chavez,1,24409.118213985596
"Kim Jefferson and Jackson,",1,3368.011912451475
Hobbs-Wu,1,14976.375283970197
"Anderson, Hopkins Parsons and",1,3195.092571359835
Conner Group,1,15035.272369455362
Ltd Washington,2,32757.542595575786
Mills-Booth,1,25677.56517483354
Kelley Inc,1,22972.567283225606
Giles-Cortez,1,19342.40206319241
Guerrero-Sullivan,1,5799.28232831982
Wheeler-Sawyer,1,30580.99908564404
Salazar Group,1,34345.90900192163
"and Jones Cruz, Patton",1,11935.60900399649
Gomez-Conway,1,31931.535439423675
"Kramer Bartlett Conley, and",1,29534.994750246162
Ltd Wu,1,9437.796526767344
"Alexander Hays, and Hernandez",1,32078.946966201278
"Sexton Jones Reyes, and",1,30823.149444476592
Snyder-Lopez,1,11094.181355427094
"and Lloyd Mason Johnson,",1,2240.1521094107925
"and Baldwin Walker, Campbell",1,49299.55414931467
Hernandez-Wallace,1,13292.191433040342
Marsh Ltd,2,69866.5142998648
Paul-Austin,1,2513.6841638503806
Mosley Inc,2,24633.11362093059
"Edwards Spencer, Rodriguez and",1,51018.72672636503
Wilson-Roth,1,33467.200712330945
"Anderson, Parker and Woods",1,3554.085850904595
Smith-Oliver,1,40791.51512717927
Cook-Solis,1,30605.628191785574
Hernandez-Holland,1,38069.17944538139
Burns-Butler,1,9062.108998140333
"Buck and Lopez Rios,",1,28698.99798324395
"Perez, Donovan and Howard",1,47573.8308030225
"Jenkins, Lewis and Brown",1,22088.16822893254
"Torres, Green Orozco and",1,34051.270652541345
Martin-Wilkerson,1,49209.83902777204
"Wright, Williams Harrison and",1,28872.969068199807
Rogers-Johnson,1,13371.80595706038
Alexander-Walker,1,50102.680903561464
Powers-Mcbride,1,12485.943496436197
"and Morales Noble Walton,",1,46971.82075798124
Davis-Burch,1,11918.045084228826
"and Zhang Brooks, Hamilton",1,36765.36261321501
"Russo, Thomas and Kerr",1,6767.876818036419
Olson-Mcclure,1,39766.89990414022
"and Brown White, Jones",1,19065.060885516963
Lee-Clayton,1,31188.041491741158
Mcdaniel and Sons,1,13854.645763663511
Patterson-Lee,1,1820.0158207199443
Johnson-Estrada,1,13034.07550278909
LLC Chaney,1,28296.1834997073
Gomez Inc,3,67042.71075856994
"Smith Anderson and Hunt,",1,44148.54288251938
Sosa-Jackson,1,22775.470938545317
Singh-Hebert,1,12186.347960369088
"Carter Lowe Benitez, and",1,15689.897793599714
"Moses Nunez, Gray and",1,27538.843547567412
Garrison PLC,2,67977.17410761268
Mcdaniel PLC,2,69341.6316604887
White Inc,5,162708.40588964755
PLC Todd,2,9018.222417503464
"Mathews Cruz and Roth,",1,46441.57750403367
Wilson-Mcconnell,1,34849.850081753866
"and Adkins Woods, Lowery",1,23441.079033378657
Jones-Williams,2,55315.65327262579
Martinez-Carr,1,30693.745473056548
Manning-Blair,1,34368.891632367384
Diaz-Grimes,1,25765.415800269024
"and Frank Howard Mcneil,",1,21374.628898572464
Ltd Goodman,1,35814.01298574051
"King, and Mitchell Vega",1,18506.402591143105
Ford-Morrison,1,51271.52009826324
White PLC,3,103567.41778627827
Calderon and Sons,1,5153.9402508147305
Benitez Inc,1,11557.284989038992
PLC Macdonald,2,58329.45342949319
Dean-Gutierrez,1,30046.437432808376
"Miller Dean, and Mcclure",1,3228.1141368874764
Garcia-Johnson,1,32387.932894513604
"Lee, Kim and Gallagher",1,23170.046191130357
Brooks-Taylor,2,6121.060946408675
Singh-Foley,1,21618.98818298213
"Kim and Velazquez, Morris",1,30212.922651930854
"Cook Griffin Price, and",1,15761.717692292557
Booth-Huang,1,26122.063818561644
Madden Ltd,1,21832.910469094495
Aguilar-Martinez,1,49735.31400604339
"and Hall, Miller Burnett",1,13757.20747126819
Crawford-Smith,1,43075.41865117113
Mosley-Whitehead,1,13507.841207506435
Inc Gilbert,2,32422.7549626206
Johnson-Rowe,1,46013.33595194004
"Estrada, Macdonald Valdez and",1,36231.74006761846
"and Wright Garrett Rogers,",1,42450.20738334432
Cordova-Lee,1,33950.58204655397
Ross-Ho,1,37889.87960746903
"Jones, Cannon and Evans",1,37954.085083806815
Sons and Schwartz,1,30225.808641445365
"Gomez, and Martin Smith",1,6334.547373572905
Thomas-Duncan,1,42466.90868844436
"Martin and Ferguson Andrade,",1,29847.434192990335
"Salas Arnold and Harding,",1,25871.70157437772
"Thompson and Herrera, Phillips",1,7585.859689635831
Pittman-Bush,1,28190.295275945773
Reed-Miller,1,2290.5457778590157
"Mcbride, Ramirez White and",1,40820.54044761877
Green-Montgomery,1,19334.47766966887
"Brown Anthony and Matthews,",1,35856.84903114749
Nash PLC,1,49907.62696175315
Brown-Vega,1,2998.4406931289313
Inc Holland,1,4580.939384878335
"Graves and Christensen Bautista,",1,17831.43251346248
Stevens PLC,2,62256.99256103917
"Peterson Murphy Mcbride, and",1,38364.03881158274
Glass LLC,1,3497.41080485133
"Pierce and Miller James,",1,51722.12273936527
"Knight Mayer Wells, and",1,12506.369867298665
Bryant-Weeks,1,49089.00413919008
and Maxwell Sons,2,42224.487486348786
Baldwin-Mendez,1,34946.71867318938
"Wilson, Bowers and Gardner",1,33987.683593488524
Inc Fischer,1,19520.966210052622
Byrd-Wall,1,33623.60878081696
Li-Myers,1,21239.864360820186
Pittman-Rogers,1,6432.249041169354
Dunn-Francis,1,3314.0336884951344
"and Bailey Martin, Graham",1,48412.53679977643
"Harrison, Rhodes and Wade",1,28995.70166581691
Young-Miller,2,44210.29169769514
Jenkins-Watts,2,35281.87799182935
Porter Ltd,2,82625.88721419158
Dixon-Salas,1,15135.491370247282
Rose-Scott,1,47389.00512353934
Ferguson-White,1,16911.4185768864
Dixon PLC,2,10393.644683129447
"Bird Whitaker Hall, and",1,15509.558151207886
"and Hughes, Rice Brown",1,24012.537947088473
"Olson and Allen Nguyen,",1,16797.6737649828
Clark-Murray,1,45654.98843923769
Robinson-Olson,1,10545.12325871779
Morgan-Hurley,1,25149.65209992507
"Owens, Greer and Ramirez",1,46542.029018091926
Ltd Santos,1,30899.43464338061
"King Bates, and Kennedy",1,5679.998800760463
Cruz-Baker,1,4034.351837413895
Valenzuela-Mann,1,46453.39696547843
Alexander-Nichols,1,14076.602658113421
Roberson-Rodriguez,1,34060.249659463036
"Jordan Smith Whitehead, and",1,43041.4686701537
"Glover and Lopez, Page",1,17446.42123889547
"Barnes Cummings and Marshall,",1,10415.777514870812
Johnson-Warner,1,47740.309191580396
"Herring Walker, Richards and",1,20578.791026190047
and Sons Diaz,1,3111.3700955606105
Ross-Henderson,1,11749.482398895145
Horton Ltd,1,19061.73552682599
"Rodriguez, and Lewis Brown",1,37619.962784395866
Watts-Jones,1,29649.17684661383
Ramsey LLC,1,14394.563514757534
and Cole Sons,1,25016.102900389695
Haley-Mitchell,1,33221.76934916962
"Logan, Francis Hunter and",1,10461.26202681752
Lang-Cain,1,43342.37960076132
Erickson-Campbell,1,38543.52088890404
Scott-Sanchez,1,22626.913787273978
"Burgess Acevedo and Gonzalez,",1,1407.4288070961975
"and Young Wood, Oliver",1,39706.23166000559
Lopez-Martinez,1,20715.858212913387
Group Houston,1,7465.532491659729
"May, and Rivera Nguyen",1,30624.176194261538
Collins-Moreno,1,23355.952476171562
"George Hebert and Mitchell,",1,23177.86874808558
"Edwards, Johnson Winters and",1,35424.26499822459
"and James Schneider Bradley,",1,36141.75485070753
"Wilson Randall Cunningham, and",1,18607.805555444244
Jimenez-Dixon,1,5922.641206509123
Russell-Mcdonald,1,50018.894740245225
Mercer-Rogers,1,19160.993728264002
"Bell Preston Washington, and",1,46245.58395229657
"Collins Porter and Rodgers,",1,36931.48284916464
"George Ward, and Clark",1,33646.11409084555
Williams-Meza,1,39934.841285285176
"and Cooper Potter, Landry",1,6649.003504424868
Terrell-Powell,1,20493.745906624095
Inc Garcia,7,218240.78596838115
Moses LLC,1,15500.841424434413
"Perry Mills Anderson, and",1,48811.130173383084
Acevedo-Henderson,1,13030.313925258188
Ltd Fox,1,32757.841510976254
Alexander-Austin,1,16375.79813324777
Paul Ltd,1,41036.372174800046
Moore PLC,8,186591.24289951156
"Floyd Cline, Landry and",1,31769.137579722996
"Butler Morales, Brown and",1,2555.62303611194
and Sons Jones,3,37412.10658104594
Armstrong PLC,4,101064.28132420822
White-Arnold,1,28195.247013614004
Inc Evans,5,126074.95284211711
Knight Ltd,2,31635.705636369206
Hart-Mueller,1,42573.15247584039
Stewart and Sons,2,49643.17997819917
Rodriguez-Smith,3,108750.7754145379
Taylor-Bradley,1,34898.95287963734
"and Hester Swanson, Glenn",1,36877.53082587188
"and Mora Galloway Aguirre,",1,22861.191028751975
"and Barnett, Quinn Stewart",1,12964.982239916479
Mann-Adams,1,18263.823441996585
Harris-Johnson,1,4404.945147284114
Ltd Carrillo,1,18210.123211348833
"and Wright Hughes, Ortiz",1,12287.921978435706
"Phillips and Jones, Davis",1,23815.93821978165
Robertson Group,1,29650.773085643632
"and Hunt, Jones Richardson",1,44717.920294083444
Chapman-Diaz,1,29506.717310883338
"Jacobs Johnson, and Brooks",1,17840.620385195045
Klein Sons and,1,772.163498069151
Group Larson,3,78432.20895276163
Holmes Sons and,1,20567.345649503135
Rogers Sons and,1,7884.267773883089
Glover-Thomas,1,22423.914747694453
"and Kidd Singh Cameron,",1,42230.33491301633
"Mcneil, Cline and Howard",1,46388.60027365908
"Harrison and Lindsey Gonzales,",1,36430.70307972248
Hartman-Dunn,1,15833.106273349073
Marquez-Davis,1,45172.583361862555
and White Sons,1,31402.69956717537
Benson Group,1,4333.705997505673
"Herrera Nguyen and Smith,",1,48359.20797516362
Franklin-Hernandez,1,7780.203016723114
Dunlap Group,1,14119.775529436365
"and Camacho Moran, Pace",1,16453.52634695412
Group Cabrera,1,27311.404099500716
"Gutierrez, Cook Fritz and",1,44396.18500016806
Velazquez-Jimenez,1,4832.063419864594
PLC Pearson,1,22929.444840909186
Perez-Small,1,27016.086540638033
"and Hill Carter, Stout",1,44683.80141873193
Hoffman-Huber,1,15928.009496459585
Prince-Waller,1,33908.77501704111
Hamilton-Hardy,1,40772.479109926324
"Herrera and Young, Valdez",1,29174.468245953994
"Carroll Adams and Petersen,",1,7233.060937304352
"Webb, Patton Delgado and",1,2793.482017850542
Weaver-Williams,1,13641.1527350039
"Horton Jones, and Flowers",1,31522.109952571896
"and Chavez Sanders, Gomez",1,35766.94155343062
Duncan-Martinez,1,22652.42363852745
"Marks, Hensley Sanchez and",1,2307.720028232259
Wilson-Cruz,1,43390.59265431343
"Mann Mcgee Garcia, and",1,18776.29083791054
Martinez-Bennett,1,14255.861101527205
"Lopez Terrell, Harris and",1,13250.898668456526
Padilla-Barnes,1,15692.302654281839
Peters-Jones,1,39316.78374598675
Cabrera-Taylor,1,29421.077140508205
Medina-Cardenas,1,24211.602129007457
Inc Perry,2,35279.887987768045
Allen-Newton,1,1210.0816356532562
Wilson-Atkinson,1,21145.19035005508
Hudson Group,1,40212.206007656016
"Torres and Scott Allen,",1,48913.35066084348
Group Marks,1,49741.331453729246
"Hayes and Hill, Harris",1,46480.3479404106
Torres-Thomas,1,44972.16162976185
"Patton, and Black Martinez",1,48752.343389585156
"Castro Robertson, and Cook",1,-43.29174791268042
Whitney-Franklin,1,48896.988506293856
Juarez and Sons,1,21767.231674942213
Carrillo-Price,1,16920.16153378213
Martin-Rice,1,48574.832438065794
PLC Obrien,3,89758.46806690216
"Thomas, Green and Barron",1,47980.91717403504
"Bell and Davis Ross,",1,12063.94847734541
LLC Ware,1,21747.82980135548
Holland-Brown,1,49343.017033204815
Ferguson-Cole,1,29672.11493764791
Gonzalez Sons and,3,84655.07543643539
White-Leon,1,34740.22207708444
"Walton and Strickland Yates,",1,32656.9734931746
"Mejia Austin, and Davis",1,4005.6906799095937
LLC Ramos,3,30154.305775468514
"Johnson and Bruce Nelson,",1,48436.277732779345
"Perez, and Williams Hernandez",1,28320.838998628045
"Hernandez Anderson Owens, and",1,40108.82927333265
Mccormick-Barnes,1,15413.6682518495
Mcneil-Deleon,1,31507.38028731298
"and Shaffer Williams Leon,",1,43558.767052717194
"Carey Romero, and Osborne",1,42900.48040246796
"Garrett and Lawson, Quinn",1,17106.99511900697
Bowman-Owens,1,45106.024517475904
Ltd Williams,8,158667.29517107303
Santiago Sons and,1,9234.08646721008
"Noble and Kelly, Dominguez",1,42102.05321971861
"Bowen, Larson and Proctor",1,1593.2522522325426
Inc Adams,3,77172.8981655818
Jones-Roberson,1,35041.70883550158
Estrada-Salazar,1,11243.478474587559
Davidson PLC,2,53488.04807105181
Fernandez Ltd,2,52529.64715292261
Rivera Inc,1,31646.38180480359
Roy-Rodriguez,1,17957.707007604356
"Carrillo, Banks Cruz and",1,33376.87479585161
Adams-Mitchell,1,22922.301783081137
Smith-Jackson,1,27306.48081445514
Clark-Kennedy,1,29269.47876697827
"Ritter Perez, Lee and",1,7151.405367627517
Sons Mueller and,1,2095.097039760196
Curry LLC,1,47734.3729117963
"Winters, Blackburn Chandler and",1,27466.31856706151
Dunn-Taylor,1,39217.97888465938
"Kirk, and Williams Ramirez",1,8591.052824168046
"Holmes and Howard Castro,",1,14042.748907644913
"and Allen Bryant Carlson,",1,27857.482265759536
Hill-Wall,1,24635.740330683337
"Wilson, and Bryan Santiago",1,39711.859718229905
Price-Pierce,1,26738.43242401746
"Thompson Fritz and Peterson,",1,26098.116024737672
James-Sharp,1,30176.413685538537
Chandler PLC,1,-26.112523116277544
"and Hansen, Smith Santiago",1,5298.473260677341
and Sons Deleon,1,31053.993778985885
"and Wagner, Lee Underwood",1,7375.025013670572
James-Thomas,1,8530.208875843467
Harding-Bush,1,38354.78588034896
"Farmer, and Jackson Price",1,23452.72930949815
"Roberts, and Velasquez Edwards",1,11374.66042791363
Wong Ltd,1,37452.55275091449
Sons and Kelly,1,29749.78853940295
Peters-Davis,1,27738.373587869795
"Burke and Petersen, Herrera",1,9922.543701347346
Graham-Ewing,1,24805.25197645543
"and Mitchell, Kirby Hayes",1,17128.28195887792
Bradley-Flowers,1,32823.671952367455
Hale-Vega,1,49976.0144409115
"Williams Cervantes, Alexander and",1,13955.308369550025
"Lee and Smith Villanueva,",1,3318.424948940942
Warren-Gonzalez,1,41891.36061339037
"Lewis Parrish Wolf, and",1,44589.72677759582
LLC Hinton,1,18266.380682245544
Thompson-Davis,1,21337.23676290041
"Gonzalez, Sampson and Yates",1,17361.03700373614
"and Gibson Bishop Greer,",1,32163.087885254718
Flores LLC,2,87128.66470754781
Noble-Chen,1,14728.668090816507
"Herrera, and Martinez Hess",1,43244.43924263192
Patterson-Hopkins,1,17060.0090053813
Garcia-Calderon,1,42260.67006191344
"and Lewis Bush Kelley,",1,24943.134880965506
"Smith Cox and Burnett,",1,3276.972542921226
"Reynolds and Ewing, Jones",1,37456.665985504085
Inc Boyd,1,19146.755986211247
Richardson-Dean,1,42284.69198229948
Alvarado-Delgado,1,40686.909262869136
Inc Phillips,1,19896.720316184546
"Kim Garrett, Lindsey and",1,39399.32259546939
"and Stout, Harrison Peterson",1,36608.28822712561
Short-Daniel,1,35420.353374764156
Kidd-Gonzales,1,29424.2328379018
"Patterson, Long and Nolan",1,11197.781165293381
"Williams Morales, Rodriguez and",1,28883.217501988907
Baldwin-Lindsey,1,43799.83758939283
"Adams, and Rodriguez Wright",1,30777.233602625423
Wagner PLC,2,14428.338562257151
Cain-Stone,1,22368.375938444704
"and Young Powell Mitchell,",1,28355.452457265368
Wilkerson Group,2,55087.12818764564
and Sons Nelson,2,50717.946306156206
Heath-Brown,1,6162.345959478175
"Kidd Romero, and Douglas",1,47130.02559678148
Melendez LLC,1,18251.21188415729
Nelson-Edwards,1,14265.811616217688
Inc Huynh,2,37360.41758075754
Frost Inc,2,47566.278764453265
Sims-Crawford,1,12874.817185973892
"White and Gutierrez Castillo,",1,46361.960912157025
West-Mcdonald,1,2671.23689621905
"and Rogers Powell Bennett,",1,21398.338155956062
Day-Barrett,1,40130.26144537468
Rivera-Holland,1,4520.475330287816
"Hardy and Mason, Caldwell",1,19656.000115875835
Schmitt Ltd,1,35833.53097677788
"Hernandez Montoya, and Escobar",1,11872.829983798816
Scott-Davidson,1,40909.49065506748
"Woodard, Todd and Hoffman",1,20390.07982879733
"and Reeves Klein, Smith",1,8688.571192149982
"Ramos Clark and Blair,",1,13349.033441618672
"Thomas Walters and Blake,",1,34158.10558654285
"Kim and Williams Richards,",1,19944.395856243827
Wilson PLC,10,225764.7348070721
Group Fisher,5,134687.72863239958
Taylor-Waller,1,5114.976946309902
and Sons White,1,47050.2246246499
"Martin, Nolan and Young",1,35208.66953401717
"Cooper Brown Parks, and",1,34500.01681732137
Oneill-Wilson,1,23379.489044294187
"and Shannon Glenn, Morrow",1,26514.89093606622
"Miller Castillo Vasquez, and",1,2388.3483726113805
"Lawrence Solis Peters, and",1,22717.487783384975
"and Walsh Marquez Williams,",1,4473.672588801583
Inc Poole,1,19941.60044841442
Brown-Bradley,2,44211.245804645216
Anderson-Jimenez,1,23265.03913212983
and Taylor Sons,3,82397.20361395174
"Sweeney Wilson and Taylor,",1,33844.013034957105
Elliott LLC,3,79184.33526549098
Ltd Shah,2,41643.697076881974
"Ramirez, and Blanchard Gordon",1,16983.727856971676
"Allison, and Cruz Moore",1,35576.589360626385
Beasley-Smith,1,11540.015679259463
Miller-Key,1,19979.738184651575
Le-Blair,1,18637.402141900806
"and Watson, Allen Bentley",1,15693.232366091404
"and Padilla Clark Harris,",1,40555.70357437453
"Hancock Christensen and Campbell,",1,22910.1544974665
"and Hawkins, Smith Montgomery",1,21378.227606851775
Fisher-Romero,1,25525.396546526776
"Lopez Randolph, Nash and",1,15593.220918207904
LLC Young,1,9354.315931809357
PLC Dougherty,2,8753.80632959493
Watson-Scott,1,8769.703489806032
"Kelly and Williams Dixon,",1,48915.508679477105
LLC Austin,4,48815.7751054563
Inc Cole,3,61475.53605300655
Rogers-Nelson,1,22000.332072110494
Castillo PLC,2,45113.18444511218
Owens Sons and,1,27073.726542977678
Jimenez-Hernandez,1,17549.9841648283
Mason-Jones,1,45653.185037445044
Kline Ltd,1,30730.17100553427
Mann-Wood,1,37309.84847519371
"Martin Fischer Johnson, and",1,18116.183785266807
"and Brewer Reynolds, Herrera",1,42467.52713798539
and Richardson Sons,1,9684.699809844042
PLC Bates,1,30611.017349506572
PLC Mercado,1,37029.52478497715
"and Gibbs, Reese Hamilton",1,38126.97388263929
"Fowler Davis, Bowman and",1,4812.588927218392
"and Williams Adams, Floyd",1,17038.307552730304
"Shaw Williams Shields, and",1,41464.16898643796
PLC Stewart,2,69296.66452974462
Hickman-Snyder,1,8583.155210870857
Guerra-Lozano,1,829.4850014376163
"Everett Snyder Williams, and",1,21459.471370037074
"Howell, Swanson and Lewis",1,35978.89660235504
Tran-Garrett,1,39521.815286496596
Baker-Gregory,1,30053.27071084481
Morgan-Griffin,1,15192.804183518696
Brock Group,1,-214.6054205789669
Newton-Hall,1,10893.170033275188
"and Soto, Patterson Allison",1,36985.34749145982
Bell-Fields,1,12279.37969005122
Fischer LLC,1,43212.24788850462
Davis-Wilkinson,1,16375.662042641337
Hall-Zamora,1,44528.950851835194
Sons and Frank,1,13767.80362364971
Morales-Ballard,1,36133.36613440179
"Allen and Hodge Williams,",1,49225.84551000699
Ltd Morales,1,39239.598278587844
"Miles Carter Tate, and",1,18577.949963106053
Bullock-Davis,1,12915.26620660157
Crawford-Rosales,1,45088.391841874516
Schwartz-Bishop,1,29357.089704083333
"Williams and Haas White,",1,2597.154105850007
and Blackwell Sons,1,12195.203559896345
Patterson-Oneill,1,43683.799967623236
"Gill Roberson and Davis,",1,16999.798615334123
"Walker Moore and Rodriguez,",1,33770.6186528659
"Wright and Gonzales, Mercado",1,31431.835924460363
Ltd Benson,1,31544.679423812897
Graham-Myers,1,11980.400492851859
Schneider Group,3,90374.95015228628
Norris-Walker,1,42328.33345955984
"Brown Scott Kane, and",1,2557.1035654726793
Castillo-Martinez,1,49615.45233449822
"Wilson Smith, and Cooley",1,46515.059286825504
Sons Gonzales and,1,21618.30077339086
"and Evans, Mccann Thomas",1,36129.83829158581
"Jones Saunders, and Carroll",1,45364.548844606565
Steele-Bradford,1,20140.753042126133
"and Lewis Arnold Davis,",1,32685.397617756513
George-Lee,1,34436.3511184676
Grant-Kaiser,1,5332.44981722501
"and Watkins, White Montgomery",1,3225.5212123275514
"and Garner, Thomas Hartman",1,38459.37609336854
Crawford-Hill,1,7294.891533468167
"Cox Cervantes and Rowe,",1,44777.674546877664
Patton-Hall,1,38541.991121039915
"Escobar Barajas and Murphy,",1,14510.60210425602
"and Pacheco Wilkins, Lee",1,32417.839668864963
and Phillips Sons,1,40305.301622251674
"and Velasquez, Byrd Fitzgerald",1,26106.248248755473
Sanchez-Arnold,1,9086.863436025602
Snyder-Thomas,1,15514.477640140809
"and Oneill Lee Martinez,",1,49631.41654831934
"Dennis, and Calderon Gonzalez",1,41421.873173603235
Ltd Hull,1,3672.2760824318475
Williams-Benjamin,1,1840.1196309657953
Young-Hart,1,2587.6506367127117
Jackson-Guerrero,1,45000.94074391389
Wells-Riggs,1,37179.31101154618
Sons Jimenez and,1,49048.043112929096
"Davis Schmidt, Jones and",1,27010.36596768609
Wilkins Group,1,5714.748017914666
Ltd Solis,1,39003.18143809496
Tyler PLC,1,43670.378191668984
"and Berger Perry, Calhoun",1,31043.20633500728
"Fox, and Lucas Cain",1,39553.11649082513
Choi PLC,1,31263.329851897815
Sons and Davis,1,15415.388076327
Thompson-Thomas,1,23995.147396240416
"Doyle Mccullough Reyes, and",1,47964.49831033527
"and Lee Nguyen Gonzalez,",1,42030.88097999154
"Richards and Campbell, Lee",1,22387.92430360511
Owens-Cole,1,26217.09264633338
Mitchell-Ryan,1,10498.994784425959
"Ramirez, Owens and Evans",1,12377.400525970275
Smith-Mack,1,28906.05068260603
Carlson-Perry,1,15870.734461152926
Bishop-Taylor,1,29614.05585734693
Obrien-Gallagher,1,2530.239688015618
Foster-Herring,1,2081.674171130083
Trevino Ltd,1,29926.75710322067
Inc Delgado,1,10864.649473013273
Hood-Morgan,1,18604.10651020749
"Cox Lang and Palmer,",1,38907.14804306769
"Collins and Farmer Zamora,",1,49757.92224869667
Walton Ltd,1,45149.92186386382
Carlson-Hart,1,19872.570287102248
Shelton-Yang,1,15739.883171467249
Monroe LLC,1,8536.735533150339
LLC Cooper,2,49089.693410748645
"Mckinney and Bryant, Gonzales",1,16962.162015264195
Mcpherson-Campos,1,18168.22209289031
"and Ortega, Andrade Tran",1,37572.61671276392
Brown-Barrett,1,7595.953804596888
Ruiz-Wilkinson,1,16596.4765399344
Group Fleming,1,40028.29570409599
Bowman PLC,2,83473.1988758235
"and Jones Sutton Nichols,",1,8358.658531535562
"Cook and Mcgee, Sutton",1,23302.32790975692
Sullivan-Bright,1,50189.21138907088
"Freeman Bennett, Alexander and",1,33587.629385174965
Davis-Bates,1,50441.62869710699
Patel-Warner,1,27626.353871837877
Silva-Wilkinson,1,22988.693539959117
"Castillo and Olson Robinson,",1,9629.40638428394
Watson and Sons,1,23108.965087772125
Olson-Chen,1,47333.98046509043
Rodriguez-Gonzalez,1,18115.8995040103
Mata-Villanueva,1,26565.31051836799
"Martin, Lee and Wood",1,16691.63619794434
Obrien-Galloway,1,3618.0446347788125
Madden Inc,1,4146.3261290211185
"Walker Marshall, Spencer and",1,44901.523430535715
Williams-Jensen,1,6370.514466986193
Mcmahon-Sampson,1,40563.423355863735
Schultz Group,1,38887.713070617225
Griffith-Schmidt,1,21041.82047390774
"Santos, Beltran Jones and",1,28633.241571726532
"Rodriguez, and Stewart Ruiz",1,31628.61405250248
"Snyder and Mullins, Roberts",1,22613.73021362417
PLC Howell,1,17669.628354725555
"Hart and Johnson, Schmidt",1,21574.208552891083
"Grant Cox Dixon, and",1,38876.243812965484
Mckenzie-Chen,1,11325.625777624098
"Ortega and Parsons, Curtis",1,14988.805975342742
Mckinney-Miller,1,12153.384287469891
"and Bruce Williams, Miller",1,25721.634066967534
Charles Group,1,24701.4891269012
"and Smith Martin Yang,",1,15534.116078680805
"and Myers Martin Glover,",1,22757.161009528012
"Perez Mills, and Bates",1,10705.711043773348
"White, Alvarez and Fischer",1,18887.55543026667
"Miller, Robertson Mckay and",1,23311.76825748904
Neal-Torres,1,29754.622379474386
LLC Stokes,1,18335.175270492695
Gray LLC,1,10239.334865160019
Delgado PLC,1,37837.80633900593
"Garcia, Bishop and Norris",1,37165.02756620548
Sweeney Ltd,1,33462.72754238685
Roman-Sanchez,1,15928.714693333792
"Osborne, Petersen Madden and",1,46649.19807171399
"Hoffman Johnson, Johnson and",1,19846.02169159754
"Ramirez and Moore Melton,",1,47890.35357884233
"Rivas Gallegos, and Sellers",1,49223.03353294851
Flowers-York,1,9571.53342061378
Estrada-Griffin,1,23550.756687552624
Stephens PLC,1,31612.55077967379
Odonnell-Buck,1,18747.967819832655
Miranda-David,1,15267.872509261424
Ltd Butler,2,49560.84076425948
"Chandler, and Olson Holland",1,20520.280586705623
Avila-Fischer,1,48238.55590393028
Lewis-Allen,1,29879.705802110722
"Lowe, Pierce Brown and",1,17176.664882807087
"Harper and Hunt Rose,",1,26675.38705626996
"Herrera Wall and Morgan,",1,18517.15820695142
"Macias and Cardenas Oliver,",1,33374.883275344124
Mcdowell-Aguirre,1,21926.88476072254
Simon-Johns,1,22989.94882257599
Clark-Castillo,2,63554.4938700173
Group Yates,1,41891.2116978764
"and Cross, Horne Medina",1,36556.67025154888
Swanson LLC,1,21463.434942062322
Keller-Fleming,1,49473.082664733294
"Buck, Martinez Smith and",1,20440.474514777925
"and Riddle Lowe Lawson,",1,48111.5895425127
"and Wilkinson Gonzales, Smith",1,31514.233376411757
Jennings-Glass,1,49782.73976673398
and Sons Knight,1,47881.19900313264
"Rodriguez Saunders and Perez,",1,27688.457305932785
Curry-Reid,1,16456.006121138045
Santiago-Boone,1,42895.40766041841
Inc Brandt,1,40813.74325335705
Spears-Berry,1,18138.802906877983
"Johnson Gomez, and Berger",1,25189.18515194722
Figueroa-Smith,1,11460.794468907272
Norris-Higgins,1,31908.115615000625
Snyder-Mcfarland,1,8485.849487944133
Levine-Miller,1,22356.226491833422
Spears-Shah,1,36869.72573903982
Mcneil-Blake,1,10348.818521438636
Lowery-Howard,1,39357.45973990502
Anthony-Torres,1,21585.243422654046
Smith-White,1,49741.76822934036
"Armstrong Everett, Adams and",1,24786.218020917975
Sanchez-Mccullough,1,6576.085125151776
Watson-Hill,1,1114.4115592219487
Fry LLC,1,20713.7372311163
Vang Group,1,17591.452113778563
Group Thornton,1,28070.465272594192
Inc Harris,6,133104.48036389877
Harvey-Cook,1,45773.948146267
Parker-Martinez,1,9178.404617226903
"Norris, Matthews and Khan",1,20329.952356320835
Moore-Lewis,1,17248.23014702139
"Miller, Stein Hicks and",1,22218.78389235523
"Aguirre Turner, Reed and",1,17197.143349978174
Anderson Inc,9,201879.44015946932
"and Smith, Johnson Lamb",1,34146.993723672385
"James, Gates Richardson and",1,15614.842442260988
PLC Floyd,2,32143.56153121578
"Jackson, Hansen and Greene",1,1633.2587028522707
"and Gonzalez Ford Potter,",1,45980.19421220323
Butler LLC,4,124903.33531086176
"Smith, Lee and Ibarra",1,46840.91189110143
"and Lewis Cohen, Buck",1,34955.08037880918
Mason-Carroll,1,32687.103337684526
LLC Taylor,7,184958.8022671484
"Lambert Warren and Carey,",1,43707.67722336127
"Parker and Santos Williams,",1,23032.180421240566
Haynes-Montes,1,43141.30196694169
George Inc,2,58911.91366813067
"Gardner Harris, Wood and",1,11331.961601788531
Salazar-Marshall,1,44731.877104356194
Pittman-Richardson,1,1818.2702407949187
Carter-Sanchez,1,20146.74441121441
"Bell Phillips, Hoffman and",1,42778.51915509864
Group Hebert,1,30832.185820124367
Inc Everett,1,3444.6351499402754
Ltd Stevens,2,65002.71972815496
White-Freeman,1,44870.56351472825
Walker-Cross,1,32896.26880126722
"Johnson Hodges and Mills,",1,44831.453250247
Chung-Russell,1,35302.936227743994
Sons Gilbert and,1,26635.043128736485
"and Rogers Myers, Massey",1,40701.75936254474
"and Clark, Frazier Gonzalez",1,36413.43110900392
"and Kidd, Jenkins Mitchell",1,13204.451837464301
"Zuniga Williams, and Gordon",1,41754.75673527902
Hansen-Howard,1,11508.476901585984
"Williams and Thomas, Kim",1,14469.287271526651
"and Johnson Howard, Gutierrez",1,13702.20443288262
Sharp Inc,1,23981.98415422553
Ponce Inc,2,32341.650070335047
Atkins-Higgins,1,32598.469774008994
Carter-Hawkins,1,10748.22563560289
"Hall Woods and Johnson,",1,3649.4334036180117
"Grant, and Wood Larsen",1,27319.480430501066
"Rice, and Johnson Adams",1,13884.159978884716
"Watson Watts Boyd, and",1,8542.680230927133
"and Miller, Guzman Jones",1,18751.849759132387
Greene-Huber,1,21130.4171722755
"Reeves and Bryant Fisher,",1,1783.5884958970637
"Rocha Reed, Brown and",1,48792.17402934316
Stone-Ford,1,18037.371197651195
Murphy Inc,3,53324.957960162195
"Cobb Stewart, and Morris",1,14807.327681097697
Hughes LLC,1,37383.15072610821
"Young Luna and Cochran,",1,25166.145037357408
"and Foster Johnson Thompson,",1,47822.55646878989
"Manning Brown and Johnson,",1,36827.429912199135
"Jones and Williams Williams,",1,9606.235129494984
Taylor-Sweeney,1,7433.868101702074
"Carter and Dunn King,",1,27278.87054268726
Jackson Group,4,74372.31781458997
"and Schroeder Woods Carter,",1,36398.52814179202
Austin-Smith,2,68423.37499186871
Woodard-Ramirez,1,16458.10887134896
"Thomas, and Allen Smith",1,4325.366722648388
Reynolds-Johnson,1,9726.847598424712
"and Lara, Rivas Wilson",1,24285.36295479896
Riggs-Sellers,1,38399.39931699448
"Pugh and Jones Marshall,",1,29937.416396496577
Carter-Watson,1,18002.069291796495
Scott-Allen,1,43896.68219483827
Edwards-Hendrix,1,50802.08931801587
"Meyer and Barton Luna,",1,30219.633382722255
Waters-Ramirez,1,7488.077225181134
May-Bailey,1,3449.3620511307163
Mcbride Group,1,21847.70178993602
Inc Obrien,1,16982.543879472236
"Gonzales and Smith, Sweeney",1,9638.638651018397
Obrien-Noble,1,41010.10099648142
"and Cox, Ortiz Savage",1,38597.798831069806
Burch-Thornton,1,18455.42018276636
"Williams Rich and Baird,",1,39540.269600322434
"Black, and Mckinney Lewis",1,27100.462877492693
"Hood, Powers and Stephenson",1,23889.891081680573
Davis-May,1,5113.668756310259
"and Brown, Buckley Luna",1,40422.22684673657
Mcgee-Floyd,1,30350.37959270721
Escobar-Henry,1,1759.657566270384
Chung-Ramirez,1,41558.383526469595
Frazier-Baker,1,21392.688094947458
Roberts-Hill,1,22309.935875552022
and Sons Cisneros,1,35716.26720503522
Hart-Lucas,1,19148.651228231
Davis-Cameron,1,11787.23687743361
Sons Horn and,1,23684.52547274483
Group Rodriguez,7,194175.46211505248
Merritt-Gray,1,5259.273049647717
"Vaughan Parker and Wagner,",1,22868.530342201586
LLC Clayton,1,48887.23452420244
"Clark, Garza Tate and",1,40825.084666764466
Torres-Johnson,1,41966.56890997784
Owens-Adkins,1,13534.109452421952
Herman-Griffin,1,7238.9633123566655
Mcclure Inc,1,41210.76571619064
Miles-Sanchez,1,18510.33014774858
Matthews Group,3,84909.61368500096
Steele-Robinson,1,47337.95534838448
"Alvarez Austin Snyder, and",1,21513.526584342126
LLC Dickerson,1,50838.482955635955
Hernandez-Patton,1,22456.62482865756
"Long, and Richards Nelson",1,43090.6577754766
Garcia-Jackson,2,58336.09337337372
"Dixon Smith, and Navarro",1,34688.847861694
Kelley LLC,2,57834.97101398701
Dickerson-Gordon,1,36144.21380881523
"Rogers, Kennedy and Adams",1,37993.46185999082
Norton-White,1,29688.11238918388
"Olson Knight and Phillips,",1,23421.4807949946
"and Rocha Wilson, Vargas",1,36890.03915709735
Morris and Sons,2,22961.817335047206
Rowland-Barry,1,41504.29743753595
"Parker and Powers Morton,",1,25874.744567267957
"Moore Park and Brown,",1,29567.68142216368
LLC Cox,1,42854.379379025784
Harris-Bowers,1,43128.51074724426
"Anderson Morse, Torres and",1,48661.67813099252
PLC Jenkins,2,26814.858010570984
Hayes-Foster,1,29384.975266732195
Levine PLC,1,33461.96488396955
White-Morgan,2,81767.36546142612
Welch-Cole,1,30297.525425920187
Ltd Robles,1,48082.08007616276
Hughes-Allen,1,8022.672166499535
Parker-Foster,1,35751.85925934769
Woods-Smith,1,16415.77424974266
"Cochran and Rogers Brock,",1,15577.302409544456
"Estrada Ramos Jones, and",1,34419.86934534658
Inc Mays,1,13268.819803861465
LLC Clark,7,298109.12731206615
"Jennings Caldwell Christensen, and",1,31159.790800216244
Rich-Parker,1,20154.39520069464
"and Peters, Rivera Valdez",1,98.86732039284936
Russo-Patrick,1,43330.99292796615
Ellis Group,1,19046.764061868733
Brooks-Dougherty,1,15731.556738378124
Stuart-Fuller,1,12505.567490032374
"and Fleming Pena, Smith",1,29166.475451632214
Group Mills,2,72680.34324968625
Kramer-Hogan,1,40787.180499800575
Berry-Cox,1,48052.12313874788
Rice Inc,2,76649.21031661495
Burnett-Blake,1,45555.30492376668
Nguyen Ltd,1,13912.199061353695
Sons and Lester,1,17462.11983883001
Sons and Hamilton,1,34458.560778612424
"Rios Collins and Foster,",1,5892.100787626216
"and Massey, Shaffer Simmons",1,12717.383089374156
Inc Romero,1,46199.698946493525
"Wong Carroll and Blair,",1,4638.777865942383
"Scott Jackson Montgomery, and",1,31726.586792059512
Flowers-Gonzalez,1,26285.183571649708
Horton-Massey,1,19426.602425439803
"Holt and Fernandez, Berry",1,8645.826975172731
Lowe-Watson,1,5017.02228793289
Foster-Davis,1,15272.882061434575
Acosta-Davila,1,10541.956261111505
Solis-Myers,1,2477.1785908204565
"Mcguire, and Brown Blackwell",1,7851.309664322669
Lopez-Walker,1,30502.974380997468
"Mayo and Malone, Butler",1,40126.6106885186
Thomas-Manning,1,35721.5369486966
"and Olson Moore Simpson,",1,14229.799130957086
"Stein and Wilson Paul,",1,11502.195516887026
Inc Beasley,1,45914.51449387973
Holland-Guzman,1,42883.44325922314
LLC Robles,1,49479.47433447826
Freeman Ltd,1,31083.679444294834
Hudson LLC,3,55887.960790369194
Taylor-Kennedy,1,35332.79741670195
Osborn-Manning,1,36201.28710804834
Gomez-Lee,1,25291.685274573367
Burgess Ltd,1,29160.05990814923
"Gross and Church, Werner",1,45980.27630564243
and Sons Wise,1,49547.33599810854
"Green and Anderson, Ho",1,34174.33253286604
"and Buckley, Jones Gonzalez",1,46382.23865276023
Group Mcmillan,1,4422.7368401977055
"Wilson and Young, Velazquez",1,5585.64576846425
Hooper PLC,2,60047.6925559028
Powell-Mcpherson,1,10898.382138318939
LLC Blackburn,1,9740.1151094721
"Montes, Williams and Ferguson",1,28397.712655842613
"and Taylor, Bishop Dillon",1,25415.60239767154
Haynes-Vaughn,1,32926.832232376735
Bishop and Sons,1,4628.046468407318
"Price, Hansen and Gonzalez",1,3710.578713127052
Smith-Wade,1,44752.76140532571
"Johnson and Lyons Wood,",1,48728.48867850737
Woods-Green,1,7711.527248825649
"Smith, and Henry Burton",1,49190.94412244728
Molina-Ayers,1,12708.155283428086
"Bolton Acosta and Little,",1,6889.6680200255005
Wallace-Wallace,1,23382.803444026395
"Barnes, and Daugherty Huber",1,33583.78811729853
"and Wang Pruitt Kelley,",1,15386.666899083086
"Johnson Brooks and Wagner,",1,8264.099346882396
Reed-Brooks,1,4696.179131709283
"Nelson Davis, Austin and",1,5668.302743619388
Harris-Preston,1,28189.845356379832
Anderson-Lewis,1,46556.49743610613
Guzman-Williams,1,44852.44206781404
Hill-Ashley,1,38447.51138359063
Dominguez-Bates,1,22513.335465510627
"Andrade Henderson Martinez, and",1,44181.83721149249
"and Williams Erickson Krause,",1,39595.88149639946
"and Miller, Gonzales Rodriguez",1,27619.597156573735
Richards-Horton,1,40664.88202479317
Shea-Bryant,1,27580.030097070052
"and Clark, Carter Rodriguez",1,43758.05994577574
"Khan, and Rodriguez Fischer",1,19183.168885395542
Ltd Cruz,2,63744.814150883074
"and Smith Harmon, Marshall",1,26139.785948846744
"Taylor Johnson, Beasley and",1,44211.016696409504
PLC Garner,2,69283.2708640137
Small-Simmons,1,1041.715022639426
Ltd Patel,3,108949.90093764466
"Baker Andrade, and Johnson",1,28531.772788141152
Walters-Bonilla,1,28774.57926472218
"Martinez Leon, Washington and",1,50066.071736749116
Group Velasquez,2,52237.89741242643
Freeman LLC,1,32336.536630990937
Ward-Vega,1,5020.53812436143
"Mitchell Sanders, and Beasley",1,43000.47063041603
Harris-Melendez,1,15558.254003924094
"Adams Odonnell and Cook,",1,34444.12005662962
"Jones Stone, Randolph and",1,23188.92042963003
and Rodriguez Sons,3,49938.1560532502
Harper-Garza,1,44343.17815924159
Johnson-Morales,1,26798.337663587867
Johnson-Wong,1,24558.344905449736
Proctor LLC,1,4640.047738194174
"Sharp Mcintosh, Rivera and",1,14087.778872197076
"Ward and Goodman, Wade",1,36815.27350033189
Inc Dyer,1,10691.501707874653
"and Spencer Johnson Lewis,",1,1539.6112967165877
Rose Inc,1,43092.43343320178
Group Bowman,1,26649.40424003894
"and Huerta, Cox Price",1,42349.10921939751
Weaver-Thompson,1,2242.9069014548045
Ltd Ford,2,60705.43422420591
Collins-Jones,1,23744.260122749016
"White Gray, Blair and",1,6262.00375991027
Duran-Berry,1,5939.304929046788
"Sandoval, Andrade Hunt and",1,34368.30954489732
LLC Moore,4,123841.6233344917
"Hinton Graves Jordan, and",1,43679.58829422859
"Massey and Brown Wang,",1,13183.403256784382
Johnson-Cook,1,9620.508473565105
"Evans Carroll, and Aguilar",1,42121.188793362715
"and Stone, Smith Matthews",1,41248.21515520056
West-Ferguson,1,33472.853915749205
Herring-Norman,1,2114.206153394968
"Rodgers, Jenkins and Mack",1,36946.59977125359
Jenkins-Thompson,1,46033.78456054955
Shaffer-Silva,1,9824.073838184977
"Brown and Jimenez, Russo",1,38167.90205298968
LLC Chen,1,4233.464799561318
Hughes-Davis,1,43546.22598786074
Johnson-Bryan,1,3055.791975673474
Love LLC,1,43408.93222560924
Hamilton-Rasmussen,1,26785.719905981525
"Brooks Gill and Phillips,",1,18640.755628043444
Alvarado-Lopez,1,4762.55925858157
Rogers-Carter,1,36948.02492569671
"Mendez Sanchez, Herrera and",1,19173.797501310328
"Jones, Zimmerman Ballard and",1,48194.8111717489
"Martin Neal Rasmussen, and",1,18833.1024883658
Byrd-Scott,1,29929.31131810327
Lutz-Navarro,1,23749.87931685584
"Parks, Aguirre and Simmons",1,14952.448250328383
Montgomery-Bell,1,31026.22678719589
Patton-Griffin,1,18500.167705034695
Daniel-Lane,1,23356.306227973822
"Berger Edwards and Carey,",1,5482.04258497542
"and Singh, Hall Nichols",1,6271.93918735599
"and Neal, Cook Garcia",1,7587.352936390286
Phillips-Bryan,1,28752.66051935137
"and Rodriguez Rogers Sanchez,",1,41500.391215981064
Young Sons and,1,39833.070406838764
"Thomas, Richardson and Jones",1,21820.933594597976
Sims PLC,1,46506.79469821374
Kim Ltd,1,35786.150487418585
"and Johnson Rodriguez, Nelson",1,29355.982793343657
Group Mendoza,1,38468.17446228637
"Paul and Moore, Rodriguez",1,25324.900564632684
Group Barrett,2,54577.994903056686
Cunningham-Deleon,1,46369.69328972313
"and Richards, Smith Brown",1,27733.794007373082
Group Lane,1,5729.090582230492
Duncan-Diaz,1,49647.64205686292
Cruz-Schultz,1,10324.261771874164
"Lutz Jackson Coffey, and",1,47005.48141046687
Harris-Owens,1,31404.305277599247
Sutton-Stanley,1,43157.24873376534
"Hutchinson and Armstrong, Weber",1,7341.848166129308
"Bush Boyd and Mcbride,",1,19415.409786712502
Ltd Cherry,1,4923.405472038284
Jennings-Gates,1,43341.506167738975
"Odom Smith, and Carson",1,17075.467592415018
"Miller Bauer Thomas, and",1,20139.027992598913
Robinson-Hodge,1,36464.41194082256
Gonzalez-Valdez,1,39720.09212556871
Good-Dean,1,47886.61128226937
Gonzalez-Patel,1,5010.170579358427
Thompson-White,1,13566.05754485704
Mitchell-Hoffman,1,26346.405141997977
Robertson-Gomez,1,37817.96475825387
"Smith Shields, and Clayton",1,2038.3368736510906
Coleman-Rodriguez,1,44894.649341203345
Cook and Sons,1,11548.903634706894
Steele-Holmes,1,7630.880897030707
"Conway Reese Campbell, and",1,34200.49399600208
"Cummings Hamilton, Browning and",1,15969.952707291792
Gibson-Howard,1,37800.12459206469
Wade-Cooper,1,20855.6988065365
Franklin-Horn,1,39195.24129656302
"Villa, and Gill Matthews",1,29182.274496906335
"and Walker Mcintosh Dickerson,",1,16484.475122002113
Roberson-Gallegos,1,42021.8628156902
Hall and Sons,1,25007.00245365199
"Smith Dominguez, and Harris",1,12191.06942141201
Chase-Oliver,1,13491.76203418829
Richardson and Sons,1,38606.48023986808
Martin-Mcdonald,1,11521.832594944552
Nelson-Stone,1,31571.11568669533
"Castillo, Suarez and Mcdonald",1,5680.753272136805
Pennington-Thomas,1,20900.568350693156
"Salinas and Parker Nelson,",1,41698.21699239252
Farrell-Zamora,1,29348.728169154605
"Walsh, Howell and Jennings",1,14405.939243142044
"Wilson, Ward Taylor and",1,8726.699006488327
Clark-Leon,1,22992.305851943063
Peters-Bentley,1,46237.975761230606
Weaver-Figueroa,1,18563.447617777707
Bruce-Preston,1,29270.435015011888
"and Lynch Rodriguez Clark,",1,39878.389434115335
Long-Jenkins,1,43673.7282637953
Sons Acosta and,1,41793.48329681632
Jimenez-Shaw,1,11001.998694363232
"Bishop, Wong Brown and",1,35127.93182761784
"Williams and Payne Burke,",1,20969.932657142268
Rojas-Rodriguez,1,40315.468991684495
Davis-Rivera,1,30721.126423224745
Henry-Osborne,1,24629.484564964627
"Kelley, Harris and Welch",1,5623.413068913845
"and Alvarez, Choi Jackson",1,9230.71903845287
Wyatt-Alexander,1,3389.445508853494
Payne LLC,4,76703.14241826607
Haas-Garner,1,10467.646842463502
Turner-Parker,1,34212.39190923436
Garcia PLC,8,277973.158151446
Schroeder-Hicks,1,44630.20908616433
"Brown, and Barnett Osborn",1,38220.21474833536
Hill-Wong,1,9665.98219074618
"Crawford, Robertson and Vance",1,50663.1290612258
"Silva Nguyen, and Hayes",1,46633.92085950772
Sullivan-Guzman,1,4551.660738596926
Jacobson-Potter,1,4284.12869080917
Watson-Davenport,1,12200.398835977201
Sons Jones and,2,81611.5510060052
"and Vazquez, Burns Smith",1,36443.23027606307
Meyers-Jenkins,1,38471.76940095221
Nguyen-Kennedy,1,39062.21898413038
PLC Austin,1,42344.62255720427
"Smith Harvey Wells, and",1,23840.31091664243
"Allen, and Parker Lynch",1,17077.983086516724
Ayers-Bowers,1,10487.865997908935
Burgess-Wiggins,1,28534.124922841613
"Green and Ray Allen,",1,2368.1123180966374
"Johnson, and Wood Brown",1,19906.500266046176
Pierce Inc,1,15058.63377368558
Sons Combs and,1,4109.403543410494
Sawyer-Hess,1,26529.60364832571
Walters-Walker,1,48439.72779981322
"Richardson, Reed and Butler",1,29425.90806592503
Duffy-Petersen,1,21121.04540629757
Campbell-White,1,4500.301672887987
Sharp-Ayers,1,23938.87409497493
Ltd Sanchez,2,52766.9628397867
Mayo LLC,1,24498.28768687613
Inc Morales,4,101774.53574339683
Crawford-Pennington,1,15808.504323597466
Gallegos-Scott,1,44934.88531253327
Sons Beasley and,1,4146.557337610208
"Castaneda Bailey and Garcia,",1,34135.559306771305
Duncan-Carter,1,16574.841510412294
and Jones Sons,5,134007.42172381002
"Smith, Phillips and Gentry",1,23778.267589374773
Ray PLC,1,34496.516958784414
Stark LLC,1,25550.981905145753
Jones-Henry,2,48484.723531267555
Roberts-West,1,32929.81760964563
Valdez-Rojas,1,1398.7706015202164
Ltd Higgins,3,57049.55998419841
and Fuller Sons,1,8277.669158857545
Lane-Moon,1,12707.405361578443
Neal PLC,1,49816.390249336706
Jones-Clark,1,5812.540609906651
Cole-Crawford,1,13888.485793381373
"and Adams Morgan Livingston,",1,16560.504364200806
Hall-Pearson,1,13942.040307416755
Key Ltd,1,22203.978304782857
Brown-Dixon,1,16516.01893228684
"Robinson, Lewis and Carroll",1,24599.95803402797
Gilmore-Richard,1,45722.15101605479
Hunter-Thompson,1,16828.337720518142
"Ray, Miles Christian and",1,14715.338324170109
Allen-Rice,1,26718.27261285043
"Dougherty Carpenter, Cooley and",1,42382.55247951629
Rollins-Mcguire,1,15802.1046968179
Gentry Ltd,1,38439.88654751507
"Booth Choi, Alexander and",1,36651.48724090104
"and Robinson, Chapman Salazar",1,46096.58934039531
PLC Payne,1,29172.717822811836
"Clark and King Harris,",1,24653.62966109919
PLC Sanchez,1,37778.789149240794
Webb-Smith,1,19321.984793824966
and Dominguez Sons,3,52573.180706219275
"Spencer, Zamora Sims and",1,32223.630957130114
"White, Davis and Velazquez",1,22351.267045253426
"and Brown Johnson, Jimenez",1,23868.393728858613
"and Arnold, Phillips Fox",1,48688.15400629827
"and Marshall, Kennedy Wilkinson",1,41016.40413835777
"Dunn Brown and Lopez,",1,8135.432421729414
Gallegos-Hartman,1,704.97107186828
"and Martinez, Mckinney Winters",1,20358.737025691837
"Duke Warren, and Copeland",1,49426.3815099965
"Hall Johnson and Webster,",1,39364.729090832836
Newman-Bishop,1,13836.154784481912
Inc Lucero,1,5877.331530614582
Cooper-Miller,1,21242.781380054454
"and Howard Carter, Hart",1,35843.44865952345
"Roberts and Bauer Summers,",1,43557.64000614601
Chambers-Thompson,1,26589.16326413887
Blanchard-Strickland,1,33101.46984805842
"Murphy, Lozano Morrison and",1,8997.783265439177
Taylor-Ortiz,1,48102.43190010415
Kline-Cooper,1,9034.786301230792
"and White, Stone Frank",1,13527.797685664946
"Rodriguez and Mcdonald Thomas,",1,26932.795271486473
"Gomez, Duncan and Chavez",1,2454.4527485291924
Carter-Diaz,1,40733.638517149375
Horton-Kane,1,4881.872511994063
White-Garrett,1,47749.73981779107
Snyder-Hodges,1,6562.595972490988
"Tucker and Villarreal Wells,",1,14282.961882515458
"Harper and Rojas, Santos",1,16839.109594113794
Bowen-Clark,1,19080.558461704833
Rodriguez-Montgomery,1,41917.504455629496
Hoover-Lee,1,41652.262833356785
"and Johnson Barnett, Ramsey",1,36114.78233995567
"Smith, Burton Cervantes and",1,38792.929604115285
LLC Phelps,1,31775.844002587855
"Nelson Walker Myers, and",1,6767.634396544945
Rosales-Sweeney,1,27361.249684806888
Riley PLC,1,9823.303432847175
Brown-Diaz,1,44008.05021162504
"Smith White, and Ryan",1,19650.001786591307
Group Santana,3,61222.92050933004
Roberts Inc,2,45663.37028226785
Lamb-Hansen,1,45177.87574226839
Malone Group,1,8063.3022073370175
and Martin Sons,1,23876.42341127353
"and Vargas Sampson Young,",1,15801.691418973578
Malone-Khan,1,44682.94052453203
Davis-Young,1,4543.004707969074
Mcbride-Park,1,22673.14869403134
Gonzalez PLC,2,33623.49462143026
"and Martin Olson, Hurst",1,6202.930897562807
"Burke, Evans Martinez and",1,37145.73338589414
Jennings-Smith,2,54724.199325985835
Glover PLC,2,81155.71091485108
Group Ford,2,62521.13078332602
"Estes, Logan and Smith",1,7526.90594717944
Gonzales Ltd,2,40623.093460404256
Kelly Inc,3,75895.25002377512
George-Vega,1,16373.874943829946
Inc Ellis,2,42153.1040899755
Ford-Robinson,1,50500.716688669236
Inc Ross,3,40231.56015712837
Duncan-Webb,1,45114.83558711223
Ltd Mccarty,1,41092.12647670139
Nielsen PLC,1,35531.564218660395
Leonard PLC,1,17118.58971098669
"Franklin Smith and Price,",1,2646.135488321118
Warren PLC,1,40939.02505849442
Beasley-Ellison,1,41572.38165807174
and Smith Sons,4,66773.27251673036
PLC Briggs,1,46158.84145515511
Hill LLC,4,64886.57587753051
Jacobs-Ford,1,9109.337859060846
Moran Inc,1,32807.91847729227
"Nguyen, and Monroe Gomez",1,34105.143571817316
Vang-Young,1,15459.353825217762
"and Whitaker, Alexander English",1,32269.73923663017
Conley-Haley,1,28376.853598247977
"and Chen, Wells Williams",1,41418.423683052744
"and York Reyes Day,",1,8046.092950297607
Hanna-Peterson,1,40091.48684219587
Mcgee-Lewis,1,47114.094649495775
Nichols-Garcia,2,71002.25554839075
"and Humphrey Rivera, Mcdonald",1,4012.0824444930695
PLC Nichols,1,30497.010358111947
"Ball, Parker and Summers",1,4516.738201811594
Miller-Cummings,1,36014.55281310507
Ray-Herrera,1,11701.398144922237
Smith-Lopez,2,49555.92214732676
Mcdaniel-Serrano,1,46238.62407681273
Bennett-Vazquez,1,33029.950488804265
Baker-Frank,1,8092.328380324847
"Olson Sanchez, Terrell and",1,37978.851034899766
Duke-Benton,1,34380.664740281034
"Gallegos, and Benson Sloan",1,24025.89665234385
"and Cooper Soto Mccullough,",1,6364.482520713409
Inc Warren,1,37018.450497321304
"and Ellis Stark Flores,",1,31263.5067366
Campbell-Mathews,1,49616.83924530655
Knapp-Ramirez,2,12334.644184312521
"Watkins and Watson, Cooper",1,24204.37635023524
Mann Ltd,2,56977.75872965859
"Anderson Ortiz, Freeman and",1,14276.567421715683
Molina-Hood,1,21508.342506278394
Collins-Hawkins,1,32038.552322683187
"Davis, Perkins Garza and",1,24802.180547639553
"Reed, Young and Mccormick",1,18350.66055721038
"Miller and Reynolds, Paul",1,36139.30704404218
"Gutierrez, and Simpson Brown",1,46523.28154029908
"and Walters Mcclure, Cox",1,30402.743908731834
"and Wood Sanders, Spencer",1,17014.974227982744
Diaz-Nichols,1,12402.407672793803
Chavez-Potts,1,1476.630619040161
"Snow Kim, Davidson and",1,26467.460348454988
Burton-Williams,1,28716.73190686137
Park Group,1,4846.717475650244
"and Poole Hernandez Pitts,",1,33202.51307059532
"Chavez Garner Williams, and",1,27806.55985687796
"Davis, Roberson and Benson",1,19523.637492235473
"Lopez Manning, and Howard",1,33479.288588644464
Taylor-Fernandez,1,11624.460327682993
"Collins, Nelson Owens and",1,22084.94324646234
"Young, and Krueger Mckinney",1,48682.974441219834
Briggs PLC,1,44907.078721661535
"and Chapman Farrell Wallace,",1,4726.171901496833
Odom-Vance,1,32809.78404911927
Lane-Cline,1,11798.700970417416
PLC Stein,2,28000.759905235092
Perez-Adams,1,5387.807067695664
Brown-Miller,1,31509.443100803768
Butler-Dunn,1,31118.019456524948
and Flores Sons,1,1709.05968429875
Martinez-Bailey,1,31513.875520848058
"and Mack, Garrett Grant",1,32687.648155814342
Williams-Morales,1,30699.212486534667
Harris-Santana,1,17852.506192998302
Walsh Ltd,1,50003.8704472391
Holland-Black,1,6727.690555683324
Silva-Rodriguez,1,3277.0474139871076
Charles-White,1,44016.527979666374
Rodriguez-Goodman,1,6730.53439051768
"Dudley, and Guerra Becker",1,18252.64871796094
Clark Ltd,1,9121.169289915613
Patterson Ltd,1,46783.24832393259
"Richardson and Ballard Foster,",1,28262.954828582133
Franklin-Garcia,1,44020.89273790726
"and Snyder, Whitaker Preston",1,23546.644722420282
and Kelley Sons,1,1725.8261514207177
Wade-Smith,1,19464.21432372349
Reed-Hernandez,1,46615.97871296804
Valdez-Shelton,1,3947.8030092297518
Carter-Morrow,1,38524.20890967692
Ltd Conrad,1,1589.50352318586
Young Ltd,5,95048.40377112426
Mcdaniel-Castaneda,1,43866.65847598296
"and Graham Morris, Gonzales",1,15327.742159513227
"Haynes Miller, and Gray",1,36541.89485493517
"Holland, Daniels Brennan and",1,22014.56050630606
Inc Swanson,3,83607.2826981412
PLC Trujillo,2,39686.32958281637
Sons and Olson,1,27100.222471486784
Vazquez and Sons,1,15563.56601798877
Stark-Walker,1,43262.89434820015
"Perry Bryant, Byrd and",1,43147.69163714837
Sons Cox and,3,100374.3665530446
Inc Edwards,3,90970.11046571156
Greene-Garrett,1,11702.119983326233
"Cooper Gomez, and Simmons",1,28518.428021042633
"and Gonzalez Smith, Arnold",1,38026.85302119365
Koch-Simpson,1,8927.66555282264
"and Ramirez Richards, Lyons",1,23079.885703635257
Moore-Brewer,1,29330.124536901432
"Richard and Williams, Robles",1,14424.2393735
Gillespie-Scott,1,16679.494005049582
PLC Parks,1,26330.019298241943
Ltd Golden,1,23268.58100214749
Diaz-Huff,1,14092.509106576117
Moss PLC,2,62191.12910839006
Figueroa-Rogers,1,3269.9204217921956
"Weber, and Garcia Young",1,25656.93245816412
and Sons Thompson,2,13187.398992351318
Inc Cantu,1,11111.322825056008
Mason-Krause,1,22210.079894420596
"and Bailey Sawyer, Weiss",1,4508.969057358538
"Miles, Perkins and White",1,27625.343472636636
"Lynch Cole, and Johnson",1,10411.029234364305
Banks-West,1,7210.802232289865
Henson-Morris,1,40511.856567417875
"Ward Diaz, and Donaldson",1,19057.457769423934
Rodriguez-Ali,1,23065.354750801598
"Daniels and Best Shaffer,",1,29967.93474149469
"and Sullivan, Anderson Hayes",1,37885.0773240639
Ward Ltd,3,115202.22761714694
"Anderson, Johnson George and",1,46975.23837992867
PLC Barnett,1,4802.691879536595
Graham-Jones,2,44169.12652711928
Brown-Hanson,1,25497.376556441104
"Brown Fernandez and Fox,",1,17144.047843989272
"Carrillo Castillo, and Taylor",1,46470.08748024574
"Wiley Elliott and Ellis,",1,26812.92062345537
"Morris Robinson and Manning,",1,4613.639790878749
"and Gonzalez, Thomas Cooper",1,35453.267636522956
Robinson-Smith,2,57589.238694620646
LLC Rowe,1,28903.40876996903
"and Holloway Davis, Winters",1,12705.139127736975
Group Mueller,1,28479.883891556456
"Novak, Smith and Graves",1,34398.487592931066
Dixon and Sons,2,73207.2132944698
Murphy-Bailey,2,33548.3009102799
Group Velez,2,52778.30983777641
"and Blair, Powell Kramer",1,8518.247816006355
Porter LLC,2,60501.94557985915
"Taylor Murphy, Gibson and",1,1028.8247294413945
"Munoz and Lewis Smith,",1,28029.991080409378
Klein LLC,2,28892.4206625565
"Perez and Arnold Lewis,",1,43757.41673721978
Higgins LLC,1,34754.060114182714
Watson-Johnson,1,25751.644025897887
LLC Morrison,1,24042.673517773394
"Gibson and Palmer Garcia,",1,44466.658460266706
"Guerrero Ward Lopez, and",1,3112.9848160122074
"Sanders Ortiz Higgins, and",1,17861.364719703015
"Krueger Manning Santiago, and",1,39382.43224932869
"Glover and Marshall Carpenter,",1,14086.010022399572
Washington-Martinez,1,19367.64320071898
Douglas-Hicks,1,45535.244098171854
"Diaz Coleman, Gray and",1,27339.93274591158
"and Hudson Le, Carter",1,46465.41032403738
"Ramsey and Mccarthy Cox,",1,41502.27524283903
"Lloyd Smith and Miller,",1,3811.065122415558
Joseph-Mack,1,28644.135868103873
"York Turner, Harrison and",1,45329.19390363186
Douglas-Brown,1,21998.19423369873
"Fitzgerald, Elliott and Lawson",1,46163.611647173384
"and Massey Grant, Vega",1,19559.01218787523
Foster-Brooks,1,27943.23172158783
"and Mendoza Mathews, Holloway",1,44640.43049505784
Stewart-Lane,1,7106.881884026492
Group Mitchell,2,71832.25542203213
"Bell Parrish, and Reeves",1,6970.550060551552
"Grimes and Turner Turner,",1,24362.974466878404
"Flores and Sims, Smith",1,37180.62128790118
Gomez-Browning,1,10074.166472548259
"Anderson and Giles Johnson,",1,1640.896628784717
Inc Armstrong,1,3941.0977514848128
"Calhoun Ewing, and Morris",1,17349.646108682122
Lambert Group,2,49970.104584158544
Lara-Mitchell,1,4554.538596024385
Baker-Bauer,1,1641.7432949548768
"and Lopez Phillips, Mason",1,36100.46734782897
"Mccarty, Mcbride and Ruiz",1,39368.406457970814
Hebert-Hoffman,1,49469.955876987595
"Hogan Jones, Jenkins and",1,13822.733939842865
Brady Sons and,1,23437.74768252254
Sosa-Evans,1,20384.410524217303
Adams-Harrington,1,51055.70560747612
White-Decker,1,15816.017646513665
Johnson-Bautista,1,16357.748645910106
Barrett-Stark,1,10358.35014849254
Brown-Lee,1,27828.73609440668
Hill-Thomas,1,4056.7500141799746
"Johnson, Valenzuela and Wood",1,42556.24982110511
Duncan Ltd,1,2462.6151477480626
Gomez Group,2,22164.66551738827
"Arellano and Davis, Woodward",1,19320.102019300142
"Schmidt, Lewis Miller and",1,45015.52792637199
Parker-Lopez,1,13464.069173346761
Stewart-Garcia,1,14746.397631086531
Reese-Murphy,1,11739.958654725964
Allen-Wallace,1,586.5535687554365
Group Aguilar,1,6701.760584847749
Quinn-Sanchez,1,42934.16583702486
Maxwell-Edwards,1,24101.24471589199
"Mason Freeman and Gray,",1,47054.41002653471
and Sons Martin,1,37068.435538269274
"Harrison and Erickson, Barnett",1,14171.989713082823
"Riley, Grimes Ruiz and",1,5823.048061307117
"and Montes Marshall Valdez,",1,6035.458068543179
Collins Sons and,1,11884.327927805494
and Johnson Sons,4,121832.12825317828
"Porter, Woods Miller and",1,37053.67374846308
Inc Robinson,5,164212.3544489252
"Wright Miller Gonzalez, and",1,31269.477608096837
"Harris Jackson Pearson, and",1,47408.57771839778
LLC Kerr,1,38842.278694480236
Nguyen-White,1,44706.97823967963
Haley PLC,2,48451.57952442372
"and King Greene Lang,",1,21761.02543499251
"Taylor Cooper, Stewart and",1,2999.148972204736
"Montes Case and Mendez,",1,10602.077185418817
"Peterson May Henry, and",1,29473.651707337496
LLC Jones,8,248322.433562987
Romero-Murphy,1,4468.6422623501285
"Fuentes, and Morales Ramsey",1,14488.761072479143
Lynn-Garcia,1,44937.49327951392
Brown-Smith,4,118744.51322105335
"Callahan, and Horton Kramer",1,41630.55238002305
"Morgan, Lewis Collins and",1,49186.56996635825
Jimenez Inc,1,34122.53703068372
Campbell-Church,1,1348.2907590094676
Moore Ltd,7,236682.58323147014
"Riley Montgomery Campbell, and",1,10445.054777343892
"Merritt, Lopez and Jones",1,30109.925557178998
"Thompson Morales, and Clark",1,34892.54138359432
Inc Hughes,2,59459.49134793028
Stevenson LLC,4,116217.50439799445
Hardin-Bennett,1,28989.9014075151
"Garner, and King Smith",1,41738.70742935922
LLC Drake,1,29560.221565136657
"Gates and Davis, Thomas",1,31625.944253486294
Harper LLC,1,46811.9663098149
Lucero-Smith,1,2343.7985812893367
"and Cortez Armstrong, Diaz",1,8899.057294632768
Inc Morrow,3,114483.1196064367
"James and Shepherd, Horton",1,44182.338812446986
Schultz-Smith,1,33164.280378401025
"and Gordon, Wilkins Gardner",1,34480.12006995782
Miller-Stanley,1,19724.900951286585
Carlson-Carter,1,16596.34205643122
"Knight Mcbride, and Palmer",1,36578.193204075425
"Ballard, Baker and Cross",1,7215.008406747322
Bailey-Vaughn,1,18100.433078296373
"Conway Harper, and Ochoa",1,18483.05050746876
Hernandez-Bowman,1,42211.69309065582
"Wall Hunter, Brooks and",1,21365.80697572851
Adkins Group,1,7361.438124217134
Ltd Larsen,1,18884.95968330217
Cisneros-Randolph,1,42783.313035082036
Miles-Lee,1,40598.752403979786
and Sons Pierce,1,46509.330170914145
Ramos-Pacheco,1,19537.613893194535
PLC Grimes,1,20396.095773442903
"Hays Martinez, Ball and",1,5197.779473890836
Sullivan-Holloway,1,46904.9631603492
Gill-Fuller,1,14529.616187877333
"and Durham Jones, Flores",1,34520.4878823705
Carson-Villanueva,1,42196.8271389169
"Lopez and Colon, Garza",1,25537.18121666956
Mayo-Burnett,1,5239.848806015072
Cox Ltd,1,48191.03145076493
Russell-Gardner,1,42570.08781609065
Ross-Gonzalez,1,49295.43414384813
Meyer-Greer,1,2231.372280758469
Hartman-Kemp,1,31003.489996206074
Cameron-Alexander,1,48258.31215516783
"Smith, Salazar and Webb",1,16654.03738205746
Mcdaniel-Gonzalez,1,37911.14970519563
"Thomas Ferguson Juarez, and",1,17151.06046402974
Simmons-Torres,1,10514.417043213409
"White Evans, and Grant",1,14667.752843099704
Villarreal-Cruz,1,21168.530336516047
"Stevens, Bennett Lewis and",1,50099.25950271327
Edwards-Austin,1,14479.718290902398
Dennis Group,1,37680.99695886044
"and Brown Anderson, Moyer",1,14343.346724164005
Kim-Wong,1,19811.748226091102
"Hammond and Kelley Williams,",1,45854.43821244349
Jones-Banks,1,33832.752794736865
Sons and Larsen,1,43916.83661513621
Conrad-Wiley,1,22466.022050962027
"Bates, Cabrera Cooper and",1,39795.73552107032
"Shah and Craig, Huynh",1,14488.956170885951
"Jimenez Collins and Wilson,",1,25054.385716677036
Murphy-Hays,1,34904.23721492998
"and Patterson Kidd Kennedy,",1,46230.12815020592
Gregory-Allen,1,36903.348334436865
"Frazier, Elliott White and",1,6453.767785471198
Melton PLC,1,28346.87656676313
"Thornton, and Winters Mccarthy",1,9813.26245185601
Sons and Mccullough,1,1504.908619737278
Richmond-Taylor,1,20839.850236256265
Inc Beck,2,46930.147124944924
Guzman-Parrish,1,42748.46068324235
Sons and Hunt,1,36137.02707948647
Obrien-Wood,1,21922.34198746088
"Edwards, Mcclure and Conner",1,24513.08477839341
"Wong, Neal Miller and",1,38146.489776761635
Padilla-Flores,1,19472.42472211832
Sanchez-Smith,1,12952.479818579106
Newman-Wiggins,1,34083.47882036644
Murray-Irwin,1,20580.07903989115
"Wells and Huffman, Newman",1,2138.676336353522
Sanchez-Nelson,1,50407.50376484125
Ward-Williams,1,27457.668822917167
"and Miranda Pacheco, Drake",1,22734.456963173536
"Larson, and Barber Mckenzie",1,22560.30495436809
Jackson-Kennedy,1,3804.699231477885
Brandt-Marsh,1,34858.176872163895
"Sanchez and Patel, Hicks",1,30468.186797108625
Hammond-Austin,1,47379.16668434419
Pena LLC,1,16625.280104020414
Reid-Rangel,1,8303.079987916568
"Swanson Miles Hayes, and",1,46635.300395403145
Whitehead-Bailey,1,38923.23348195087
"Hart Rogers Myers, and",1,25088.945098284697
and Sons Bishop,1,42497.1833688294
"Harris, and Lane Wagner",1,15660.781979012638
"Smith and Hartman, Hughes",1,3834.539152399881
"Briggs and Becker, Wilkins",1,18205.102219043434
"Butler Banks, Wolfe and",1,8787.720482871222
"and Hughes Castillo, Rodgers",1,28166.712162183885
"Bauer Camacho, Keith and",1,40537.65553126179
"Carter Stephens Johnson, and",1,32574.144763009994
"Turner Cook, Banks and",1,19328.118579079928
Mckinney-Edwards,1,42959.29981431829
"and Park, Garcia Lam",1,27091.86037319376
Fox-Singleton,1,47624.24846240759
Campbell-Ryan,1,36841.600610949434
Inc Wyatt,2,35762.02214113914
Henderson Inc,2,14244.946260363311
Rodriguez-Beck,1,44253.719854882394
Patterson-Barber,1,44577.89573899141
Blanchard-Adams,1,24883.022216203084
"Webb Daniel, Turner and",1,13564.71654634586
"Thomas Jones and Hill,",1,31914.0535992362
PLC Zamora,2,40226.01465547509
Mays Inc,1,6787.941807807727
Baker-Pineda,1,38856.18384043663
"Jones Walters Cannon, and",1,6328.078348600556
Jordan Group,3,79245.69995895341
Martin-Schmidt,1,39384.154948357405
Greer-Rodriguez,1,15592.46452684666
"Edwards Conway and Carey,",1,33930.33994867763
"Bowman, Lee and Avila",1,46244.60346036471
"Wagner, Graham and Russell",1,47989.89820045119
Beck-Bell,1,31594.457662047414
Hurst-Lewis,1,12392.526565483495
Stanley-Bryant,1,10696.431174655994
"and Sherman Mack, Wallace",1,10763.795568368972
"Ashley and Diaz, Cameron",1,41138.42690844028
"Doyle, Gonzales and Benjamin",1,41005.7209038074
"Banks Gordon and Browning,",1,30506.93572374114
"Soto Barrett, and Curry",1,22579.40476963534
Silva-Obrien,1,3060.8588029046928
"Miller, and Huber Archer",1,29027.502366072593
Porter-Collins,1,13984.222726699181
Inc Fisher,2,28170.52024186717
Padilla PLC,2,54549.37221468107
Ltd Suarez,1,7175.312918013531
Parrish Ltd,3,68980.44008348415
"and Eaton, Johnson Aguirre",1,6773.09098459071
"Johnson Hernandez, Camacho and",1,13918.551283284241
"Jones Clark, White and",1,12242.648132622304
"Snyder Wilson, and Spencer",1,31384.357704710645
Inc Cross,2,34660.61548389508
Inc Burgess,1,23206.120612337167
and Sons Mills,1,26046.5607309875
Allen-Byrd,1,7980.41021938764
Allen-Duran,1,24712.638567467606
Gonzalez-Mendoza,1,24980.2555916207
"and Wong, Young Rodriguez",1,11395.197707581015
"Hatfield and Gibson Harris,",1,29514.55535691612
"Terry Murphy Oliver, and",1,5507.2263858541955
"Hale, Lowe Gates and",1,2519.521259276017
Jones-Figueroa,1,50060.724676147525
Ortiz Group,2,61502.09160345012
Nguyen-Perry,1,18165.79060355961
"and Jones Sherman, Miller",1,38242.48652419889
"Jones, and Hampton Williams",1,9500.003309028134
Cross-Haynes,1,3744.6305484071927
Herrera-Meadows,1,11225.436555789986
"Graves, Davis and Jefferson",1,22306.954135417287
"Valdez, Brown Smith and",1,33518.03070429581
"and Bishop Ellison, Rivera",1,36616.1668959951
Stone-Henry,1,47484.58206909455
Group Mckay,1,15167.444801947437
Henson-Gomez,1,31181.283620061073
Donovan-Johnson,2,43156.50605744598
"Sanders, and Singleton Black",1,4329.021732409887
"Russell and Simmons Larson,",1,35968.879663744476
"Pierce and Bailey Jackson,",1,17476.10610877762
Hall Ltd,1,35310.59846135205
PLC Mcbride,1,30164.15722986307
Inc Rojas,1,21709.503373036758
Ltd Tyler,1,5302.162677740327
Mcgee and Sons,1,41149.31868881624
Nelson-Gomez,1,13039.908145540183
Holloway-Mcintyre,1,31177.331826364494
Hodge-Mitchell,1,45169.43979142197
"Beard and Pham Williams,",1,20613.199213334283
Roth-Orr,1,27892.156646470426
LLC Rice,1,37163.05088520261
"Garcia Johnson and Nelson,",1,36915.69410587452
Anderson-Grimes,1,16992.329482269586
Odom-Porter,1,12536.387100052521
Molina LLC,1,11209.09589123914
Newton-Navarro,1,37749.95657567787
Group Carroll,1,50088.6042983357
Thompson-Harper,1,36126.9053266708
"and Garcia, Mccall Fox",1,31553.826456642146
Stephens-Diaz,1,14338.830775409055
"Simon Fields and Garcia,",1,25070.322105211384
"Singh, Cook Meyers and",1,45797.215510541595
"Scott Hill, and Price",1,20853.80716878807
"Patterson Barnett and Sanders,",1,43504.34526449658
Ltd Stanton,2,54443.88170453723
Brown-Mueller,1,9618.354504439654
Allen-Bond,1,4676.292278810419
White-Miller,1,36283.17620629877
LLC Quinn,1,27022.77921555712
Smith-Barnett,1,14950.575922689335
"and Huang Schwartz Jones,",1,18198.935248808364
Herrera-Chandler,1,44257.1074890839
PLC Yates,1,40117.2358127442
"Howe, and Watson Wilson",1,10751.990871425605
Adams-Hicks,1,31803.71743438902
Green-Berry,1,42945.495381901535
"Lindsey and Murphy, Jensen",1,19129.81880462541
"Mcdonald King Blackburn, and",1,27066.975890585636
"Barton and Tanner, White",1,23474.620577353548
"Wallace, and Diaz Burns",1,40504.69573315181
Shah-Fields,1,43112.17492777682
"and Hill Page Williams,",1,44993.411625223176
Goodwin-Hartman,1,35386.63887098082
Young-Washington,1,49332.58295374055
Wallace-Powers,1,45072.609678977635
"Erickson, Obrien Ford and",1,19082.421739042213
Mason-Bell,1,22185.005341010336
"and Wright Lopez, Lopez",1,29539.793077059672
"and Ford Lee, Rodriguez",1,13355.782085480903
Hernandez-Green,1,47242.224297681045
Group Scott,4,111515.79882122084
Craig-Garcia,1,15367.411315522833
Ltd Howard,1,6848.130427196583
Fisher Inc,1,3903.7562434997735
"Galvan, Lopez Salazar and",1,21862.056357079877
"Hall and Montgomery King,",1,39053.04522697317
Johnson-Dodson,1,43296.339676877156
Evans Inc,4,60459.13190595039
Newton-Jones,1,48272.91886867408
"Burton and Curry, Parker",1,7459.099357431387
Gonzales-Snyder,1,9274.886465026186
Henry Inc,5,136453.0424496036
"Martinez, Sullivan Bowers and",1,21009.20153321011
Cervantes-Cooper,1,44045.05128488565
Richardson-Bryant,1,39004.16978134314
Walker-Wu,1,33057.65970023013
Ltd Shelton,1,7161.519187107447
"Mcgee Nguyen, and Hatfield",1,34257.894852998674
Inc Wood,4,81687.30887035365
Inc Barnes,3,54121.93556647895
Inc Gutierrez,3,46242.29183293531
"Price Duarte and Ferguson,",1,36600.13636543605
Thompson Sons and,5,89757.33831936342
Peters-Warner,1,8051.294083335075
"Townsend Ramos Hughes, and",1,10366.87219932954
"Perry Michael, Hanna and",1,16773.137583664462
"Bailey, Vasquez and Robinson",1,41026.715596896895
Miller-Miller,1,7772.372994024249
Group Little,3,55500.90523708954
"Harper Jackson Jordan, and",1,38005.43352898776
Harris-Benitez,1,43720.59285686168
LLC Carey,1,34123.90112927321
LLC Mccarty,1,35509.36948181284
"Cole Alvarez, Johnson and",1,34590.48329148223
"Church, Ochoa and Johnson",1,41676.963951211066
"Franklin, Dickerson and Logan",1,43221.59996628002
Ramirez-Santiago,1,6083.1216526728795
and Sons Gomez,2,35168.99100164677
Glover-Wilson,1,27264.065379020816
Group Jenkins,1,26874.66444543646
"and Gonzales Rocha, White",1,31617.95708557803
"Martinez Diaz and Ballard,",1,12000.867320849295
Petersen and Sons,1,34173.23901668816
Lewis-Morales,2,18530.60533735324
Eaton-Lara,1,2637.524555867526
Cummings-Gross,1,49213.4501903269
Mullins-Nichols,1,47005.29482302416
Floyd Inc,1,45017.62780251512
"Scott Campos, and Harris",1,45770.7246710191
Inc Mendoza,2,34869.72476031742
"Barnett, and Kelly Klein",1,2988.1617782332105
Nelson-Ayers,1,11196.986215654793
"Riley, Williams and Lewis",1,31903.289298701835
Ltd Flowers,1,28816.442445092154
"Cooke, Berry Khan and",1,42431.35220189322
PLC Walker,2,43941.03588212465
Schaefer Ltd,1,24449.188535323545
Ward Group,3,31234.984909429484
Kelley-Hernandez,1,23112.04378203239
Allen-Nguyen,1,32923.6902858936
Gutierrez-Roberts,1,28194.159408113064
Reynolds-Weiss,1,22365.52211420202
"Johnson, Kane Johnson and",1,35538.508474727794
"and Lam, Davis Thompson",1,8721.879388822656
"Walker and Wheeler, Duncan",1,18849.078080694442
LLC Harrell,1,21784.350425367866
"and Atkins Hayden Hopkins,",1,22084.081777469506
"Sullivan Sanders, Dougherty and",1,29299.824392262482
"Reed, Coleman and Wyatt",1,6916.734877498946
"and Delgado Lopez, Daniels",1,6862.454945579602
West Ltd,1,9224.743121627493
Rivas-Serrano,1,9957.002797706478
Gordon Ltd,1,50189.79841746921
"and Davis, Walker Archer",1,9800.259636800793
"Serrano and Edwards Fuentes,",1,49391.65912671409
Richards-Clark,1,14875.669491906674
"Wilson Olsen, Reeves and",1,13852.443400195745
Williamson-Taylor,1,37580.48356923941
Flores-Flowers,1,35173.96750198846
Lowe-Wright,1,45601.6910055853
"Ramirez Moreno and Bauer,",1,19818.67461593521
"Marquez Nelson, and Blake",1,33927.866714236035
Garner-Miles,1,3190.573494035205
Mcdonald Group,1,32517.36511410524
"Costa, Jones and Chavez",1,39123.506048207084
Sons and Sims,1,16286.492857067966
Collins-Jacobs,1,20912.469803551412
Novak-Hodge,1,17906.90975584533
PLC Ramirez,1,38908.026142403134
Paul-Petty,1,47345.77490248986
Anderson-Higgins,1,14763.849587521636
Barrett-Johnson,1,6524.597766018861
Riley-Smith,1,44671.5016540375
"Scott Martinez, and Ochoa",1,42197.84792752516
LLC Chase,1,47565.27914611674
Smith-Johnston,1,26458.861165446106
"Scott, Davis and Andrews",1,36128.25093954091
"Malone Simmons and Collins,",1,10451.162518664558
Le PLC,1,40508.53034352947
Shaffer-Harris,1,35476.48365797333
"Jenkins, Sanchez Patterson and",1,43438.67019286477
PLC James,1,21205.739894109927
Hampton-Jennings,1,32598.734565858533
Morse-Prince,1,12717.723898351582
Pennington-Murray,1,35294.6041894263
Sims Group,1,35410.11697887164
Inc Vargas,1,10172.01151262267
"Taylor, and Reilly Gillespie",1,4408.448898849715
Snyder-Parsons,1,19649.859721052562
"Brown Jones, and Smith",1,45801.00350363212
and Sons Burns,1,-577.7291067117392
Bailey-Jones,1,41237.17259617595
Lee-Dawson,1,23723.598581809176
"and Lawson Meyer Armstrong,",1,24522.51181314708
"Lucas and Gray Herrera,",1,22519.10488022339
"Davenport Lucero, Brooks and",1,19991.628952043116
Ward-Wilson,1,31069.808257794204
Young-Odom,1,49738.52718695849
"Washington, Juarez and Smith",1,24973.31047814744
"and Johnson Hobbs Owens,",1,36238.576849333396
Murphy-Mason,1,19261.510849833132
Ltd Rogers,2,50781.20017864762
"Lloyd Scott, and Reese",1,10363.668930673079
and Sons Tucker,1,28978.374000624382
PLC Gaines,2,81442.86095625929
"Collins Woodward Martinez, and",1,26023.361305215163
Edwards PLC,3,69626.137272355
Inc Jackson,8,205797.05875589844
Clark Inc,5,116925.39911885293
Wall-Weaver,1,25773.32823641777
"Hart and Winters, Giles",1,34517.82046889444
Barnes-Floyd,1,8807.925463922136
"Murray, Guzman and James",1,46052.96503154647
Valdez-White,1,40124.45379160247
Dickerson-Palmer,1,30620.366836394827
"Wells, Schroeder Ramirez and",1,32605.52948939175
"Acevedo and Lewis Barker,",1,4867.313341198163
"Barrera, Lynch and Austin",1,41453.86726220532
LLC Sloan,1,4849.375795561168
Murphy LLC,5,135025.65107473952
Hutchinson LLC,1,39641.62668714582
Hancock-Hernandez,1,38502.18207195292
Horton-Roberts,1,18325.94277530279
Hernandez-Freeman,1,14783.102287224045
"Nguyen Baker Walker, and",1,45077.89708659105
"Hill, Norris Montgomery and",1,24199.96960372091
"Barber, Rojas Carlson and",1,19147.981419945045
"and Burch White, Jackson",1,17689.764787066317
Jackson-Kim,1,42696.06444080248
Young-Perez,1,3712.404991598673
Cole-Morgan,1,35664.69376599373
"Morgan and Willis, Goodwin",1,11717.9946066493
Ltd Hatfield,1,34296.909325931934
"Clark Holder, Perry and",1,19600.259177659686
"and Jensen Torres, Kim",1,11748.768221632516
"Rice, Ruiz Barton and",1,47770.59034669554
"Tanner Green Arnold, and",1,21108.632923512705
"Butler and Butler Andrews,",1,25511.333967678416
Rios-Gibbs,1,43181.78603839153
Robertson-Johnson,1,11017.443523377187
"Holland, and Davenport Reyes",1,49562.85750190846
Inc Maldonado,1,9483.215849604698
"Martinez, Robertson Miller and",1,10210.756807373198
Khan-Lewis,1,27267.722860540187
LLC Kennedy,1,8489.815813325247
"Flores, Davis and Roberts",1,5966.127783515068
Sons Johnson and,4,119418.71084107409
Holland-Martinez,1,1463.2562429663124
"and Brandt Black, Wolfe",1,13148.044917812418
"Singleton, Hernandez Garza and",1,48085.42792720862
Nelson LLC,2,6316.512726633287
Rodriguez-Martinez,1,27193.443813817546
"Le, Harper and Daniel",1,18620.298159305596
Randolph-Reyes,1,34872.90635123937
"Clark Wolf, Jenkins and",1,28751.394296561433
"Everett, Perry and Edwards",1,13723.438568820802
Ross-Sullivan,1,27680.225735762837
Sons and Rollins,1,22494.857065093132
"Stewart and Rhodes, Edwards",1,10868.557352659402
Williams-Mason,1,14653.006440955563
Dorsey-Parker,1,36812.0452300561
"Morales Lewis, Robinson and",1,42909.63694107719
Robbins-Davis,1,23888.053839897297
"Thompson, Sanchez and Craig",1,38723.46960286285
"Yang, and Clark Bryant",1,40302.6041381578
PLC Schneider,1,7973.937103515987
Ltd Floyd,2,46519.88714228481
LLC Meyer,2,50873.71462786939
Leon PLC,1,28051.446793966494
Cochran-Butler,1,41670.68386015629
"and Martin, Jones Moody",1,42622.676521471
Morrow LLC,2,13702.771938761023
Gonzalez-Weber,1,27725.328568954457
"Smith, Rowe and Schmidt",1,22907.004972898805
Sanders Group,1,32557.396219686652
"Whitney Owens, Torres and",1,11998.532574949595
"and Taylor, Ramirez Bray",1,16461.537337077665
Brown-Deleon,1,3728.2536715732613
Levine-Cook,1,45643.934175851115
"Ferguson, Black and Smith",1,22909.465480892537
"and Johnson Campbell Castro,",1,6445.853442108736
Mcconnell-Hill,1,43107.33026401207
"Gallagher, and Ward Thomas",1,40827.28010073015
"Hughes Green, Case and",1,30311.447135511145
"Pierce Hamilton and Gregory,",1,35158.3032391189
Avila LLC,1,35634.07062941833
"Rasmussen, and Roberts Collins",1,16630.432970998718
"Chavez Hull, and Garcia",1,2118.844078746792
Davidson-Wade,1,36306.652119575585
Guzman PLC,2,42368.00565361831
Brooks-Hudson,1,19086.666422204475
Lutz-Hurley,1,2888.90762682052
"and Young Malone Doyle,",1,31698.83334036016
Ltd Middleton,1,26910.593631169475
Coffey-Barrett,1,13098.170570465876
PLC Benjamin,1,39840.87024920645
Holland-Adams,1,42776.48784319693
"Kim Garner and Mckay,",1,22038.179974053503
"and Richard White, Sullivan",1,30152.118106412374
"Luna Flowers, and Marsh",1,6669.0267823129125
Brock-Cunningham,1,14085.262121401245
Ltd White,2,62965.20053462326
"Fuentes Werner, Neal and",1,2416.394589748107
Berger-Wood,1,5925.7415226136045
"Burton Robertson, Wilson and",1,28460.595368291433
"Woods Shaw, Arnold and",1,22281.911495209024
Rasmussen Inc,1,10526.189534981757
Taylor-Burton,1,43471.94118312306
"Fowler and Grant Thomas,",1,40254.06095311497
"Medina Gross Terrell, and",1,40125.20432731014
"Stone and Winters, Roberts",1,29893.412192470732
Moore-Pineda,1,30752.210413467677
Martin-Gonzalez,1,38671.850260041225
"Mclaughlin and Brown, Haney",1,36218.93974542632
Wagner-Cain,1,36383.73776344226
"Thomas and Evans Miller,",1,5989.614327731045
Bennett-Williams,1,48228.41251079432
"Murillo and Coleman, Barrett",1,46605.88045950269
Wiggins LLC,1,44522.842293068585
Wilson-Joseph,1,23880.350922304904
"Curtis and Ayala, Gould",1,40822.80484797202
Jones-Duffy,1,44291.72632992751
"and Brown Fisher Blair,",1,23372.60211202692
Clark-Henry,1,11590.661562298852
Rhodes-Taylor,1,30461.03108279215
"Green, Donaldson Miller and",1,46156.129114620744
Cervantes-Wells,1,24499.847903736576
Myers-Monroe,1,39615.60065570468
Group Thompson,6,155714.27055495646
Schaefer-Hoffman,1,40309.277423601096
Nelson-Wong,1,10311.936172730693
"Smith and Foster Cooper,",1,12004.404755392032
"and Nelson Blake, Gutierrez",1,38101.625596836326
LLC Fletcher,1,8194.526805195032
and Sons Lewis,3,79642.44118254392
"Woodard, and Martin Baker",1,36080.329470378514
"and Montgomery Day Pierce,",1,34468.359636655216
Johnson-Banks,1,17933.84160991233
Hughes Ltd,3,63676.82807419394
"Young Baker, Frank and",1,19493.420089880157
"Miller, Foster and Evans",1,14646.719852632452
"and Jones Phillips Garner,",1,43655.03005252799
Banks-Smith,1,40213.1568055079
"Bell Henry, Russell and",1,34947.94285547829
Hamilton-Dudley,1,19523.853571694846
"Lee, Miller Lynch and",1,21872.22703561034
Sims-Smith,1,11732.82661705814
"Smith, Lowe Valenzuela and",1,19163.386669448024
"Miller Taylor and Davis,",1,47157.46115429864
Durham-Reilly,1,48276.44663901325
Sweeney-Robertson,1,3254.3944346275644
Martin Sons and,1,49630.67477990622
Montoya-Gonzales,1,37916.01336202275
Cervantes-Williams,1,33451.04893113954
"and Adams Brown, Fuller",1,11235.251482319522
Sullivan-Lewis,1,2620.845932035569
Hooper-Holt,1,22983.565240987216
"Wade, and Kane Brooks",1,1347.5439507789433
Simpson-Travis,1,23420.52744308031
"Jackson and Rivera Morris,",1,26093.466106782256
"Holland Murphy, Rodriguez and",1,26758.5672196736
"Wheeler Vasquez, Munoz and",1,44210.837846181545
Chavez-Marshall,1,37351.824786699406
Lindsey-Coleman,1,4332.660927361595
Henry-Wise,1,41331.50591560409
Conley-Williamson,1,13443.43580340561
"and Rivera, White Manning",1,16046.287251682255
Phelps-Foster,1,5758.323123606974
Cox PLC,2,48460.62333925797
Russell-Wright,1,3052.1359391923056
Melendez-Garcia,1,7882.358018205716
"Carter and Jennings, Carter",1,6541.4256904044705
Benjamin PLC,2,47010.11378320211
LLC Marshall,3,66154.08638011405
"Everett Hoover Brown, and",1,9404.773343759229
"Santiago, Walters and Bailey",1,22510.008105688306
Ruiz-Gomez,1,5608.4287572927915
Pierce-Vazquez,1,46362.996025862994
Carter-Hill,1,37312.89089488044
Webb-Davis,1,31482.182400093738
George PLC,3,61025.10529913813
Clark-Hart,1,29428.509490513323
Hutchinson Sons and,1,32011.284750308118
Armstrong Inc,1,9522.12762287297
Nguyen Sons and,1,46152.83156509112
LLC Elliott,1,30781.284599240997
Inc Waters,2,48330.32317437992
"Carpenter Marshall, and Washington",1,33324.415559403205
"Stanley, and Acosta Noble",1,48780.25856943639
Duke-Ho,1,21224.81968549069
"Watson Clark Pace, and",1,13760.783495755062
Ltd Wilcox,1,28353.41765893477
"Shaw Moreno Jenkins, and",1,33119.64074969385
Allen Inc,3,112637.25613521179
Richardson-Wood,1,6955.079159595959
Ortega Inc,1,47378.224999715094
Ferguson LLC,1,16143.8890185933
"Lowe and Hopkins, Galvan",1,7489.73649005412
Rodriguez-Salas,1,27176.040583704555
"Hart Cannon and Hernandez,",1,38697.338635362226
Sons and Valdez,1,24897.072936096585
Smith-Flynn,1,2669.0695381115574
"Rivera and Schultz Gross,",1,23991.123048498037
Silva-Miranda,1,13903.398569879382
"Garrett, Nichols and Harrison",1,23118.77620970379
"Mccarthy Coleman, Todd and",1,29036.710444863977
and Holloway Sons,1,14681.084819895212
Warner Ltd,1,13705.381426316495
Hughes-Schmidt,1,28021.31442373169
Bridges-Walters,1,49530.16589843972
"and Berger, Lopez Williams",1,18565.77782741037
"Krueger, Moody Bell and",1,8087.044073126797
"Rodriguez and Mullen, Cummings",1,38576.268692025114
Joyce-Pacheco,1,25322.47850254201
Phillips-Johnson,1,12045.456348959793
Hunter-Watkins,1,34734.65741794454
Patterson-Brown,1,5880.126303978354
Khan-Stark,1,25364.157432480537
"Gibson Horne Alexander, and",1,37769.3415746814
Miller-Bates,1,29887.657207463933
Ltd Marshall,2,61224.03717935458
"Cox and Schwartz Stewart,",1,6028.5970658174565
Golden-Harvey,1,36396.14195665969
"Frazier Jones Perez, and",1,41037.809719527766
Elliott Ltd,1,13714.387521604694
Johnson-Valdez,1,7755.26945966195
Davis-Harris,1,31269.592389568286
Sons and Gonzalez,1,39525.433766024624
Barrera-Vargas,1,16463.447359345395
"and Lee, Martinez Taylor",1,5484.816454880081
LLC Whitaker,1,40010.7827699221
Bennett Ltd,1,48701.930062772364
and Sons Franco,1,36835.13089445077
"and Jackson Fox, Bishop",1,19250.61219537546
"Hendricks Dickson and Wong,",1,2620.500129337859
"Trujillo and Miller, Brown",1,6106.5539139141065
Hampton-Long,1,23273.668814837703
Nichols-Fernandez,1,19206.115262590698
and Martinez Sons,5,103426.65186291268
"Thornton, Adams Mccarty and",1,38860.0208846444
PLC Carr,2,70699.70567113941
Snyder Ltd,3,100856.94820978177
Inc Herrera,1,1591.7576401667907
"Montgomery and Howe Perez,",1,41050.88700161482
Simpson Inc,2,52183.87441066133
Mercado-Brown,1,18181.533836900748
Hill-Bowman,1,40700.10206381887
Ltd Stephens,2,36343.97068684355
"Jackson, Byrd Wilkerson and",1,43281.60289184668
"Kim, Curry and Hensley",1,22176.601668734533
"Camacho, and Jones Young",1,22442.44285075966
Spencer-Rhodes,1,14517.128784512266
Hood-Reed,1,6094.123235713755
Gray-Sanchez,1,46301.54238839412
"Peters, and Williams Cox",1,39370.14792366127
Hernandez-Morales,1,44228.49058883286
Jones PLC,9,217416.18594273351
PLC Brown,8,254396.82667112697
"Wagner Ware, and Davis",1,31036.129369298214
"Bennett, Nelson Robinson and",1,9064.719725710278
Hartman-Erickson,1,24927.52682400416
"Anderson, Freeman and Whitney",1,31690.67975702797
PLC Richardson,2,82656.03301368098
PLC Dominguez,1,38363.22093268217
Hill-Mayo,1,15607.288728862508
"Levine Arnold, Bauer and",1,27101.909303457614
Sons and Bailey,1,52271.66374715383
Group Randolph,1,33614.206305055515
Franklin-Abbott,1,27570.429058882
Herrera-Shaw,1,5728.488632198708
"Stewart Guzman Moore, and",1,12753.266006558444
Ali-Warren,1,37400.334000788396
Reyes-Lopez,1,22812.3719157118
Conley and Sons,1,2821.6658244880255
"and Moody, Cochran Alexander",1,44470.7136786882
"and Barber Johnson Rowe,",1,21802.257222508164
"and Oliver Mcknight, Houston",1,22936.52799064742
Obrien-Dalton,1,11847.084435343522
Dixon-Smith,1,31594.092800663504
Sons and Lowe,1,41551.12950618955
Smith-Rollins,1,48322.10435099513
Martin-Williams,2,71033.77394930796
Cross-Johnson,1,32339.066905972664
Ltd Schroeder,1,3973.134897083455
Velazquez-Evans,1,30070.451174848717
Steele-Kim,1,38491.20916943066
"and Saunders, Parsons Mcclain",1,5638.824971584743
"Gray Holt, Young and",1,6171.173214280465
"Hayden Compton and King,",1,11960.427533031108
"Randall, and Williams Hoffman",1,43208.423872182386
"Wheeler, Hicks Anderson and",1,22188.142153788078
"Mclaughlin, Bernard Pearson and",1,19858.670318890076
Price-Moore,1,18348.371493834115
Group Dorsey,1,28074.88816276415
Group Barrera,2,49910.17293084419
White-Duncan,1,27827.682499756276
"Velazquez, and Barnes Fox",1,27448.91183496001
"Riggs, and Mcdonald Dunlap",1,39832.913173528446
"Carrillo and Pineda Adams,",1,19221.48507427527
"Moss and Gonzales Martin,",1,31444.489731035057
"and Webb Wheeler Fisher,",1,18664.3731111009
Beck-Wade,1,43965.80643512983
Maddox Group,1,12824.396233799276
"Tran Lloyd Deleon, and",1,21972.94896935926
Group Payne,1,15167.045204880138
Group Molina,1,48527.26225004573
Hudson-Kelley,1,15750.450595181319
Johnson-Patel,1,11966.331971893107
Gates Sons and,1,4175.62567674801
"Fisher Bradley Price, and",1,45779.510511316446
Fuentes-Lewis,1,1612.1607456771555
LLC Mckenzie,2,38055.35042225995
"and Evans Ryan Hull,",1,15534.843631196512
PLC Farrell,1,8897.147150209605
LLC Bautista,1,4824.797015638417
Jones-Bradley,1,3790.7511500064
Robinson-Mcbride,1,22990.302324534267
King-Buck,1,5387.390029267739
"Martinez and Lee, Oliver",1,31797.319719436546
Thornton Group,1,13341.563126452362
"and Stone Rogers, James",1,35979.701684978194
Dyer LLC,1,4304.344086743036
LLC Chang,1,37567.91002333456
Booker-Ball,1,29439.808362574833
Simmons-Williams,1,40726.29221711012
"Lee, Hawkins and Sanchez",1,24559.408081667323
Dougherty-Walton,1,33785.024451526784
Lucas-Dixon,1,7131.594997560721
"Allen and Holmes Schmidt,",1,46444.961003215416
"and Phillips Moran, Mcdonald",1,2474.7271666195697
Jackson-Evans,1,39424.9430414818
Cortez-Murray,1,19487.559579129964
Douglas-Simmons,1,1973.9394580108897
and Sons Berger,1,976.9611085954343
Villarreal LLC,1,8416.227512679774
Thomas-Miles,1,3157.8590653631745
Gentry-Jones,1,435.5654504552647
"Riddle Church, and Morris",1,8530.516840641867
Roberts Sons and,1,560.3805499061419
Barker-Dixon,1,1233.9953878590802
Warner-Lopez,1,37706.341386722626
"Patterson and Green, Carter",1,5656.728177902736
"Jenkins Johnson Strong, and",1,41516.429749779905
"Jackson, Johnson and Gilmore",1,18307.615061509194
Hernandez-Stevens,1,44084.312766184485
LLC Boone,1,24680.055875271126
Duncan-Lopez,1,13546.892369814477
"and Smith Thomas Snyder,",1,22917.146854728584
"Olson and Singleton, Lloyd",1,45969.74261622476
"Mann Freeman Cox, and",1,48211.47457307809
Ramos-Ramirez,1,47512.904231461915
Blankenship Group,1,33606.07255108724
"Thomas Anderson and Blackwell,",1,30212.89504390348
"Thompson, Wilson Rangel and",1,27264.385090414275
"Barnes and Hopkins Huynh,",1,6369.91337784241
Barnes-Ryan,1,34757.255924393015
Lynn-Rivera,1,21043.267594552897
"and Savage Lyons, Perry",1,40700.77153256189
Baxter Inc,1,14063.430040728199
Inc Owens,1,25395.229636448646
Sons and Curtis,1,21063.441177920162
Jones-Beltran,1,46107.70656936867
Ltd Marsh,1,16441.678656557462
Baker-Hudson,1,34522.082663715664
Campbell-Maxwell,1,22377.382664308214
Williams-Cervantes,1,41132.173891939216
Brown-Kelley,1,47852.632574611634
Young-Franklin,1,5012.45182072017
Anderson-Oneill,1,21380.675570685627
"and Spence Hendricks Hampton,",1,16938.16677177019
Sons and York,1,44807.33432027282
Farley and Sons,1,30656.100060409473
Wilkins-Washington,1,32776.39758205878
"Smith Stephens Wright, and",1,35109.45376657303
"Glover Mitchell and Bell,",1,20344.90838879245
"Evans, Jenkins and Foster",1,1721.490633683083
Mendez-Castillo,1,39843.05033582809
Sons and Weber,1,50782.444761977706
Wood-Mathews,1,31308.20600849512
"and Wood Lewis, Monroe",1,20980.303064872245
"Evans and Byrd, Smith",1,24293.633025826664
LLC Brown,9,272477.59813329333
"Rosario Wells, Roberts and",1,39089.86606134463
Fischer Ltd,1,30283.174586610003
Jenkins-Jackson,1,2280.7449688351526
"Gray and Harris, Oneal",1,23771.689216187304
Evans-Torres,1,2473.4707476105473
Floyd LLC,1,49407.78284466687
"Powers Wyatt and Underwood,",1,40831.047619265104
"and Morris Wallace Duncan,",1,1474.1820960796497
"Mendoza, Thomas Choi and",1,18023.210557420098
"and Hernandez Riggs, Diaz",1,46672.797834796416
Glenn-Lane,1,21619.417297457425
Stone-Horn,1,4669.136967051141
"and Murphy Williams, Reyes",1,12499.52188226028
Newman-Jackson,1,35845.829018398275
LLC Moran,1,40850.07087025005
"Avila Hernandez, Jones and",1,17529.51919433292
and Dixon Sons,1,33004.56587992689
"Martinez Garrison and Kim,",1,46059.93356621316
Nguyen-Walters,1,29162.672442443723
"and Figueroa Robinson, Casey",1,31948.26948770598
"and Perez Phillips Brown,",1,20557.54923621604
Walters LLC,1,43266.67254651326
Black-Kirby,1,34445.4239307234
"Martin Chaney, and Chase",1,33665.19756539342
LLC Simmons,2,60203.999080148686
Stanley PLC,1,25073.520420096727
"Beck Dennis Summers, and",1,37517.76145009742
Boone-Hicks,1,6312.820874683037
"Robertson Dean, Vega and",1,46135.90020257964
"Barnett and Richards, Avila",1,42747.22536354172
"Taylor, Bush and Campos",1,14055.917573438259
"Jackson, and Mitchell Kemp",1,29623.457133306012
"and Reeves Jones Conway,",1,37975.12929909991
"Patrick, Petty and Sullivan",1,15109.149570722922
Group Torres,3,92942.72754659722
Neal-Mitchell,1,10011.800407940465
Tran Group,1,46525.286025000714
"Jones Miller and Williams,",1,3181.348716264334
Jackson-Warner,1,21042.787076233286
"Booker Smith, Harrison and",1,38373.76279689268
"Henry, and Guerrero Johnson",1,38943.66221782411
"and Carter Nolan Bates,",1,20083.542566158063
"Weaver Smith, and Jackson",1,3939.0936865629205
Kelly-Rogers,1,44640.25532402327
Stephenson-Hester,1,25251.40464987541
Davis-Contreras,1,5840.542895391131
Sullivan-Sawyer,1,49687.24791306295
Miller-Moreno,1,50372.26150470294
Sons and Hawkins,2,81025.23766784182
Vargas-Moore,1,23537.557633596694
"Cole, Russell Thomas and",1,48378.61526167249
Valdez-Palmer,1,12664.842063923454
Henson-Walker,1,39569.123441838565
"and Mayo Griffin, Franklin",1,35478.662048577964
Rivera Sons and,2,77149.43356832689
Klein-Jones,2,31340.23086824148
Zuniga-Mann,1,2381.5396772016875
Sons Espinoza and,2,61930.67371062585
Winters Sons and,1,18363.67043218544
"Kirk, and Jackson Anderson",1,9081.107190382267
Spence Inc,1,48180.294555383836
PLC Ali,1,39511.2339264083
Serrano-Madden,1,8019.2551847591085
Dominguez PLC,3,61965.16623722184
Nelson Ltd,3,76916.30565335102
Sherman and Sons,1,29163.873346033426
"Carter, and Hayes Williams",1,3402.6713710586523
Anderson-Francis,1,18713.484402293598
Levine-Giles,1,21737.33894790264
"Wheeler Cox Davis, and",1,15454.21151430868
Bell-Harris,1,35700.848889881294
"and Little Roberts, Watson",1,39985.26537399091
"and Scott Peterson Mosley,",1,9060.697617524658
"and Alvarez Torres Osborn,",1,28311.359751012944
"Black Hernandez, Reid and",1,31424.013377866806
Wallace-Wilson,1,20254.357323210083
"Molina, and Gilbert Branch",1,6637.150818449728
"Rhodes and Duke Sellers,",1,18158.481722656787
Wilkins-Gallegos,1,25460.90509149016
Group Ochoa,1,6487.826742852331
"and Wise Dunlap, Wagner",1,42749.54198106877
Koch-Brown,1,39181.54890225171
"Randolph, Stewart Morrison and",1,36239.44464491569
Torres-Fowler,1,13589.854450869065
Chen-Sherman,1,15744.338154207851
Crosby-Baker,1,30975.301826050934
Cummings Inc,1,18903.508502846376
Tyler Group,1,24350.150911057
Mcdonald-Bennett,1,30396.497723148983
Robertson-Miller,1,11096.05131837619
Riley-Johnson,1,46508.26728001373
Ramos-Jimenez,1,47459.949646811365
"Perry, Dean Pugh and",1,14641.618209481308
"Martinez, and Mcknight Obrien",1,32849.950521877065
Lee-Norton,1,23890.022898247924
"Mccormick and Morgan, Hayes",1,5153.567260639923
Wood-Roach,1,40191.68743217328
Group Wood,1,6212.897994608457
Arroyo-Cervantes,1,7098.0549830398095
"Davis and Gallagher Joseph,",1,47361.55798051639
Patton Sons and,1,3077.997117027696
"Klein and Campbell, Wall",1,41341.80374149903
"Hinton Chase and Parker,",1,1986.7983705028994
Sanchez-Bowman,1,26405.262916774656
"and Martin Williams Walker,",1,33044.50348320052
LLC Mcbride,1,47908.92238284104
Harris-Gay,1,6452.018408342868
Salinas LLC,1,22482.725901211044
"Proctor Donaldson and Ortiz,",1,19673.503694830222
Moreno-Miller,1,3934.9514678098103
Stein-Anderson,1,39706.6510029566
Gordon LLC,2,67934.76240058072
"Hopkins Gates, Howard and",1,47265.29807557313
"and Gordon Bowers Ryan,",1,21528.84711169949
Johnson-James,1,29919.900211499247
Pearson LLC,1,2138.045835215381
Nash LLC,1,13013.134286522874
Wright-Holmes,1,48521.801755881505
"Duncan Sanchez, Campbell and",1,6660.049886559342
Johnson-Hawkins,1,20505.286532737562
"Jefferson, Clarke and Hurley",1,16878.16548519914
"Navarro and Crawford Flores,",1,49079.729031939285
PLC Werner,1,41162.61935880425
Joseph-Young,1,8850.048651335272
"Parsons, Hartman Martinez and",1,30437.001787641067
"Huffman Hall Orozco, and",1,22982.252121727626
Anderson PLC,6,80458.50253927683
Gomez-Smith,1,10722.495069696139
Marshall-Smith,1,28463.860985270854
"Vincent, Walker Parsons and",1,32956.18444516275
Braun-Stuart,1,42031.12851007877
Moody-Lee,1,30538.204441261398
Knox-Esparza,1,43663.878199415085
"Rice, Thompson Williams and",1,20545.939354429465
Johnson-Nichols,1,14558.190436616911
Warner-Ochoa,1,44444.8426125171
Brown Ltd,12,314800.89716994966
Stevens-Mcdonald,1,35560.03622703305
"White and Smith Villegas,",1,20270.529175469757
"Baker Armstrong, and Schneider",1,20807.402067173687
"Gray, and Carr Martin",1,37349.149131795944
Hunter-Kelly,1,32273.127189899824
LLC Calhoun,1,48255.758244920435
Scott-Cabrera,1,41660.413487431724
"and Wright, Jones Sanders",1,45637.12456860623
Sutton-Reid,1,22748.343752536923
"Johnson, and Mitchell Lyons",1,42555.61397758447
"Vincent, Howell and Adams",1,50649.22885130171
Sons Williams and,6,122191.05411546509
Velez Sons and,2,46472.74673583485
"Mann, Lee Martinez and",1,11075.268520628932
Inc Stanley,1,25477.707349777764
Holt-Barnes,1,37977.474151618575
Group Wilkinson,1,20973.897068536633
"Carter, and Cross Lara",1,46243.95994400484
"Green, Baker Flores and",1,46059.91941496275
Russell Group,1,45738.93436968584
Snyder Group,1,47839.95153141085
Wilson LLC,5,159046.7305445609
Campbell-Bryant,1,17347.88773948092
"Davidson, and Powers Bradshaw",1,15160.346089002516
"and Russo, Duncan Morris",1,45216.35779498625
Anderson-Peters,1,26988.40451329362
"Clark, and Powers Graham",1,44717.35729619415
Thomas-Turner,2,32648.61721846653
Sutton-Bailey,1,6761.6195948407385
"Daugherty Gutierrez, and Morgan",1,34276.57256137486
Sons and Walker,1,341.95840821307274
Bean and Sons,1,1486.204897624775
Grant-Espinoza,1,45887.77038127533
Ltd Duke,1,26965.348091749125
"and Bullock Jefferson, Ponce",1,21308.191903847794
"and Smith Mccoy, Kline",1,18965.96289242361
"and Miller Jacobs, Miller",1,3596.1748437112965
"and Smith Woods, Frost",1,41075.105931979284
White-Wallace,1,47536.87143041306
Larson-Olson,1,46520.12944586969
and Jimenez Sons,1,2427.087189664403
LLC Owen,1,11494.439125181018
"Gomez Holt, Carey and",1,5406.832149498154
Serrano-Casey,1,23803.97489813912
PLC Willis,1,1516.4997908207188
Ortiz-Hoover,1,13489.605358842933
Group Glass,1,44344.60147951299
"Jackson, Bryant Gallagher and",1,45801.8898194526
Serrano Ltd,2,9171.675916574166
Ingram-Jackson,1,30101.094639825442
Hubbard PLC,2,16366.622746974877
"and Thomas Cunningham, Curtis",1,39125.046729280715
Beard-Burns,1,40074.769184281904
Wilson-Robbins,1,26290.20568582552
"Taylor, Cook and Hicks",1,45239.849840314695
Taylor-Porter,1,27449.727002176478
"Jimenez and Gross, Hogan",1,4931.307264539011
"Bates Stanley Alexander, and",1,30767.102505442974
Jordan-Campbell,1,39231.22967478607
"Kim, Frank Kramer and",1,36342.70978725194
Cook-Patel,1,31498.99552940645
"Gentry, Taylor Nash and",1,20968.593268783457
and Thompson Sons,1,39342.25946665198
"and Lopez Alvarez, Bishop",1,35157.10757871706
Travis-Swanson,1,20105.215591196986
Bailey-Smith,1,16186.145719708382
"Kramer and Gonzalez Lee,",1,25700.447480565526
Huang and Sons,1,47219.69512136685
Carter-Allen,1,10907.690993556793
Weaver Group,1,27203.489097224206
Rivera-Baker,1,8641.234192591835
"Frederick Tran, Porter and",1,43356.50133797723
"and Gonzalez Moreno Anderson,",1,48327.459309329206
West Inc,1,27869.476199617537
Hammond-Sherman,1,8474.492168068706
LLC Bridges,1,8845.574563130847
"Gutierrez Valentine, and Harmon",1,30667.87229541269
"and Johnson Brown, Hernandez",1,44488.81057961916
Blackburn-Ayala,1,20119.63324118177
Brady-Harris,1,19943.953223842516
Beck-Romero,1,33789.70147198798
"and Anderson Mendez, Ortiz",1,11702.695822534384
"and Tran, Parker Hamilton",1,25787.025685762546
"Young, Townsend and Maddox",1,41006.42090860383
"and Cole Green Moore,",1,21721.973360354415
Camacho-Mckenzie,1,25022.26662828443
"Lyons, and Campbell Kerr",1,39282.36847719716
Phillips-Mccann,1,37244.59861657041
"Morse, Fuentes and Freeman",1,23594.37158481683
PLC Terry,1,17064.204282609757
Gomez-Peters,1,34050.892434525886
"Alvarado Mcmahon and Guerra,",1,4955.957876138896
"Franklin and Johnson, Armstrong",1,34108.31090542385
Inc Velez,1,27237.906673136607
Group Delgado,2,62538.12373825831
"Miles, and Weaver Hudson",1,46956.54573063246
James Ltd,5,86742.54677915422
PLC Jimenez,1,49833.70771785452
Garner Group,2,58165.988554747106
Bishop PLC,3,31804.627210190993
Garcia-Robinson,2,28234.61204286694
Lyons LLC,1,45242.85699278163
Delacruz-Chavez,1,3852.9471118220818
Bush-Rodgers,1,915.272322177406
"Rogers Chen Gordon, and",1,17741.25475291349
Collins-Tyler,1,6971.632740332494
Barrett LLC,1,19214.948079660968
Group Hall,2,37404.10625107178
"Moran, Henderson and Dalton",1,43674.7668531647
"Reyes and Gonzales Miller,",1,44394.043011164096
Fisher-Mclean,1,34829.84620553869
"Carroll, and Fields Smith",1,26073.743616054162
Smith-Duncan,1,32835.23204757969
LLC Compton,1,21354.82075638963
"and Bowman Ingram Oconnor,",1,10467.187414484977
Strickland-Jackson,1,28683.30463397818
Burton-Garcia,2,63695.96318897315
"Kerr, and Rhodes Miles",1,26162.76328670677
"Black, Carter Hendrix and",1,8119.870874082757
Ltd Stephenson,1,36938.31911802522
Cox-Glenn,1,5053.977182507765
"Hill Allen, Mitchell and",1,33539.11238602548
Fuller-Jones,1,44734.19117601085
Ltd Dillon,1,18470.928002079738
Sanders-Navarro,1,441.336068269522
Wiggins-Ruiz,1,50507.189579877646
"Martin Thornton, Pineda and",1,3731.5931386816515
Rocha-Wagner,1,4802.620713726476
"Carlson Johnson Gibson, and",1,48862.31758230055
"and Hernandez Wallace Frost,",1,39434.23226235155
Group Meyer,2,32166.063710010287
Howard LLC,2,62647.52137276778
Nguyen-Sparks,1,9525.187996347378
"Mcclain and Smith, Chaney",1,49946.40036531998
PLC Patrick,1,51086.36291395845
"and Jacobs, Pena Fox",1,22463.347752186473
Hawkins-Ross,1,33069.50006715042
Page-Murphy,1,13061.2058130886
"Washington and Phelps Morris,",1,27543.737237395708
Wells-Lewis,1,25909.603786382828
Inc Harvey,1,10517.840312765558
Weeks-Wheeler,1,12195.279973682476
"and Sandoval Patterson, Jackson",1,37118.390418399504
"Allen and Taylor, Matthews",1,8088.27127050805
"Hall, Williams Powell and",1,31582.596520268457
Sons and Barnes,2,53989.834039602996
Walker-Campbell,1,1221.3685439996284
Sexton-Harding,1,23249.431964247084
Huff-Snyder,1,24052.53915895665
"and Freeman Green, Wilson",1,29587.748856699913
"Obrien, and Chapman Baker",1,19840.861199126542
Castillo-Wilson,1,30894.38675441231
Bradley-Bryant,1,23308.836560176052
Jenkins-Fernandez,1,26680.487179669326
Pearson-Smith,1,37916.18516160611
"and Shannon Stevens, Johnson",1,22867.842266006
"Mayer Porter, Byrd and",1,38706.86941683658
"and Johnson Rogers Garcia,",1,50067.703271891914
Lawrence Ltd,1,35582.13546030562
"Fuller and Stewart Warner,",1,44728.39809492615
Brown-Pierce,1,24421.40420572067
Robinson-Mccoy,1,24199.582123813267
Gomez-Barrett,1,19558.731048537345
Webb-Aguirre,1,22924.47410107047
"Young and Smith Pitts,",1,39678.00910201322
"Marquez Webster, Warner and",1,24443.931884809357
"Golden, Phillips and Obrien",1,34046.61490209472
Cherry Inc,1,18907.36270272063
"Chavez, and Pacheco Stephens",1,36269.811069897754
Knapp-Shah,1,14340.91871247891
"Cox, and Salazar Bonilla",1,2220.2951499052333
"and Johnson Johnson Evans,",1,34757.013709442916
and Sons Morris,1,33964.436027000906
"Lopez Hunter, and Murray",1,12509.14947783483
Wong-York,1,3702.2591686135343
Sons and Hudson,1,40251.438950365
Lewis-Wilson,1,1859.7649212951274
"Figueroa, Blevins Wilson and",1,49215.58550431436
Clark-Jones,1,10973.043224244078
Garrett-Murray,1,13071.049274405206
Johnson-Kerr,1,16137.716815812351
Gonzalez-Kim,1,27452.615519335577
Miller-Lewis,1,31703.900994625146
"Garcia, Benjamin Brooks and",1,27213.829244250264
"Morris Morris and Reynolds,",1,47488.88355982987
"and Thompson Phillips Morris,",1,26158.48962425209
Hernandez-Jones,1,4858.97375216464
Stevens-Brewer,1,13504.447000296685
"Adams, Collins Simmons and",1,22255.44582706606
Lowery Group,2,46944.645545824
Group Snow,1,9055.771983660654
"Harrell Miller, Marquez and",1,33726.152139336
"and Lee, George Holland",1,44641.81960666944
"and Hunt, Jones Rodriguez",1,45111.15904110414
Summers-Johnson,1,31810.5612056143
"Jennings, and Richardson Tapia",1,1896.9414192009212
Foster-Rocha,1,41313.20485752138
Miles PLC,1,12448.735464917336
"Ellis Moreno and Stevens,",1,48942.95380204422
Rios-Santiago,1,45007.42312363276
Wade Ltd,1,12100.874866537928
Harrison-Moore,1,1936.7711718669161
Ltd Horton,1,14287.655023871239
White-Hampton,1,10650.137840876456
"Williams Le, and Brown",1,43890.60875092438
Clark-Mayo,1,5998.10290819591
"and Black, Henson Rhodes",1,22480.965928930735
Zavala-Fernandez,1,22063.229031651204
Nicholson-Johnson,1,46717.950110965474
Hayes Ltd,2,60028.45174455695
Simpson-Jennings,1,40860.8113872547
Mccoy-Luna,1,33810.04465692076
Smith Group,19,424485.05929493904
PLC Richard,1,13575.163626456297
King-Powell,1,46597.28621146998
Pratt Inc,1,25816.41988975139
"Smith, Sanchez Zuniga and",1,38265.07384812754
PLC Nunez,1,23595.34539041676
Group Farley,1,48103.43313970735
Bernard-Martin,1,17199.60477498664
Ltd Nelson,5,139789.31236861052
Hawkins-Campbell,1,24821.521318903317
"Robinson and Hoover Rhodes,",1,16928.966212910796
Bradley-Glover,1,13505.235754036927
Sons Maldonado and,1,33333.79036046758
Lee-Moran,1,21098.86687432252
"Gonzalez Mason Wilson, and",1,50075.12854150392
Martin-Green,1,32077.417530275543
Nelson-Contreras,1,39346.73138959788
"and Henson, Zamora Hart",1,8589.064376860199
Jones-Hunter,1,8291.998206340239
Mcconnell-Brock,1,42048.217449574244
"and Henson Jefferson, Holder",1,25185.491442860693
Nunez-Leon,1,42272.45452221271
Hernandez-White,2,45485.53367465613
"Hall Collier, and Bush",1,2493.3359028671634
"and Hill Rios, Taylor",1,2459.187498212673
West LLC,1,2106.393743309801
Patrick-Jimenez,1,2393.7859246516778
Shah-Johnson,1,48432.335285295594
"Gordon and Sampson Gonzalez,",1,34240.5395894945
Jones-Marshall,1,15995.421778285794
"and Sanchez Carlson Carter,",1,37393.60748358641
Carr PLC,1,10549.599011562846
"Rogers Baker Shepherd, and",1,14657.519757130562
Cortez-Young,1,9819.469505267456
"Morgan Fitzgerald, and Olsen",1,40818.14324867176
Andrade LLC,2,55226.58085191693
"and Patterson Newton Espinoza,",1,6848.836388935808
"Hardy, Schaefer and Howard",1,20903.097477650277
"Burnett, and Griffith Wade",1,32035.207990772964
Inc Carter,1,18411.892934255007
Ware-Jackson,1,24250.365220066007
Lamb-Ferguson,1,48801.6345457095
"Schultz Anderson, Houston and",1,2653.9865994969978
LLC Carroll,1,13012.747537745767
Stone-Reese,1,35947.07877676423
Wade-Hayes,1,27755.768230526195
Estrada-Armstrong,1,35624.70309435928
"Martin and Schneider Myers,",1,6674.82526485911
"and Perez Hale Knapp,",1,30464.776548268048
"Myers, and Chavez Harrington",1,28437.792532682648
"Howard and Nunez Lee,",1,44309.95034786825
"Poole and Hansen, Moran",1,28905.766393806305
"Fisher, Peck Kennedy and",1,44161.27845963618
Donaldson-Ellis,1,30884.897541876486
"Harrington Walker, Rowland and",1,47717.85234296323
"Yang Williams Hanson, and",1,17334.023211759315
"Moreno and Holmes, Kirby",1,7235.355293098956
and Rosario Sons,1,13129.204739907176
Foster-Hobbs,1,22251.556523647298
Group Zuniga,2,58978.4928835121
Robinson-Hall,1,49680.74597031323
Nelson-Garcia,1,39564.877308671996
"Miller, Rodriguez and Robinson",1,10654.730649454646
Munoz-Anderson,1,29960.953294710464
"Knox and Page, Sims",1,39701.05038175274
"Rivera Martin, and Bryant",1,48550.85021169359
"Orozco Vazquez White, and",1,24549.236738250092
Mcdonald-Harvey,1,21062.37733434263
Benjamin-Reed,1,21572.784252372643
"Collins and Marshall, Nash",1,21053.01128969785
Rodriguez-Brown,2,74678.70345414168
Wise-Gray,1,25011.024647103295
Sons Garrett and,1,39207.53350466512
"and Gardner Allen, Davila",1,34130.83706506908
"Daniels Nguyen, and Padilla",1,13270.178216900258
Foster-Thompson,1,23751.280970379128
Owen-Patel,1,26594.41242207295
Warren-Ochoa,1,31189.23068847985
Mccoy-Hendrix,1,50535.79088509604
Ryan-Garcia,1,32411.87930326469
"Armstrong, Johnson and Dyer",1,36080.68647023668
Quinn Ltd,1,23294.92916800788
"Todd Mcdonald and Berry,",1,40250.54764943526
Klein-Harris,1,40805.86267138497
"and Schneider Guerra Mason,",1,13518.31863438286
"Davidson Smith and Wright,",1,4715.86506814267
Patel Group,1,4455.47832816356
Wallace-Williamson,1,32935.29551340106
"King Adams Morgan, and",1,22710.32948138476
Holmes-Rodriguez,1,28597.11611502027
Wiggins-Williams,1,5885.530648373083
"Warren, and Oneill Hernandez",1,24377.148796333495
"Mcfarland Hays and Delacruz,",1,17061.148528766767
Miller-Garcia,1,23293.62311208572
Valentine-Hunt,1,27668.103610431426
Garcia-Mccullough,1,4073.0649180423093
Alexander-Lopez,1,37858.959099995154
Group Huerta,1,32314.16401919283
Johnson-Lee,1,20865.085612050716
"Bowman Guerrero, and Oconnor",1,24658.2483086658
Gallagher-Carroll,1,27861.27308376244
"and Dean Wade, Walton",1,35014.11791429761
"Willis Li Hill, and",1,28280.21064023887
Gould-Reyes,1,30738.339476831665
"Bennett Leonard, and Mcclain",1,32725.100822039592
"and Vasquez, Smith Riley",1,9505.468635932179
"Burton Horn and Rangel,",1,11465.29987939219
Donaldson-Poole,1,49799.131817284826
Lee-Carter,1,35408.60428130889
"and Mitchell, Lopez Nunez",1,48629.97045176953
Alvarez-Cruz,1,42956.12895295784
Inc Harmon,1,6267.540561718074
"Patel Payne, and Young",1,11941.631298553253
Haney-Marshall,1,24691.249050914448
Davis-Padilla,1,25066.521450249456
Gonzalez-Cummings,1,25858.43752096273
"Ramos Miller and Moore,",1,19249.6871864753
Henson-Harmon,1,27565.26065728902
"and Hess, Nguyen Everett",1,6078.838574632307
Fox-Campos,1,26386.673999572962
Fritz-Cox,1,41851.423366199015
"and Huang, Alvarez Gray",1,16666.09709660517
Perkins-Chang,1,41733.730817112424
Lewis-Gallegos,1,45805.10066261429
"and Hoover Long, Johnson",1,3086.8644054653946
"and Allen Conley Rhodes,",1,10749.765037617706
"Bailey, Chandler Knight and",1,2723.3159804922575
Hunter PLC,3,68016.18874713141
"Vega Merritt, Jenkins and",1,33548.93992204221
"Miles Torres, Jefferson and",1,29602.65760119827
"Harris, Roberts and Carter",1,10670.993348402671
Reynolds-Boyd,1,37168.83757842398
"Rich Pennington, and Webb",1,46185.865842465246
"and Walker, Rojas Martin",1,41507.898922455686
Group Calderon,1,7566.4276050717535
"Murphy Smith, and Thomas",1,36038.3849827063
Bauer-Santos,1,45238.6116422498
Murphy-Coleman,1,32302.447474314933
"Estrada Burke, and Bernard",1,43935.50614146159
Lee-Robinson,1,22920.953865858577
"and Cordova Rollins Schmidt,",1,14714.962721835504
Powell-Smith,1,31595.319944370116
Vazquez LLC,1,6965.050525772142
Palmer Ltd,1,26424.916868818716
Peters-Johnston,1,4842.70020219003
Martin-Welch,1,44272.38358754956
Hodge-Paul,1,23138.450696161017
and Mccormick Sons,1,27473.747574468205
Group Flynn,2,39721.60730109208
"Foley, and Sexton Kirby",1,6402.996139329123
Taylor-Hayes,1,10936.132366204098
Harris Sons and,2,37441.70348788988
"Richards, and Baker Brown",1,21244.070814563052
"Murray, and Moore Gonzales",1,17634.28930996904
Johnson-Schwartz,1,43513.43989776434
Gallegos-Brooks,1,9470.98551435134
Bowers-Hawkins,1,37483.32158588876
Ltd Lucero,1,45173.278524917085
Rocha-Contreras,1,45147.51305737399
"Hardy Espinoza and Robinson,",1,12874.684651606476
Peck Ltd,1,3255.5707267934285
Gonzalez-Martin,1,10649.479099496577
Watson-Young,1,14467.40596463143
Khan Sons and,1,20897.803024570254
"Cole, Montgomery and Moran",1,20234.68679530406
"Santos, Ortiz and Castaneda",1,15630.690116050298
Bass-Bell,1,40660.269830709156
"Bell and Lutz Roy,",1,47966.797203856775
"Morgan Saunders, Benjamin and",1,19255.956409215694
Browning-Black,1,39145.712375469746
"and Williams Chavez, Stark",1,47643.37629965718
Wilkerson Ltd,1,39932.72463857748
"Newton Burch and Lopez,",1,40564.843516384375
LLC Guerra,1,23648.15981725899
Cabrera-Mcclure,1,9444.223582226883
Rose Ltd,1,14448.298335051057
"Watson Baker and Bailey,",1,36391.784249889395
Beck-Wells,1,39096.80163273947
"Daniels Moss Smith, and",1,2226.321259277899
Burnett-Williams,1,35095.96322194995
Reeves Ltd,1,16814.74803525215
Donovan-Walker,1,35694.723222405184
"Mendoza, Gallegos Mason and",1,22107.32228106153
Duke-Livingston,1,45565.58303986285
Walter Ltd,1,22040.699988364613
"Morris Fernandez, Kennedy and",1,30474.827498056246
Perez-Morgan,1,36457.71499066707
"and Mills Brooks Trujillo,",1,11885.209435321154
Gonzales and Sons,2,61610.035411553545
"Day and Snow, Sanchez",1,10008.951247011704
"Singleton Smith Ramirez, and",1,45465.97158341806
Inc Ferguson,1,27166.50473360685
Dominguez Group,1,24014.649684637054
Mcconnell-Mcknight,1,35369.37057563874
Ltd Hunt,1,38595.261158913505
"Ibarra and Powers Adams,",1,10911.479190959839
"and Wright, Sims Jenkins",1,26518.055888193336
"Davis, and Potter Cox",1,12702.415706530823
"Ellis and Meza Gray,",1,12392.588815757043
Barnes-Mosley,1,16603.51653331807
Cox-Garcia,1,1804.8431156969878
"Allen Payne, Hamilton and",1,7555.249689822436
Solis-Collins,1,15894.276003229885
"Perez and Hoffman Hammond,",1,41372.07115188567
Kim-Fisher,1,30317.015965505645
Watkins Inc,2,47221.66207235172
Ramirez-Fuller,1,47512.18579066687
"and Smith Reed, Garcia",1,43716.10596721441
"Lee Gonzalez and Harris,",1,7458.065588037687
"Palmer and Rodriguez, Barnes",1,19792.28204212313
"Williams Ramirez and Adkins,",1,44518.99108209599
Cole-Adams,1,4761.724262800821
"Mckay and Ballard, Watts",1,34555.491670678275
"Horton, Fox and Walsh",1,37800.77421009634
Abbott-Ferrell,1,99.93357858646812
Hardin PLC,1,10334.961594834474
"and Martin Rosario, Waller",1,24682.838975593222
"Johnson and Harrell Parker,",1,35479.599356400104
Palmer-Martinez,1,4178.631361536341
Baxter and Sons,1,21784.970844606192
Kline-Hess,1,41814.31434836287
Wang-Hampton,1,33909.49294464535
"and Harris Jones, Lopez",1,12484.713424513846
"Perry, Johnson and Bautista",1,26490.651903331873
Sons Valdez and,1,7990.767601101255
Stewart Group,1,15256.90434375909
"and Richards Pena Best,",1,32413.159881482596
Tate-Spence,1,43857.60588420114
and Sons Stephens,1,42078.21796377903
"Collins and Hamilton Vasquez,",1,35711.89793497903
"and Watson, Garcia Davis",1,8060.243371809225
Matthews-Summers,1,41832.3253252423
Herrera-Lucas,1,17434.087309534618
Christensen-Clay,1,7173.245896676244
"Francis and Callahan, Wright",1,19077.902657309503
Guerra-Clark,1,37488.05698303484
Cervantes and Sons,1,28019.95574710742
"Larson Hunt and Brown,",1,15952.796016157525
Schultz-Horn,1,10762.223543662905
"and Savage, Wade Miller",1,3544.2788241779485
Baker-Wagner,1,8526.863228172146
"Hull, and Chapman Jones",1,38607.75418187891
Gonzales-Fitzpatrick,1,44873.608110235036
Martinez-Bullock,1,48788.53556696004
Smith-Caldwell,1,48594.411059611884
Smith-Vang,1,43839.90417350411
and Davies Sons,1,22230.122763982992
Inc Cherry,1,18932.314667025556
"Meadows and Nelson, Owen",1,13869.78852265716
"Morales, Johnson and Carlson",1,44581.153495409606
Sons and Moore,3,70051.55140447807
Gordon-Foster,1,17370.825947033292
"Bell Peterson and Hall,",1,27324.568357995337
Gardner-Ross,1,47836.81764260069
"Jimenez, Green and Wright",1,38122.9289944303
"Figueroa Gibson Hess, and",1,39828.21731895347
White-Thompson,2,66099.59233554563
"Sandoval, and Payne Newton",1,19316.26335475158
Floyd-Neal,1,22518.903433253396
Moore-Freeman,1,30631.134720562874
Ltd Herring,1,6575.942917074628
"Ho, and Crawford Fitzpatrick",1,43312.51719336938
"Robbins Gonzalez, Anderson and",1,3419.5205621936957
Campos-Johnson,1,37863.27674721207
Lewis Group,3,73231.76433049134
Ltd Bullock,1,7542.4733022207
"Moore, Baker Thomas and",1,37088.901343912876
"Simmons and Beasley, Brennan",1,47025.60173291639
Huffman-Flowers,1,7782.744779669921
Mcgee-Lynch,1,9010.161781770577
Warren-Davidson,1,9420.027215215352
Wilson-Valdez,1,31936.085225424802
"and Martinez Skinner Good,",1,47338.38751056518
Gill PLC,2,49099.73119309492
"Phillips Jennings and Glass,",1,10454.339694129316
"and Griffin Mueller, Perez",1,32010.14477509493
"Bentley, and Shah Hodges",1,39772.98264885188
Thomas and Sons,8,165406.48956139715
Turner-Mendoza,1,42140.825808759764
Garner-Armstrong,1,42337.80641408708
"Cunningham and Bell, Patterson",1,46014.83053755825
Drake-Spencer,1,31862.452089082657
Yang-Lopez,1,2505.5301256615903
Smith-Ryan,1,14116.508471275343
Davis-Davis,1,35685.302520316065
"Garrett Martinez, Graham and",1,44563.2131165541
Jackson-Collins,1,8527.996768978746
Roth-Fuller,1,39727.07600821069
"Wilcox, Parker and White",1,46.80336480941264
"and Fernandez Gonzalez Cordova,",1,47868.105652470935
"and Delgado Martinez Smith,",1,44078.37676783006
Powell-Walker,1,38714.779860197734
"Oliver Calhoun, Wood and",1,27457.314536719838
Wright-Perez,1,43280.15735341316
"Ramirez and Stone, Thomas",1,36679.84382707226
Long-Davis,1,8199.311094876612
Hancock-Cook,1,13537.411185651205
and Bond Sons,1,2656.4538964652875
"Davis Johnson, and Gilmore",1,39940.5341973196
"Watkins, and Williams Ramos",1,10211.632069230187
Valdez-Knapp,1,16907.049019157574
Smith-Moses,1,41152.423057960135
Macias Group,2,62626.88166009568
Williamson Group,2,66421.48907765352
Franklin-Medina,1,4958.84992864439
"Zimmerman and Garcia Fisher,",1,17360.009207209565
"and Davis, Martin Hughes",1,3873.818135134605
"Washington and Quinn Ali,",1,43860.610296895175
"and Hall Sanchez Valenzuela,",1,37347.49483035547
LLC Henderson,2,59182.525858919595
"and Warner, Price Vasquez",1,9752.987605372722
Knight-Hernandez,1,46061.93605940171
Griffin-Hampton,1,25985.940828655162
"Graham Anderson, and Johnson",1,3791.8774335960134
"and Lester Griffith, Weiss",1,39160.44798265076
Bender-Barker,1,43055.86651169888
Case-Ruiz,1,21000.087806223586
"Mercer, Cowan and Munoz",1,26058.906107338476
"and Fisher, Alexander Jones",1,8608.365209310135
Inc Steele,2,26355.395777866383
"Preston, Miller Reyes and",1,9712.122275099953
"Calhoun and Jones Jacobs,",1,50283.96565515967
Dean-Rasmussen,1,35314.675989331685
Jimenez-Wagner,1,49163.02121010445
LLC Sandoval,1,1557.6223028513011
Mann-Miller,1,33198.90948362553
Walter-Clayton,1,37199.109524805695
Combs Group,1,46569.76631510793
"Miller, Martinez and Mueller",1,45960.41983491608
"Watson, and Thompson Baker",1,26489.183032637422
"and Vargas Morgan Ferguson,",1,10364.195316521878
"and Roberts Roberts, Wright",1,46055.47260631593
"Norris, and Jackson Shepherd",1,32312.985475510573
"and Weber Miles, Nixon",1,12150.39014593704
"and Daniel Jackson Burgess,",1,11638.962503746612
"and Brown, Sheppard Stewart",1,48789.819514870804
Lewis-Pena,1,34466.52567241361
"Davila White, and Bowman",1,40239.73991827158
Inc Fields,1,31953.922263984554
Spencer-Weiss,1,14713.94139959671
"Martin and Barker Reid,",1,5052.151640957956
Parsons-Mata,1,11585.670799882642
Park-Marshall,1,5748.86860818505
Frazier-Lee,1,24670.353714916564
"and Lopez Sanchez, Davies",1,22744.11156662544
"and Porter Davis Floyd,",1,19626.489256643683
Inc Shannon,1,13383.634445173826
Mills-Jenkins,1,48441.55220229586
Davis-Frazier,1,9299.033553073377
"and Moore Anderson, Hardin",1,49438.55430609228
"Arnold and Green, Green",1,49547.899188694915
"Benitez Carroll, and Hutchinson",1,19209.203897305604
"Waters, and Phillips David",1,30963.118242664335
Hull-Smith,1,8265.076267312761
Wilkins-Taylor,1,42202.196218657824
"Cline and King, Le",1,21954.639729345337
"Johnson and Ford, Henderson",1,4305.320599584281
Robertson-Martinez,1,4277.825946755282
"Parker and Reynolds Simmons,",1,42010.946469536546
"Lucas, Dixon and Lopez",1,14464.098968867986
Romero-Pollard,1,6434.638005470804
Burke-James,1,39491.6198780382
Sons and Huff,1,11455.735555120293
"and Williamson Moore, Hawkins",1,4753.01955728071
Park-Snow,1,47347.70527280237
Morrison-Smith,1,22519.830119828468
Ray-Chang,1,26393.96064888779
Allen-Brown,1,14081.363987680552
"Savage Santiago and Williams,",1,22045.08733056406
Johnson-Rogers,1,7046.633467218767
Guzman-Carlson,1,9585.952127993727
"Holmes and Hughes, Phillips",1,34758.256750986024
"Neal Price and Smith,",1,22913.554253007936
Scott LLC,3,27227.16805056653
PLC Cook,4,76224.97815987932
Reynolds and Sons,4,116867.16311652839
Becker LLC,2,23551.44807282241
"Williams and Frye Castaneda,",1,20670.703630765795
"Barton, and Howe Rivera",1,2793.8777898580656
"Logan Smith Vaughn, and",1,27139.541095658125
Ltd George,1,19390.265984307927
Stephenson-Cruz,1,10581.42862969242
Inc Moore,6,173994.1346419866
Williams-Pena,1,21977.816749615293
Marks Ltd,1,43210.05824704524
Ltd Torres,3,33236.65525100788
Guzman-Dunn,1,40242.66358839352
"Wu, Lee Rivera and",1,24770.617703725402
"Anderson Stone Sutton, and",1,11880.447186827065
Mendoza-Lester,1,16342.839582731276
and Mason Sons,1,14727.98869503963
Brown-Graham,1,42014.42604007082
Atkinson-Ramirez,1,42953.917702914936
"Smith, Bruce and Johnson",1,19795.42384363157
Quinn-Barrett,1,24413.39224197217
"Duncan and Wright, Williams",1,40345.76248282441
LLC Salas,1,17133.385052519276
"Foster, and White Morton",1,22003.68986172072
"and Nicholson Olson, Reed",1,20505.091055146593
"Little Roberts, and Sandoval",1,47686.79062837938
"Arnold Gill, and Johnson",1,36015.470223830154
Kelly Sons and,1,26112.957055259758
PLC Hurley,2,68539.30233362978
"Martinez and Hughes Malone,",1,36588.691394992755
Stewart-Reed,1,38988.23481804396
"Reynolds and Pittman, Macias",1,26525.859590760672
Oliver LLC,2,12817.652620736804
"Ford Tucker, and White",1,40543.60815119775
Holloway-Donaldson,1,43750.00418474776
"Jones, and Walsh Murray",1,45993.878459445
Gill-Andrews,1,19650.331346166196
Huffman Inc,1,28944.59696722296
"Moon and Williams Watts,",1,15435.274611625475
"Miles Williamson White, and",1,30745.84972979413
Johnson-Schultz,1,26712.621484540632
"and Miller, Ford Williams",1,11481.129172883306
PLC Maldonado,1,20858.692098054107
"and Garcia, Edwards Olson",1,14554.176058749536
Carpenter-Bailey,1,21565.815739104375
Simmons-Walsh,1,30751.179733219044
"and Martinez Padilla, Barnett",1,7663.4753309847565
Lang-Johnson,1,31097.256898277006
Holmes-Lambert,1,47511.8727708487
"Savage, and Haas Carter",1,18467.884808890027
Wilson-Francis,1,25636.438926153514
"Hill Rivera, Wilson and",1,25849.056516638164
Hurst Inc,1,10733.489213496792
Ltd Myers,4,148835.0597807109
Curry-Wood,1,11244.888855869789
"Jones Lambert, Miller and",1,29749.713814966886
LLC Harper,1,18626.820083320985
Alvarez-Flynn,1,39123.35025009914
"Brown Martin and Berry,",1,24299.327556040167
Torres-Fischer,1,44540.90468037528
"and Ashley Decker, Hays",1,6108.54540073206
Reed-Pratt,1,23563.14136348273
Green LLC,1,6870.838656176617
Ramirez LLC,2,24160.867981866988
Larson-Roberts,1,41795.577102697265
Ferguson-Collins,1,20139.180412207377
Jones-Wallace,1,47331.93997099723
Rios-Boyd,1,47890.95404124237
Bush-Maxwell,1,23271.23104077615
Hobbs Inc,1,43000.67762166043
"Phelps Martin, and Petersen",1,32179.835807891377
Williams-Clements,1,16274.596001272259
"Hernandez and Gray Bennett,",1,25609.08879488105
Horton-Gilbert,1,35114.23693767748
Kerr-Murphy,1,35194.74073496842
Webb-Franklin,1,42015.38281867053
Fields-Vargas,1,42928.67371154494
Harris-Adams,1,42731.812939294476
Olson-Miranda,1,21586.187498616255
Tucker-Alvarado,1,22650.196818916455
Howell-Reynolds,1,14066.48450861325
Briggs-Wyatt,1,3537.0100074556876
"Gordon and Newton, Evans",1,5654.428961915342
PLC Johns,1,47464.11876112888
"Garner Brown and Carter,",1,15932.83515517069
"Hunter and Mckenzie, Parsons",1,13959.49118501693
Molina-Torres,1,30857.910322321484
Dunlap Ltd,1,14978.472160961412
"Sanchez Miller Tucker, and",1,45094.85620400816
"Ho, Roberson Garcia and",1,25138.1738889225
Bryant-Benjamin,1,9092.650364883351
"Cardenas, and Fox Simon",1,15885.668008084866
"Beltran, Rivera and Marquez",1,13572.768784618433
Mcintosh-Jackson,1,43719.997513100614
Taylor-Dorsey,1,18038.066600480888
"Roberts, Morales Butler and",1,48894.91537783286
"and Ramirez Figueroa May,",1,33343.902493747875
Gardner Group,2,32897.24722494939
Gonzalez Inc,5,107318.76305753694
Inc Daugherty,1,36324.5234754365
Phelps Group,3,72067.4505466113
"King, Williams and Terry",1,23857.4994842816
Diaz-Richards,1,23713.92381416509
"Franco and Trevino Clayton,",1,32482.155762868173
Sons and Patton,1,24490.018765910037
Kemp Sons and,1,47716.94028535166
Weiss PLC,1,19179.28390762682
Inc Watkins,2,26774.524175119484
"Carter and Green Watkins,",1,3523.6018161544516
Klein Ltd,2,29923.54890830533
"King and Grant Hines,",1,36598.97765075613
"Keller Stewart, and Mcbride",1,4921.155591682835
Burgess-Hanna,1,23159.88083830289
Johnson-Knight,1,3889.248391913864
"Hartman, Page Terry and",1,50438.093989515204
"Hahn Gonzalez, Smith and",1,38098.39696221474
Ltd Delgado,2,63736.14380440889
Barnes-Ruiz,1,37880.4726237242
Howell PLC,1,14387.373025467845
Ltd Murray,2,56985.98598082449
"Esparza Smith, Glass and",1,11972.362782278886
Webb-Allen,1,48502.25429624652
"Miller, Miller and Cole",1,30429.21239437057
Taylor-Reid,1,47306.388527345785
PLC Weiss,1,23806.307574967985
Gill-Hernandez,1,9317.809986548735
"Martin Gonzalez, Cantrell and",1,16881.153227528448
"Ali and Cox Johnson,",1,40115.17117856307
Page-Chandler,1,2364.429421800153
Reilly-Salinas,1,39450.20132130903
"Wise and Todd, Parker",1,10135.885442122959
Carson-Howard,1,34993.1340235804
Henry LLC,1,28513.662256315776
"Morris and Turner Wilson,",1,25673.07574926017
"and Richards Ramirez Chavez,",1,6477.307979407777
Levy Inc,1,2565.1632737602963
Ltd Salas,2,90940.72292795769
Jefferson-Carlson,1,31590.721565542284
Nguyen PLC,3,85243.19432221008
Woodward-Patterson,1,12779.397722858355
Peters-Johnson,1,15535.266637177929
"Walton Shepherd, and Carlson",1,21549.38962416184
"and Lopez Cross, Marshall",1,38098.04064228618
"Hughes, and Cunningham Sanchez",1,2078.4704543551948
Robinson-Pena,1,34526.901725963784
"Castaneda Terrell, and Rodriguez",1,44934.958769899735
Brown-Rose,1,35953.677042596406
Hill-Beasley,1,9610.581484536991
Martinez-Calhoun,1,18799.160540370045
PLC Morris,2,60514.925723377666
Swanson-Espinoza,1,43385.180459932264
PLC Barker,1,32210.308581176792
"Bell, and Long King",1,26001.185375356537
"George, Leach Duncan and",1,10736.274302382526
"Villarreal and Smith, Spencer",1,12644.683106119446
Group Shaw,1,23299.62845982715
Mccoy-Kent,1,44865.1112876021
"Payne Shaffer, Nelson and",1,41389.345931830496
"Garrett Cortez, and Price",1,15294.204387634698
"Patel, Lawson and Phillips",1,14235.242600932776
Sons and Roberts,1,37249.77670326949
Lee-Yang,1,35284.17508990334
"Howard Brown and Peterson,",1,47098.860016833925
Cook-Henderson,1,16296.899118784833
Martin-Campbell,1,37482.86580008381
Morales-Wright,1,22020.842581121382
Rocha-Oneal,1,33289.415326231785
Woodard-Baird,1,15631.566130227173
"Miller, Braun and Cruz",1,14137.178315877647
"Palmer Cooper and Paul,",1,16791.514945007988
"James, Huber and Jenkins",1,11017.56613975648
"Graham, and Lee Graves",1,4628.105590121059
Estrada-Ochoa,1,16738.822201859326
Howell-Humphrey,1,4257.574466494732
"Pratt, Rollins Hart and",1,31629.902364938625
"and Bender Shaffer, Henry",1,16450.346258526446
LLC Durham,1,48955.39877916093
"Chan Sanchez and Hodge,",1,35882.82009292548
"Zhang, and Mcneil Williams",1,9080.334569833776
"and Farrell Matthews, Ward",1,38122.40431699525
Holden PLC,1,22306.719195707927
"and Barrett Scott Johnson,",1,43985.08129941989
LLC Hurley,1,46397.989365679416
"Brown, Hatfield Olson and",1,36936.696441008986
Kelly-Cole,1,30994.40683563102
"Carroll, Robles and Johnston",1,20606.46061701613
Escobar-Tran,1,42756.02624961054
Wilkerson Inc,1,38702.12272910354
"and Hernandez, Lewis Collins",1,1519.7325699453247
Watts-Bartlett,1,3615.470264054311
"Young, Blackwell Allen and",1,3431.538851860379
"and Walton, Aguilar Lopez",1,44713.925705031485
"Morris Santana, Zimmerman and",1,32991.87331317293
English-Hale,1,30851.002103143288
Myers-Singleton,1,2645.0420631072457
Hayes-Howard,1,2555.305652894884
Faulkner Ltd,1,37536.41291188725
"and Estrada, Woods Long",1,21589.781420097475
"and Robinson Clark Davenport,",1,9643.580290509955
"Lawrence Harrison, and Williams",1,45982.39764228573
"Fernandez and Phillips, Singh",1,30590.54180634067
Velazquez-Patton,1,33706.59767068356
Kelly-Watson,1,22032.38958674227
and Weber Sons,1,41548.40831447708
"Willis and Hunt Pope,",1,39250.447438707764
Ramirez-Humphrey,1,40577.60119669361
Hahn-Wilson,1,21429.67391209684
Horton-Boone,1,11023.287473805882
Harper-Hicks,1,8152.699386194107
"Contreras Myers and Young,",1,21305.51633797254
Ltd Curry,1,30789.006660254683
Dean-Smith,1,3027.993159971465
Martinez-Potter,1,5030.845781498045
Rodriguez Sons and,2,75263.98654195399
Osborne Group,3,71681.9379438241
Mann-Soto,1,32825.41733774414
Sons and Powell,1,43013.506084869805
Stafford-Johnson,1,23365.10471264521
"Munoz and Swanson, Tran",1,29751.997270591906
"Smith and Garcia Ross,",1,7744.415837747581
Scott-Davies,1,33844.28890197142
"Smith Coffey and Finley,",1,20514.43645712957
"and Greer Hall Harrison,",1,16985.491665997775
"Thomas and Baker Smith,",1,4459.294750726323
"Weber, Barrett and Weiss",1,25566.649147475608
"Garcia Mosley, and Baker",1,45237.94253068584
Cox-Sims,1,27981.07215426928
Sons Flynn and,1,40646.91411844089
Perez-Robbins,1,13175.351631496764
Ltd Moran,1,36458.48475520698
Sherman LLC,1,37955.420180033376
Mitchell-Cline,1,8495.552341992556
"and Beck, Scott Leblanc",1,11191.023729271767
PLC Mahoney,2,59623.39184954856
"Davis and Jordan, Turner",1,31369.713521748683
PLC Carey,1,4395.425762382353
Armstrong-Bernard,1,11207.275278704816
"Santiago, Hansen and Jones",1,6506.859734059959
Finley-Schmidt,1,17160.78823852752
Estrada-Lin,1,32027.25379758141
Strong-Stokes,1,38048.4269503665
Howell-Saunders,1,29242.59783137356
"and Miller, Patton Hartman",1,2779.889124977408
"and Boyer, Archer Lopez",1,3241.6242504680094
"Wright Rios, Ellis and",1,31795.91637146235
"Harris, and Hoffman Greene",1,32900.04428508757
"Davis Day, and Dunn",1,30298.41076786426
Wilson-Guzman,1,49603.58609658627
Sons Blair and,1,21145.15776949949
Sons and Robles,1,29015.708067913616
"Hodge Stewart, and Williams",1,33489.48428193862
Allen-Copeland,1,11416.336227479265
"Randolph Yates, and White",1,20090.20153591724
Graham-Lopez,1,47019.94386477998
"Haas and Ho Riley,",1,13093.253124667865
"Haas Thomas and Payne,",1,47038.05310291409
and Owens Sons,1,16955.561956710222
Christian PLC,1,10106.728712559858
Carroll-Berry,1,11560.655157250289
Knox Ltd,1,27587.774890553294
"Steele, and Gentry Rogers",1,49984.18831942307
Brooks-Herring,1,19807.36742103797
Gonzalez-Moyer,1,9403.023828929427
Oneill-Anderson,1,51294.319556848015
Fisher-Lewis,1,21268.730798410143
Hernandez-Davis,1,31258.588724208268
"Charles, Robbins Rios and",1,24767.31080313632
"and Andrews Miranda Watson,",1,4786.776258829806
"Henson, Bennett and Becker",1,17625.171286897177
"Smith, Jones Gonzalez and",1,42466.80496285209
"and Gibson Levine Thompson,",1,5404.571052963661
Perez-Collins,1,10881.354015453404
Turner-Rodriguez,1,34329.95050026074
"and Thomas, Smith Bailey",1,25331.00989356816
Martinez-Jones,1,25721.518076927747
Salinas-Shepard,1,31795.379771138465
Kelly-Santiago,1,45030.62547877344
"and Kim Anderson Adams,",1,46999.36056673482
"Flores Stewart, Johnston and",1,27919.478893022406
"Thomas, Cox and Johnson",1,25992.90679395198
Castro-Lopez,1,40870.745857385526
"Cook, and Douglas Gray",1,32808.83094328391
Curtis-Hensley,1,26715.27634932759
"Gordon and Berry Tucker,",1,10750.826240832921
"Chen Stone Conner, and",1,20313.814318828725
Macias-Garcia,1,32958.39006180868
"Christensen, Coleman and Decker",1,10307.821869341553
"Cooper Dennis, and Bowman",1,3135.9616114460773
"Watson, Hale and Espinoza",1,38916.19114116862
and Sons Rodgers,1,10547.47711256591
"and Morgan, Smith Patterson",1,41904.24932010859
"Collier, Brennan and Smith",1,17323.77454319129
Inc Stafford,1,22906.74533786348
"Daniels Rogers, and Hunter",1,39012.08307409803
Ltd Hopkins,1,19373.778116384638
Woodard LLC,1,32713.030028156
"Carpenter Walsh, Mccarthy and",1,42324.1224949557
"Jackson Chapman, and Foster",1,47060.876696100306
James-Booker,1,45431.62316774419
Thomas-Long,1,15754.849403262131
Rice-Vasquez,1,20176.947233144037
Maddox-Bryan,1,10914.757469821048
Conner-Stevenson,1,33383.154831618325
Lawrence-Jackson,1,10771.326321756316
Chase-Vance,1,36036.158943623836
LLC Mcconnell,1,29837.26032981539
"Bentley Good, and Barr",1,47355.28236857735
Elliott-Schwartz,1,41869.90111640188
Owen-Manning,1,42767.27478773548
Mendez-Jenkins,1,48111.9597436581
"and Herrera, Miller Adkins",1,40798.190655937455
Group Frank,1,15153.005479101757
LLC Bailey,1,10358.364481610266
Maxwell-Hutchinson,1,19973.97475743741
Wallace-Calhoun,1,25524.711996528018
"and Garcia, Herrera Wilson",1,2333.95300812774
"Mccann Gonzalez, and Newman",1,6860.120205655927
"Yang Martinez Harris, and",1,24220.543593496783
Guerrero-Boone,1,5767.011053816016
Ltd Thomas,6,133650.32687251034
"and Ramos Brown Edwards,",1,15826.10127625393
Johnson-Collins,1,49492.13631959721
Inc Mercer,1,42510.687790141914
"and Smith Conway, Byrd",1,31511.119645728886
"and Foster, Allen Valdez",1,18416.9287542296
Roberts-Sexton,1,24500.18701429384
"Edwards, Fry and Lopez",1,15579.669126052524
Shaw-Mullins,2,36939.529407774666
"Acosta Weeks Yates, and",1,5036.830970466603
"Velazquez Schmidt and Douglas,",1,9000.222951342115
Ltd Rodgers,1,20157.898454435504
PLC Fischer,1,44455.981189821534
Ortiz-Smith,1,36980.87572587638
King Inc,3,99085.24803605076
Rodriguez-Schmidt,1,24578.94004774029
Rowe PLC,1,11401.997354130332
Lane-Pitts,1,49948.98876190432
Reid LLC,1,28972.141114143702
"and Klein Thomas, Miller",1,36812.94260098908
Elliott-Jackson,1,24281.36815765981
Winters-Middleton,1,39038.248861168104
Solomon Ltd,2,17126.615177061707
Parker-Newton,1,29793.30703446396
"Rodriguez Duarte Warren, and",1,46268.37332128192
Sanchez-Spencer,1,50204.734079353635
Snow LLC,1,21267.52182118071
Reese-Hernandez,2,61050.546313820756
"and Vincent, Taylor Stewart",1,5767.354273552395
"and Thomas Foster Butler,",1,2413.5010298815037
"Gonzalez, James and Davis",1,15326.607878682373
"Lopez, and Jackson Gomez",1,32777.70073481855
and Sons Bond,2,59666.96743870441
Peterson-Ortiz,1,49459.622751342795
"Livingston, Allen and Burns",1,49459.090827475055
"Brown and Henry, Suarez",1,34443.99373790026
Arnold-Nguyen,1,39686.34887917945
Ballard Ltd,2,60125.800164217915
"Cox, Moore Pugh and",1,11421.137531170081
Blair-Butler,1,8748.602263148916
Williams-Herrera,1,40468.79460011964
Warren-Gomez,1,20703.481982444377
"Paul Maxwell Sanchez, and",1,44432.572629115675
PLC Schultz,1,27906.542411926832
Huff-Davis,1,29988.036409586613
Hernandez-Brown,2,43146.831009872905
Haynes-Jordan,1,39924.321704812275
Barajas-Hughes,1,4109.840856910636
"Anderson Watson Moody, and",1,14632.636221179584
Hickman-Jackson,1,48656.5004894765
Thompson Inc,3,64835.712172223786
Williams-Carlson,1,5005.65936941757
Davis-Mann,1,14463.597643405154
"and Mitchell White Mendez,",1,27975.32664621848
Macias-Martin,1,5356.97167197909
Meza-Hamilton,1,45442.91306317228
Oconnell LLC,1,27458.38006593254
Pham-Bolton,1,21192.46314337972
"Watson, and Zuniga Freeman",1,35144.06866286906
"and Turner Watkins Haynes,",1,39706.95200181209
Phillips Inc,4,133837.3971789664
"and Gutierrez, Gonzales Mathis",1,10236.274103197364
"and Hart Clark White,",1,10905.442217231797
"Crawford, and Cummings Beasley",1,34226.148225642115
"Bell and Little Romero,",1,5193.082095521609
Contreras Group,1,47612.33346056531
"Fisher and Vance Murphy,",1,2224.7538367838783
Macdonald and Sons,1,39148.17680247225
"and Myers Hernandez, Moore",1,43682.16911963099
Heath-Gibson,1,7489.625357899052
Bowen-Aguilar,1,39649.18581978915
"and Simmons, Jones Liu",1,48605.16877017836
Gonzalez-Torres,1,18556.38609853296
"and Mitchell Snyder Miller,",1,46415.06060576705
PLC Evans,3,80213.786433601
"and Owens Bailey Rivera,",1,44774.2815601657
LLC Prince,1,21795.759561208662
Barker-Mitchell,1,-135.7190734771532
"Roberts Thompson Martin, and",1,24351.582920859386
Montoya Inc,1,15070.347068759327
"Kent Burke, and Haney",1,13048.54622467699
"Gonzalez and Velasquez Wright,",1,39980.4150689765
Allen LLC,2,27601.12955629539
Colon-Rowland,1,47410.96727907417
Murphy-Reeves,1,46690.935114936176
Matthews-Vincent,1,6370.8311529534485
Inc Neal,1,45027.46464444595
Goodwin-Clark,1,25104.549114890684
Garcia-Martin,1,45023.12247442617
Pena Ltd,1,4550.740343453522
"and Weaver Morse, Daniel",1,32853.0407485498
"King James and Klein,",1,41661.20471585758
Jackson-Mitchell,1,46628.35134003028
"Zimmerman Collins, and Smith",1,17815.916295989788
Myers-Lloyd,1,40745.24785014926
"Rios Harris Simmons, and",1,26446.277825585275
Hernandez-Stewart,1,37545.36032843562
"Thompson, and Warren Murray",1,14760.56756253633
"Caldwell Weber and Cooper,",1,27234.418267396675
Arellano-Rivera,1,46930.913916397316
and Hines Sons,1,36984.595641459986
Wright-Carpenter,1,31744.45156367186
Lamb-Morrison,1,7620.726606596708
Cervantes-Weaver,1,46383.3708917269
"Ramirez, and Lee Cobb",1,44007.648080856794
"and Watts Butler, Bates",1,36228.04587272902
Frederick Ltd,1,35758.97502051357
"and Horne, Shaw Brown",1,48234.05955192131
Frazier Ltd,1,11892.03680282622
"Myers and Wood Davis,",1,31409.05660119628
"Campbell Johnson Chambers, and",1,5781.509899328862
"Powell Hansen, and Landry",1,46850.526119771996
"Moore, Miller and Rodriguez",1,45664.027745337306
Ltd Zuniga,1,11844.644473598382
White-Garcia,1,32437.587246801682
"Vargas, Martinez and Valdez",1,8310.312994412325
"Ward Jenkins, and Monroe",1,16843.02996902059
"Hall Erickson Paul, and",1,33122.54757653069
Smith-Fisher,1,47237.51616523794
Inc Ruiz,2,33811.62586501028
Baker-Haas,1,46575.85234532285
Kim Inc,3,97333.89565403105
Hart Ltd,1,47909.12880987492
PLC Anderson,8,121809.96392783984
LLC Haynes,2,57253.87669629531
"Smith Rodriguez and Buchanan,",1,41392.78012487011
Williams-Gordon,1,28087.59444050765
Lambert-Brandt,1,27191.41890622795
Group Blake,1,14572.19983645738
"Jones, Valentine Pacheco and",1,15850.205242730506
"and Gardner Torres, Rosario",1,43940.13607357425
Richardson-Powell,1,45692.90264520227
Wilson-Torres,2,54154.18181345606
"Bishop, Wright and Wright",1,47173.49197783474
Joseph Inc,1,13294.12236194527
Carter Group,4,60327.634320773424
Marks-Stark,1,3579.1451251474473
"Vazquez, Coleman and Wallace",1,44117.41574270213
"Obrien Lewis Anderson, and",1,12631.491595807645
Ltd Freeman,1,3879.2207056409875
Oneill-Sharp,1,31329.480596277954
"and Mccormick Nelson, Parker",1,1130.055102694925
Alvarez-Zamora,1,17938.892308272225
"and Webb Knapp Williams,",1,4439.676283498598
"Riley Wood and Lewis,",1,3432.2178398382284
Carlson Group,1,32700.100662488683
Lewis-Brown,2,25638.367326787717
Fernandez-Gonzalez,1,17455.151251564886
Tucker Ltd,2,82314.79414339704
"Garcia Snyder, and White",1,27537.22665622847
"Harding Jenkins, and Mcneil",1,42423.59920849732
Ferguson-Hicks,1,35901.69116721717
Inc Buchanan,1,13781.522035785374
Hancock PLC,1,5683.950226523266
Harvey-Wright,1,41751.109646889374
Conrad-Lee,1,21660.254674155953
Martinez-Tucker,1,36848.037200712555
Tate-Johnson,1,40508.78896080362
Odonnell-Frazier,1,26154.77788100621
"Ellis, Hutchinson and Hawkins",1,40679.589879455656
"Wolf Lopez Harrison, and",1,26352.737251694598
Wagner-Stephenson,1,4483.575022413191
Davidson Ltd,1,34650.114581599606
Howard-Wells,1,21375.897232923806
Kaufman Inc,1,32477.619333016446
Inc Cooke,1,32220.22563773285
Sullivan Ltd,3,79516.09232229147
and Sons Stafford,1,14578.178700193754
"and Lynch, Lewis Turner",1,15615.043589122382
"Owens, Garza Baker and",1,41621.38108236681
Sons and Noble,1,24333.344020043387
Fuller LLC,1,7522.863110331058
Ross-Rangel,1,39079.17334485815
Group French,1,49807.53082606466
Ltd Hammond,2,25686.117623356116
"Flowers, Johnson Hunter and",1,45283.50802272999
Sons and Horton,1,41291.81636427154
Mason-Reynolds,1,13130.2677549431
Parsons-Kelley,1,8669.890690780572
Marshall-Tapia,1,15340.954778185265
Arnold-Thompson,1,37774.471532655
Peterson-Perkins,1,30815.884603513376
Sheppard-Washington,1,13503.69714771846
Jackson Sons and,2,15985.937957501901
Ltd Harper,1,26160.92141810705
"Nunez, and Brown Mcdaniel",1,10514.879204672454
Mays-Boone,1,11831.666401318258
Haynes Ltd,1,29643.810301760943
Inc Gross,1,36143.31940208131
"Douglas, Larson and Perez",1,24786.582263486387
Kelly-Ballard,1,9176.405814610489
Marshall-Stewart,1,22808.691526963554
Lozano-Hill,1,42592.79528752565
Palmer-Harris,1,20258.023047822113
PLC Combs,1,3369.7059148374624
Lopez-Little,1,30297.527021813035
Wall and Sons,1,45603.939178152934
Davis-Love,1,24461.50035284719
"Lee, Parker Weber and",1,29655.199375165445
Burgess-Chapman,1,2596.418530272243
"Davis, and Davidson Brown",1,44140.29626997451
Flores-Maldonado,1,5790.6167471596
"Davis Adams Summers, and",1,12016.659513404613
French-Boone,1,50652.3978286244
"Carr Russell Prince, and",1,2797.5612985512084
Brown-Lewis,2,44116.967836214935
Walter-Moody,1,16750.125226358105
Parker-Garrett,1,49425.04853896945
Hicks-Williamson,1,36585.79460682497
Cross PLC,1,3760.711926930773
LLC Barton,1,47462.611932053376
Rivera-Ramirez,1,38297.45984654286
PLC Osborne,2,53506.02728319279
Brown-Ortiz,1,7605.987533472295
"Campbell and Miller Holland,",1,31695.341343657157
"Jackson, Smith and Green",1,45404.5685037127
"Matthews Poole, Herring and",1,23726.893238162742
"and Taylor Summers, Powell",1,6820.93250807709
"and Knight Howe Humphrey,",1,48131.46648799832
"Morales, Austin Edwards and",1,26625.31757025419
Hughes-Sanchez,1,29040.331771914432
"and Carrillo Carroll, Watson",1,24980.04902547331
White-Small,1,14279.656562128685
"Mullins Wallace, and Hill",1,14958.220505750265
"Simmons and Quinn Donovan,",1,32297.413071058436
Cole-Burke,1,2873.146307400777
Rodriguez-Allen,1,44815.33971465043
Russell-Jones,1,29790.902376601378
"Ruiz Taylor and Harris,",1,5518.08423890491
Warren-Gutierrez,1,4959.671607686238
"Barnes Santos Andrews, and",1,43287.281083863316
"Carey Gonzales White, and",1,30923.316108301184
"and Brown Pierce Knight,",1,10667.238209544257
"and Alvarez Jennings Roberts,",1,2714.49133875644
"Harmon, Wagner Solis and",1,34099.6876668471
Lawson-Reeves,1,39219.49608699178
Cook-Larsen,1,39490.28063270587
Miller-Fernandez,1,31119.244536111044
Mcbride Sons and,1,45744.1629775574
"Smith Thomas Watson, and",1,20124.6281356288
King-Stephens,1,37612.39171027552
Miranda-Elliott,1,10332.176476110666
PLC Hull,2,65933.81831142018
"and Richardson Kline Kemp,",1,31463.52343743141
"and Maldonado, Owens Wright",1,19850.28978943591
"Gray Hodges and Rodriguez,",1,27649.855902158677
Inc Coffey,1,3114.714228358739
"Stevenson, and Jones Wright",1,17893.53633469223
Mcdonald-Moody,1,36838.89959392812
Luna Inc,1,28837.677052507202
PLC Dixon,3,88648.34432236172
"and Morrison Ho Woods,",1,5349.056116311976
Snow-Day,1,23523.596818012742
Carpenter-Chen,1,39180.2990948298
Group Sellers,1,13276.701765872258
Ltd Ward,3,34435.418289395144
"and Hall Little Moon,",1,6549.173752573523
Floyd-Hayes,1,50240.703418287754
Cooper-Bishop,1,14070.319760363796
Strong PLC,1,28120.578171706973
"Scott, and Peters Burns",1,46417.34774067208
Cervantes-Sanchez,1,10892.654584406033
Sons and Contreras,1,8201.64268185407
Hernandez LLC,2,37799.77394470589
"Mckenzie Maldonado, Acosta and",1,37425.119008199836
Knight-Hayes,1,35465.81311139029
Lane Ltd,1,40819.10384481369
PLC Perez,4,143018.0872007411
Smith and Sons,3,73957.69148676193
Sons and Taylor,4,87447.92463120307
Campbell-Hodges,2,46529.84589723365
Parker-Campbell,1,13535.316310129167
"Heath, Smith Kennedy and",1,24116.81984306086
Russell-Knight,1,6850.20389958319
and Perkins Sons,1,32316.06196724664
"Cohen, and Bowers Conley",1,43198.33719772813
"Ford King Henry, and",1,13757.424445548108
Cross-Smith,1,23296.48331793778
Group Miller,8,282536.81880455115
"Zuniga Rogers and Jones,",1,11993.950729301516
and Sons Rodriguez,4,82872.89595150898
Reed-Reese,1,46541.7386421687
Parsons-Villa,1,38803.33759312379
Austin Inc,1,42983.381101607185
Jensen Inc,1,11586.6693192594
Sons and Cantrell,1,14949.437964494276
Torres-Rice,1,10358.663921599013
"Bishop, Duncan and Carroll",1,34723.077880001125
"Watkins, Campbell Anderson and",1,22484.18836163805
Group Black,1,31228.865133730902
"Ramirez and Clark Evans,",1,49516.279569612554
"Barajas Wood, and Shaw",1,34502.8811030513
Woods and Sons,1,46807.783986998096
Patel-Adams,1,40441.75234679207
Martin-Lewis,1,27991.74709571044
"Perkins Meadows, and Rush",1,34925.05233157486
Deleon-Sutton,1,26777.32615314707
and Davis Sons,2,51305.28930288502
"and Guerrero Calhoun Trevino,",1,20713.974924085116
Hayes PLC,1,8377.209146582134
"Mullins, and Vega Gibson",1,33022.111820045626
Lester-Wilson,1,21261.507928276176
"Ward, and Barnes Hensley",1,39863.563011054895
"and Santos, Fox Williams",1,3232.446332876923
"Jennings Murray and Davies,",1,23348.636448117533
Bryant Inc,2,68689.78885459727
"Little, Gibson Williams and",1,48645.75606696699
Butler-Rodriguez,1,22366.33454413178
"and Santos Williams, Johnson",1,17506.75012027935
"and Harris Williams Bernard,",1,43111.48928859038
Sandoval LLC,1,1715.8925336401262
"Riley, and Ramirez Anderson",1,28976.363835108663
Cunningham-Gonzalez,1,43651.63608242732
Scott-Clark,1,25844.391545733164
Cervantes PLC,1,41981.28816165578
Griffith Sons and,1,19686.057897574115
Cummings-Johnson,1,2693.876277503341
"and Wheeler Armstrong, Vazquez",1,19522.86188414988
Mahoney Ltd,1,50262.419293412175
"and Mendez Brown Reed,",1,29676.424532867575
"Carson and Williams, Garza",1,15910.247383959328
Taylor-Dean,1,24053.1275988841
PLC Huff,1,19565.88342719294
Morgan Inc,1,3167.041226724374
Griffin-Gordon,1,23797.74133718786
"Phillips Garcia and Jimenez,",1,15235.707230524053
"Kelly Smith and Hodges,",1,5810.140168802252
"Jones Levy and Duncan,",1,31787.80490205635
"Lewis Clarke Wood, and",1,36117.20065794575
Stone-Myers,1,48437.699422047095
"Ewing, Rasmussen and Buckley",1,46286.67384134525
Wright-Henderson,1,20149.06545016826
"Nunez Greene Kemp, and",1,12766.364003479506
Gonzalez-Jackson,1,44112.431589678374
"and Guzman Snyder Rose,",1,47222.39219839037
"Howard, Obrien and Cannon",1,12936.18013476754
"Robinson Glenn and Joseph,",1,14176.075202212816
"Young, Escobar Nolan and",1,1319.2002145341544
Thomas-Harris,1,39300.42878135788
Walker-Lozano,1,35079.81941272353
Hendrix Group,1,23878.313508690462
"and Jones Perry, Hill",1,20445.67106272502
Perry PLC,1,44565.28085577544
"Taylor, and Garcia Lester",1,7111.089471026454
Griffin Ltd,3,77398.48218504069
Davis-Bennett,1,39636.47536260754
"and Campbell, Sellers Gutierrez",1,17449.80971589371
Group Brooks,1,20638.149265256314
"Baker Mills and Cobb,",1,20945.051696805273
"Taylor, and Herrera Martinez",1,20719.444973242975
Marsh-Tran,1,24304.244857053574
Johnson-Barnett,1,42097.39507947923
Robinson-Snyder,1,18668.95648696895
"Solis Fleming, Maxwell and",1,23120.265443260247
Duffy-Blake,1,24157.538842083777
Sons and Stevenson,1,28826.135511320594
Evans-Brown,1,23270.437791483422
Osborn Group,1,31524.838742352145
"Lopez Potter and Mcdowell,",1,34122.92081542109
Harris-Payne,1,31895.50678651746
Ortiz PLC,1,11797.557775282663
Turner-Wood,1,20734.576314957972
"Diaz and Barber, Morris",1,27332.476353142723
"Knight and Collins Jackson,",1,38629.265037776866
LLC Sosa,1,48063.23311166834
Group Stewart,3,124511.5308945408
Burton-Fuentes,1,12132.318534536835
Ltd Parsons,1,16208.948523188124
Blackburn LLC,1,17802.512244159483
Ayala Inc,1,32625.641450872692
Torres-Gomez,1,28575.726761217255
"Riley and Hughes, Buchanan",1,17979.842443824156
"Andrews Lewis Rivas, and",1,2799.315763361165
Ltd Mason,1,8129.669888735114
"Powell Robinson and Valdez,",1,45820.46272159459
Young-Smith,3,49376.15403403211
Warren-Brown,2,26151.663037612077
"Stevenson, Harding and Woods",1,20590.515395957
Oconnor and Sons,1,43131.252177573115
"and Valencia Flores, Byrd",1,35722.02234543176
Henderson-Cruz,1,20161.43740991048
"Jackson, Phillips and Dennis",1,39979.243892267186
Ltd Phillips,6,171645.060433157
"Tucker, and Ramirez Patterson",1,20891.35227658936
Bradshaw-Meadows,1,7271.644184242494
"Wilson and Thomas, Anderson",1,10023.488068374245
Fernandez LLC,3,77372.74182045765
Thompson-Hays,1,47202.93552377447
"Fernandez, Robertson Maxwell and",1,37484.952745325805
Group Sullivan,3,101317.07140622244
Smith-Lewis,1,27276.04822957843
Atkinson-Patrick,1,32062.1613484317
Gomez-Baldwin,1,49343.191343064515
Sons Mcmillan and,1,23319.285782995048
Walters Inc,1,27969.983026469712
Shepard-Mendez,1,44198.91390173191
Rasmussen-Yang,1,33988.16523131576
"Solomon, Mejia and Quinn",1,29448.055237956436
"and Krause Walters Bird,",1,25722.583531407454
Kelley-Johnston,1,28831.63718653037
"Dean, and Turner Horton",1,30996.247568303927
Kelly-Johnson,1,33287.35043317944
"and Torres Wilson, Mann",1,42692.358364502565
Ruiz-Solis,1,17492.5645732486
Lynch Ltd,1,8880.424016330171
Williamson-Dean,1,43350.20720107809
"Boyd, Lee and Vasquez",1,43776.48611431031
Williams-Evans,1,12401.516421982815
"and Giles Griffith Leonard,",1,9426.96082747732
Hogan PLC,2,78048.5997208971
"and Smith Lewis Green,",1,9270.883191038532
Valencia-Bell,1,36906.13027100141
and Sons Brown,1,49269.31660676645
Reeves-Zhang,1,10348.689670145595
Jackson Ltd,2,61044.68903335627
"Wolf and Lopez, Lam",1,27534.67474696949
Miller-Phillips,1,13878.957979712215
Hughes Sons and,1,42567.85217554515
Kelly-Jones,1,32192.20510662194
Warner-Smith,1,24547.556122814804
"Higgins Sherman, and Walton",1,48831.44827120638
Brown-Bailey,1,1467.9173332924652
Moore-Patton,1,36392.608047636466
Williams-Green,1,14802.754299702587
"Martin, Brown Green and",1,45486.658176182325
"White Stanley, and Robinson",1,49472.47857578292
Sons and Medina,1,6983.955342142205
Myers-Gutierrez,1,1623.1536697871647
Blackwell-Smith,1,26176.313416087985
"and Harris Bridges Cherry,",1,27025.25292497314
Lopez-Owens,1,31217.134272019317
"Hernandez, Santos Mullen and",1,21794.426443051227
Washington Ltd,1,16683.826612894696
Sons and Gonzales,1,13105.171476656053
Mayer-Rodriguez,1,8529.160378318538
"Jennings and White Hudson,",1,949.4767736244219
"Garcia and Deleon Jenkins,",1,17688.091631163465
Robinson-Carlson,1,5184.786630668057
Ellis-Little,1,51037.4802609312
"Adkins, Guerrero and Kelly",1,2579.0055923767613
Garcia-Lawrence,1,30469.394290870434
Smith-Mathis,1,30643.675481121918
"Roach and Lewis Graham,",1,9958.075948257592
Rice-Cohen,1,49767.6934672072
Hensley LLC,1,29741.9062490733
Hubbard-Williams,1,18359.578854266714
Ltd Reese,1,9629.911442459297
Walls Ltd,1,44647.32293383077
"Rodriguez Hartman, Ross and",1,41992.0181943772
"Williams Torres, Lewis and",1,34137.240837529775
"Fisher, Ruiz and Turner",1,32192.6813752216
Holland-Nelson,1,39792.42349344685
Harris-Delgado,1,16117.820432008688
Wilson-Haynes,1,15040.03215256025
"Smith Harris and Ball,",1,25035.610607874747
"Wilson and Smith, Perry",1,20236.048105616443
"Keller, Johnston Glover and",1,38460.68506313046
"and Becker Holmes Espinoza,",1,21060.099854079457
LLC Holmes,1,21644.556488965216
Sons and Holt,1,14242.884412539552
Robertson-Martin,1,27645.63470319935
"and Cuevas Johnson, Jackson",1,4459.304881743209
"Robinson Graves and Miller,",1,36082.308912918365
Bell Sons and,1,21710.65717623095
"Mcmahon, Delacruz and Rodgers",1,26725.300747533052
"Willis and Taylor, Fernandez",1,9432.843379323005
"Shaw and Taylor, Morales",1,44163.27216111414
Owen Sons and,1,10355.902528247716
Perkins-Jimenez,1,37910.03423118597
Humphrey LLC,1,28402.11435735222
Martin-French,1,14630.601646177533
Nichols-Fitzgerald,1,20403.675059339228
"Cooper Tucker and Powers,",1,20651.550392989673
Perez and Sons,3,85248.64134280359
Gonzalez-King,1,49321.15763149177
"and Lambert White, Vargas",1,31732.130077881913
Morales Group,2,61300.799088213265
"and Medina Morgan, Whitehead",1,5826.244027054134
LLC Cabrera,1,42200.51465496005
LLC Flores,5,166328.15024519255
Reyes-Crawford,1,1656.548217052969
"Garcia, and Marshall Maxwell",1,11095.401850594151
Rivera-Mosley,1,37903.29004442361
Ltd Marquez,1,47559.87976304289
Benson-Cook,1,32095.92606096527
Vargas-Walker,1,13670.11031140224
Sons and Lewis,1,15157.877025097483
"Marshall Holden and Small,",1,22249.958373295434
"Smith and Fisher, Gonzalez",1,25197.804976147087
"Robbins and Morales Fry,",1,42141.55964803953
"Burgess, Massey Osborne and",1,39166.45521686429
"Hester, Thomas Richards and",1,47122.778248421055
Chandler-Ballard,1,29688.356683813283
"Perez, and Meyer Summers",1,49214.06590543714
"Phillips, Brooks Heath and",1,1208.896757932063
"Garcia, Williams and Hernandez",1,47086.17656302804
Group Lynch,1,45026.14820697541
Byrd Ltd,1,14896.336628008256
"and Gardner Frye, Brown",1,34825.47006434727
"Hill, Mann Stevens and",1,26060.283470209073
"Sherman Scott Arellano, and",1,1422.4346727279026
"Meadows, and Guerrero Scott",1,25044.381285383064
Mckinney-Wells,1,7547.027984205289
"Lopez White, Ross and",1,8814.69322361175
and Sons Morales,1,41723.047848739334
"Jensen Gross, Arias and",1,13355.095013885515
"Walker Garcia, and Williams",1,19335.88586252269
"Miller English Brady, and",1,34356.69266232397
"Arellano, and Burch Walsh",1,44430.21079222895
"Price Cole Davis, and",1,17863.829125790176
Sanchez-Fischer,2,60850.739122737614
"Taylor, and Alexander Pratt",1,3616.9709887368567
"Gordon and Smith Garcia,",1,34501.02306340985
"Olson and Lopez Torres,",1,30239.223609635777
"Reyes Allen Reynolds, and",1,46918.487819084694
"and Dickerson, Morales Burton",1,4104.794793483634
Smith-Johnson,2,31329.900682942975
"Cummings Johnson Santana, and",1,9577.83258111158
"Williams Allen, and Carrillo",1,24532.654426283134
Alvarez Ltd,2,76166.53240186308
Richardson-Hart,1,6844.229088207067
"and Jordan White, Welch",1,28325.88363327437
"Farley and Ortiz Martinez,",1,48161.18162136744
Vega-Walker,1,23143.420836674744
Hunt-Little,1,7352.896991934145
Rollins-Larsen,1,32580.871265981827
LLC Benton,2,26235.179144884372
Rodriguez-Rivera,1,37138.91969583466
"Garcia, Johnson Jimenez and",1,47234.073235110794
Ltd Chavez,2,36167.93160937237
Watson-Lopez,2,38435.07427427321
"Small, Bradley Deleon and",1,47769.44863702614
Murphy-Orozco,1,35821.034555457874
Greene PLC,1,45228.07735695945
Ruiz Inc,1,25951.88785305391
"Hamilton and Thomas Velazquez,",1,28404.824571519723
Hardy-Figueroa,1,37308.696545204664
"Phillips and Mcclure Caldwell,",1,12024.616594919902
"Bell, Smith and Rodriguez",1,30713.676300361738
"Mendez, Roth Patel and",1,47515.239654995385
"Nguyen, Golden Andrews and",1,11850.893412916472
"Graham Butler, and Mendoza",1,42256.575707846634
Maldonado-Bryan,1,49528.68631964937
"and Davis, Powell Santos",1,10345.989406099037
Group Green,3,100713.4939876588
"Hill, Krueger and Miller",1,25221.808902950095
"and Turner Torres, Garrison",1,30182.15807768027
"Barton Torres, Sutton and",1,31986.702486514027
Contreras-Ryan,1,27025.263238504773
Whitehead-Mathews,1,14595.621435030112
Roman-Noble,1,5638.72564586189
"and Lucas, Owens Graves",1,28573.727915866923
Andrews-Cohen,1,24882.155405665373
"Jackson Williams and Johnson,",1,18751.65685022177
"Burton and Miles Welch,",1,36571.33072602214
Barnes-Chang,1,30147.057407458302
Johnston-Frost,1,28297.778258484846
"and Crawford Morales White,",1,7552.536673302236
"Fisher Carlson Jones, and",1,7637.47902839623
Baker-Hogan,1,43667.47515478563
Turner-Garcia,1,44832.77918014326
"Hill and Poole Goodwin,",1,32383.95294414585
Jacobs-Schneider,1,40550.29786569231
"and Arnold Meadows, Rivas",1,4268.798322268476
Ltd Gutierrez,2,42696.25031059001
Acosta LLC,1,36088.218576901425
"Norton Wiley Clayton, and",1,24945.137546709935
"Davis, and Reeves Davis",1,11638.191259314628
Flores-Garcia,2,63754.89770933408
Turner-Lara,1,42996.62121509142
"Sellers and Lawson Hunter,",1,39015.816578650134
"Brown, Gibson Lynch and",1,43227.60341933856
"Morales and Reid, Mcmillan",1,31347.847092984375
Fitzpatrick-Perez,1,8817.663339240717
"Wells, Ruiz and Lopez",1,23007.728655460647
PLC Vaughn,2,28026.919759504355
Swanson-Collins,1,26980.47575173666
Campbell-Bird,1,30902.674096825805
"and Myers Crawford Scott,",1,22682.85410058398
Perez-Shaw,1,7165.078249370885
"Long, and Becker Greer",1,29320.388398087714
Foster-Cooper,1,27140.99954145515
"Harrison Lee Hughes, and",1,2032.015182153994
Daniel-Murillo,1,24872.354890518032
Olsen PLC,2,10890.28157014753
Sons and Beck,1,37813.9675774023
"Burns and Stout, Stanley",1,9875.28231428537
"and Dickerson Good Neal,",1,12897.926617916675
Barber PLC,1,2123.220972762732
Sons and Cain,1,3100.417891881938
Parker-Stewart,1,6597.157137041325
Miller-Myers,1,13284.986171924702
Davies-Robinson,1,45279.664747937815
"Walker White, Sanders and",1,32300.38329245318
and Perez Sons,1,20354.82525141568
PLC Meyer,2,17330.517992123976
Reynolds-Hayes,1,2505.1166075374836
Silva PLC,1,43773.159548421165
"Gentry King, Moses and",1,40712.43322201126
Shaw-Young,1,34617.788344937246
Duffy-Kelly,1,3872.0969851910872
"Young Mcclain, Newman and",1,18714.336997419712
Brown-Wood,1,28974.45532631616
"Ramirez and Nelson, Collins",1,24057.470930987616
Ltd Stewart,2,44149.84998756493
Harrison-Robles,1,23812.4244843205
"Cowan Cardenas Allen, and",1,6257.128987997334
"Anderson, Smith Smith and",1,3353.6354188244195
"Pollard, Logan Mckee and",1,13253.756859288582
"and Jackson Mccall, Kelly",1,12592.652914813048
Serrano Group,1,13386.352057102273
Kelly LLC,1,4525.204273831698
Herrera-Vance,1,27741.4959600932
Sons and Drake,1,43886.595993000556
"Hall Sullivan and Hernandez,",1,8547.567746493261
Rodriguez-Baker,1,7913.638395601111
"and Houston, Mitchell Davenport",1,34977.275882790615
Dudley-King,1,50017.36596513135
Garza-King,1,43767.82463259355
PLC Cruz,3,39982.98803968704
Rosales-Haynes,1,41322.63110539941
Group Morris,3,43075.89949472442
Hunter-Wang,1,31628.24073204772
Pierce-Rosales,1,25938.62367894794
Group Bullock,1,24896.6481397283
Perry-Clark,1,43485.83787680575
"Harrison Wilson and James,",1,44282.989602051064
Walton-Reynolds,1,14066.706359764885
Nunez Group,1,4340.5016777494875
"Rodriguez Johnson, and Brown",1,16077.288789377639
Wallace-Davis,1,13178.639811452356
"and Tran Lara, Nguyen",1,18002.542205131842
"and Robbins, Baker Smith",1,35862.35776133902
Case-Moore,1,40642.62872496807
"Nielsen, and Anderson Watson",1,44342.08879355429
Wolfe-Goodman,1,36673.99356619566
Spencer-Boyd,1,7387.595476500041
"and Thomas, Chapman Martinez",1,23170.431656783334
"and Rios, Stout Moran",1,29248.91062274576
"and Moore, Lucas Harris",1,47169.34458770074
Baker-Prince,1,24222.791530634648
"Coleman Johnson, Evans and",1,3607.088997471683
"Jensen, Thomas Porter and",1,46712.839000175336
"Diaz Brown and Jones,",1,31383.621510898658
Herrera-Hernandez,1,29965.75782180275
Chavez-Bradford,1,42732.80004413026
"King and Jones, Little",1,46110.32922316771
Lucas-Fox,1,16835.0876348122
"Conway Martinez, and Bishop",1,39908.528787027186
"Palmer and Alexander, Wallace",1,25454.533014698776
Williamson-Martin,1,22956.46159713889
Jefferson Ltd,1,29993.897349540275
Johnson-Andrade,1,21862.64467980391
"Phillips Lee Johnson, and",1,45123.796766365616
Bennett-Crawford,1,43103.62993909033
and Trevino Sons,1,5269.446980825409
Sons and Avery,1,14963.703872601734
Morse-Murray,1,23218.647826665907
"Brown, and Allen Swanson",1,23791.119855093828
Edwards Sons and,1,20831.412385450672
"Martinez Knight, and Harper",1,36411.80487095156
"Alexander and Graham Jennings,",1,40185.484031437525
"Wells Rivera, Stokes and",1,9588.413078350297
"White Joyce Owens, and",1,5876.914741355682
Barber-Powers,1,21746.31521426779
May-Ware,1,10460.97750702859
Case LLC,1,5227.3179923184425
"and Reeves Adkins, King",1,24177.876341515093
Graham-Harris,1,23009.719622032135
"and Jacobs, Robinson Nelson",1,41340.73643536705
Flores Ltd,1,6094.3527571296045
"Alvarez Wilson and Fry,",1,17159.42088494816
"Schultz and Marsh Young,",1,10210.556998233415
Parks-Porter,1,43745.86360303105
Adams-Henry,1,15422.665060077767
Sons Hurley and,1,21746.34121596556
PLC Davidson,1,31209.639429897805
Parsons-Fleming,1,29985.06188182772
Rodgers LLC,1,32963.610785929755
Anderson-Boyd,1,12226.444409662454
"and Montgomery Travis Maxwell,",1,35486.94611803873
King-Ford,1,6162.078041795121
"Duffy Donovan, Mccann and",1,38741.123977086245
"Keller Yates, Dillon and",1,49514.29154219721
"and Evans Lynn, Hernandez",1,30617.11267965732
Bryant Sons and,1,36819.11061759852
"Wang and Ortega Brown,",1,39107.72647631479
"and Thomas Sawyer, Watkins",1,31223.25334001589
"Martin Silva Mays, and",1,12563.58678037187
"Davis Acosta Gray, and",1,35455.208657771116
Greene Sons and,1,23640.159878136204
Warner-Watts,1,-211.28373744143323
"Carter Payne and Mcdonald,",1,2255.252369728392
Henry-Pope,1,29205.424399961907
"West Blanchard Wells, and",1,32386.938809834603
Washington-Coleman,1,20755.528772069087
"Williams Estrada Carlson, and",1,15902.34244498146
Ellis-Knight,1,29442.72250951975
"Stewart Lindsey and Myers,",1,28777.20683251733
Brennan-Warren,1,12910.852823127154
"Martin and Kelly Winters,",1,26759.99668537844
Norris-Hill,1,26703.873686352028
"Johnson and Robles, Robinson",1,21516.30766831148
Kelly Group,2,34200.057629773575
"Eaton Harper Clark, and",1,3309.552762768367
"Martinez, Weaver Sullivan and",1,45645.515198436464
"Kim Coleman and Cohen,",1,33767.498558229236
"Moore and Quinn Cooper,",1,32143.780734430755
Group Merritt,1,2482.8401344201725
Vasquez-Walker,1,15836.547429908169
Richards-Mason,1,7019.69764368694
"and Garcia Waters Simmons,",1,16497.108852294772
"Conner Fitzgerald and Richardson,",1,35966.63788610083
Sons and Tucker,1,16417.93208214404
"Miller Tapia Moody, and",1,36409.43344945056
Macias-Allen,1,13505.353290525432
Group Richardson,2,38056.90090310355
"Morris, Hughes Hicks and",1,27603.4377633732
Group Lawrence,1,9512.528177488446
Roth LLC,1,34294.06999108069
"Jones, Contreras Heath and",1,19278.007329278153
"Turner and Franklin Boyer,",1,28288.94055045359
"Walker, Kennedy and Williamson",1,39023.83284346854
Gonzalez-Cole,1,21888.55632986564
Mullins-Harrison,1,14049.55568145874
"Foster Patel, Bean and",1,4149.407788359533
"Olsen Henry and Zamora,",1,49980.78495989829
Romero PLC,1,5672.050503564897
Ayala-Armstrong,1,18832.100342779697
Inc Roberts,4,80789.69991169796
Barrett-Wright,1,36272.75181930579
Miller-Bell,1,1934.7516416367866
Henderson and Sons,2,24144.97976634288
"Lynch Woodard, Andrade and",1,13543.552755731384
Villarreal-Rivera,1,38568.63687161145
and Sons Pham,1,43779.91551522878
Contreras-Sanchez,1,21241.558746709394
Madden-Pope,1,45342.05217131906
Inc Brewer,1,30935.637029400725
"and Mathis, Garcia Bell",1,12132.82769828141
Garcia-Sanchez,1,34302.11109572091
Fuller Group,1,8377.34887067167
"Cunningham, Woods Ruiz and",1,17214.52466875716
Harris Group,4,139642.91605048484
Group Hernandez,4,85952.02245813534
"Bell and Phillips, Davis",1,1862.3580393449135
Perry-Bean,1,32091.8014532615
Reyes-Diaz,1,4279.381659864344
"Ortiz, Franklin Freeman and",1,30592.801851801276
Webster-Tucker,1,42590.20388081958
"Norton Ray Caldwell, and",1,26305.261294105854
"Orr Turner, and Foley",1,10565.589399885845
Rocha Inc,1,45690.96380309157
"Wells, and Davidson Reyes",1,1137.9831683763855
"Franklin West and Duke,",1,26656.292452573667
"Fields, and Moran Martinez",1,5401.292391985098
Jones-Dickerson,1,46843.836751193514
Cline-Johnson,1,11761.176415436094
Campbell Inc,1,50150.076899173815
"and Cox Martin Clark,",1,23449.813701744715
"Anderson Fischer Thompson, and",1,36989.215484697066
Warren Group,1,45487.27886142936
"Hughes, and Quinn Vazquez",1,15873.962587527836
"and Cooper, Flores Barnett",1,35097.303890457355
"Garcia, and Moore Collins",1,41217.41337183482
Mccarty-Thomas,1,36877.504852423284
Sanchez-Young,1,44109.36749478037
Carter LLC,2,26167.72292602639
"Huber and Porter, Page",1,5068.1883710506645
"Scott, Harris Flores and",1,11303.934509992763
"Ross and Mosley Miller,",1,28854.69282917034
Inc Walton,1,10697.799606586997
Group Espinoza,1,40642.29315958458
Cooper-Winters,1,31050.532866191676
"Charles Jackson and Stevens,",1,30175.550668029457
Morales-Roach,1,11050.622798932602
Shaw-Owen,1,48005.6028765495
"Brooks, and Nichols Brady",1,8240.91592076938
Mccall Ltd,1,11292.163452942736
Shelton-Bowman,1,15537.986424453444
"Richardson and Bowers Bush,",1,25460.630759163214
and Holland Sons,1,23474.111163276175
"and Espinoza Cook, Hawkins",1,29052.515734910343
Phillips-Reed,1,50613.34460981735
Hernandez-Vaughn,1,16447.54742022607
"and Gomez Johnson, Smith",1,18194.064993167092
Powell Ltd,2,82696.26193894765
"and Walker Brown Lee,",1,15335.745275999898
Cruz-Ramos,1,44640.94542046126
"Hall, Martinez Holmes and",1,20301.11253299099
Castillo-Price,1,30926.585926152624
Myers-Norton,1,14947.084158343981
Melton Group,1,10741.034201568971
Franco LLC,2,88176.98542592654
"Lyons, Bauer and Phillips",1,40712.57943803634
Wilson-Mccarthy,1,11093.343279306158
Smith-Blackwell,1,11290.705237446498
"Kennedy, Lopez and Romero",1,24329.442644037044
Patel-Brown,1,29005.974648726395
Mcpherson-Atkins,1,44826.379256688444
Wood-Ayala,1,46002.26135381126
Dawson-Freeman,1,3408.487138345103
Jones-Freeman,1,11702.903614918576
"Baker, Johnson Rich and",1,14480.524920019021
Morris Group,2,69084.4356147655
"Lam Rosario, and Garcia",1,45867.120016133325
Myers-Cameron,1,1030.1073023794424
Love-Davis,1,14936.796431877248
"Zamora Aguirre, and Cunningham",1,9132.360748636342
Bush Sons and,1,28835.85057425413
Wilson-Brown,1,44677.91910477523
Merritt Ltd,1,12724.941316669749
LLC Atkins,1,48387.04652948472
"and Garcia Lewis, Cox",1,3979.4635148756006
"Gonzalez Colon and Gomez,",1,42594.97800705229
"and Carroll Mckinney Griffin,",1,47169.73779654854
Freeman-Moore,1,36669.34939854872
Good-Johnson,1,28343.43994618417
Chapman PLC,1,3589.1000010318776
Brown-Schneider,1,39305.95738582786
"Jones, Cooper Knight and",1,38601.78198955085
Barber-Nunez,1,24646.840161159616
Group Mullins,1,17042.751714724272
Alvarez-Payne,1,38992.268521233425
"Leonard Cooper and May,",1,35233.475270271876
"Ramirez and Turner, Arnold",1,27713.651717650635
"Johnson Bailey, and Abbott",1,4624.498154675507
Perry-Nelson,1,31470.32846086587
"Bailey and Meza Davis,",1,18528.258298505432
"Perry Haynes Robinson, and",1,14922.559891344983
Brennan-Young,1,36091.58278327168
"Vargas Griffin, Benitez and",1,25530.037197103647
Sons and Steele,1,49570.463032459265
"Jones, Stewart Gregory and",1,28356.90406976219
Adkins-Black,1,15876.243816516064
"Long and Johnson Chen,",1,46010.714274214784
"Gilbert and Downs, Henderson",1,24996.54293582407
"Stewart Murray, and Sawyer",1,9640.842557552609
"and Castro, Jones Mendoza",1,6632.954466447712
Goodwin-Walker,1,21630.390768567817
Lopez-Kelley,1,39533.08773004674
Lewis-Evans,1,24501.006266525263
Henry-Ho,1,17820.92480691577
Walker-Mitchell,1,37082.75850677778
"Marshall Wiggins, Williams and",1,33558.938350423894
"Solomon Smith, Moore and",1,38223.44711788784
Sons Jenkins and,1,37722.517907202484
"Diaz Lee, and Roberts",1,5894.17718245463
Lloyd-Moore,1,25158.905619233086
Jones Ltd,9,205892.2804557091
Group Crosby,1,4677.595846504441
"Burch, and Sexton Sandoval",1,35421.825825482214
"Oliver Mcdonald, and Johnson",1,28743.00383788984
Moyer-Lamb,1,12678.096227641516
Gentry and Sons,2,53055.13277854951
"and Vargas Reynolds Evans,",1,41632.5248481026
Flores Sons and,1,17658.472403553427
"and Parker, Stout Chase",1,17202.89964140581
Salas-Farmer,1,34903.67037065713
Glass Sons and,1,11731.624590521234
"Adkins Knapp and Richards,",1,3470.7600334611084
"and Fitzgerald, Sharp Cooke",1,7231.673569898058
and Sons Bryan,1,4844.98058737316
Lewis-Henry,1,4241.391707513804
"and Garza Martin Holloway,",1,18683.118570305214
Garcia-Farmer,1,25857.538782583117
Cox-Johnson,2,46691.2634507448
"and Brown Bennett Watson,",1,44396.41829282213
Group Obrien,2,74848.4522675074
"and Willis Nunez, Le",1,28875.678730779342
Group Clark,4,104058.24886782726
Mckinney-Vasquez,1,4521.273227652485
"Austin, Barron and Moore",1,14548.391834472937
Ltd Johnson,11,302818.75343460124
"and Flores Thomas, Miller",1,49792.356573991325
Jones-Hess,1,17363.359270716715
Sosa-Buck,1,2287.79540693862
"and Ball Aguilar, Norton",1,27375.24762675887
Young-Brown,2,27897.620712244858
Sawyer-Palmer,1,30110.45574566849
LLC Stein,1,9290.259027789834
"Savage, and Schwartz Lane",1,40081.19848313844
"and Moyer Holden Bishop,",1,19292.272644495493
Lloyd Group,1,1620.9545592393247
Meza-Flores,1,34753.23552655666
"Campbell, Smith Lewis and",1,26248.86811119901
Kelly Ltd,2,83191.79153553444
"Romero Perez Warren, and",1,44285.42690736056
Inc Stephens,3,23983.579089956205
Grant-Brown,1,19957.699513495838
"Heath and Hart Pearson,",1,2656.216612263041
"Ross Hart, and Mercer",1,24560.86948321932
LLC Price,3,39934.41717825019
Hunter-Diaz,1,2601.2239163836352
"and Kaufman Christian Harris,",1,23991.930748034243
"Lucas, and Howard Schneider",1,31754.9865036104
Castillo Ltd,3,48214.01252543589
LLC Blake,1,23930.067958569813
King-Gonzalez,1,1642.5001110026865
"Hunt Martinez, and Edwards",1,33598.64248436841
"Gray Guerrero and Robinson,",1,7607.037628252271
"and Estes, Newman Torres",1,23664.79559166461
"Clayton, Meyer King and",1,47274.171145316264
Group Anthony,1,33406.69867740076
Robinson-Harrell,1,24855.357846492534
Grant Ltd,1,50500.59715672721
Cameron PLC,1,4874.475271216772
"and Hardy Morris, Reid",1,27723.934425543666
"Richardson Knight, Stewart and",1,24024.029075549122
"Ward, Thompson and Graham",1,25979.226426494355
PLC Mosley,2,65386.484826741726
Oliver-Cooke,1,12970.099229134632
Peck and Sons,1,25087.958823474648
Lloyd Ltd,2,70714.60552167922
Collins LLC,3,53816.909523352966
"Russell, Larson and Morris",1,22865.017633192714
Chang-Walker,1,31632.873803990027
Matthews-Gonzalez,1,47206.794878925095
Larson-Garrett,1,35653.552203604944
Smith-Wells,1,3709.3324751332193
"Hansen Yoder Wong, and",1,44291.553530814555
"and Smith, Fisher Kelly",1,38846.89675665455
and Sons Bailey,1,4757.581681140104
"and Mccoy, Wyatt Williams",1,43943.59254205601
Inc Sampson,1,17402.359194331882
"and Nguyen Monroe Lang,",1,23514.568281462416
Woods-Friedman,1,23023.73152808895
Terry-Miller,1,42815.31527787693
Evans-Payne,1,20682.196027471808
"Adams and Brown Benson,",1,14697.319017525995
Miranda PLC,1,40227.50847911674
Richardson-Olson,1,47373.32394244827
Sons Marshall and,1,12529.987289333998
Long-Leonard,1,15353.713215255331
Stephens-Lee,1,30255.342517939505
Murphy-Short,1,44640.6791788978
Mitchell-Gomez,1,44515.7879174445
Sanchez-Hernandez,1,14276.471196023966
Huff PLC,1,32339.63371512471
Wright-Pratt,1,4824.114110809158
Cortez-Dixon,2,73466.93252853511
"and Holmes Moore Nelson,",1,8760.414233091034
Perez-Cox,1,2657.6670151568405
Gilmore-Tyler,1,46586.99517360198
Gregory-Jones,1,12565.74431862385
"Prince and Harris, Hernandez",1,16606.985092526018
Kennedy Group,1,1489.170188973782
"Gonzales Green, Delgado and",1,11270.819393555435
"Marsh, and Carlson Butler",1,12502.474630616154
"Griffin Wilson, Martin and",1,48776.87732173826
LLC Santos,1,50415.25352290608
"Nicholson and Hall Richardson,",1,37227.53321461243
Colon-Phillips,1,8956.767009355142
"and Burns, Hernandez Edwards",1,3878.8134013270405
"Knapp Snyder, and Jimenez",1,7115.649501092298
Larsen-Lee,1,48975.66586046525
Sons and Ramirez,1,34072.52448595483
Tucker-Cook,1,21168.651035466424
"Steele Roberts and Wright,",1,13778.233132585594
"Coleman Hardy Jackson, and",1,1156.0777430696594
Collier-Adams,1,20996.75698403816
Adkins-Gonzalez,1,48237.396387414774
Bennett-Vang,1,21207.575792487736
"and Payne Coleman Fox,",1,39913.10231001823
Schultz-Anderson,1,40392.37668030474
Jones-Orozco,1,41766.61127627699
"Stone and Saunders Anderson,",1,44404.02803289966
"Kelly, and Smith Eaton",1,16218.850430365384
"Ward Boyd and Kim,",1,22573.441462796844
Harris-Miller,1,5390.987522727607
"and Nelson, Cantrell Herman",1,15882.979731237907
"Tucker Perez, Miller and",1,16054.724172634167
Stewart-Gonzalez,1,36149.63509319849
"Lambert and Smith, Yoder",1,25261.25516525105
Simmons-Fisher,1,46004.422854552664
Williams-Brewer,1,46571.195819575114
"Ortiz Mullins Ramos, and",1,7764.057575113293
"Burton, Bates and Doyle",1,29877.295747961383
"Carroll Flores, and Barber",1,15398.320506040467
"Wagner Ali, and Deleon",1,33894.57150521265
Mcclain and Sons,1,22403.96738472408
Bond-Hudson,1,11459.444294846891
Newton-White,1,40014.7623484579
and Sons Carlson,1,14283.015951009831
Hess-White,1,12422.755415474809
Inc Nguyen,3,16920.3229246556
and Sons Bonilla,1,7068.913984475922
Davis-Sanchez,1,11496.331417991805
Travis-Watkins,1,25784.56705386994
"and Allen Anderson, Rivera",1,23698.708553919256
Nicholson-Perez,1,38146.99968675789
"Hernandez Anderson, and Rush",1,32156.99497728598
Inc Scott,5,168508.07842416206
"and Lamb, Fernandez Gomez",1,27779.500991305667
Sons and Garcia,1,14559.333990408475
"Swanson Robinson, and Sanchez",1,4275.1735081848865
"Wallace and Rosario, Moore",1,23643.83151706418
Ford-Goodwin,1,48263.391430971074
LLC Daniels,1,43879.06072252414
"Sullivan and Young Gonzalez,",1,2176.118145963133
Chambers-Smith,1,25223.471741565387
Burns-Bennett,1,35909.686966353074
LLC Reyes,2,42944.69531520524
"Moran and King, Smith",1,9832.497786274642
"Gutierrez Garcia and Garcia,",1,33471.861703967705
Pennington-Mann,1,25083.99127625142
Williams-Brown,1,28109.65770005296
"Phillips and Conrad Herrera,",1,21697.798390819346
Group Stevenson,1,7359.456576805352
"Lester, Robles and Jackson",1,5803.427261826771
Short-Harrison,1,30019.73650256192
Murphy Sons and,1,48304.85353695219
"and Romero Wade Stafford,",1,28988.569644371215
Sons Collins and,1,13454.479758649048
"Mitchell Nelson and Romero,",1,41959.640932411116
Bishop-Shaw,1,18721.13733674235
"Wells and Whitaker Mitchell,",1,10249.04393245349
"and Rush, Morales Turner",1,2297.0944461867816
Brown-Simpson,1,35992.185340214186
Griffin-Lee,1,7672.233633429568
Walters PLC,2,46586.065178290875
Rogers-Hernandez,1,41017.69766652075
"Wallace Hill Goodman, and",1,18387.77163036218
Lloyd and Sons,1,18505.22973533981
Potter-Jones,1,36549.61587342408
"and Morgan, Rowland Herman",1,33304.08831184676
"White Marquez and Mason,",1,25986.50123611353
Berry Inc,1,45990.95926582647
"and Bowman, Brown White",1,45604.06075244282
Sons and Hooper,1,45545.81878011768
"James Stephens and Mosley,",1,30764.52184856517
"and Romero Lee, Fields",1,46188.50114676959
"Hoover Shaffer Sloan, and",1,16937.10372313912
"Hernandez, Singh Meza and",1,31370.13191428707
"Sanders and Anderson, Browning",1,16997.374978282598
"and Brown Wood Montgomery,",1,29778.14310888762
Williams-Glenn,1,46284.33240938342
Parker-Rhodes,1,26633.268484428463
"Rosario Stewart Hurst, and",1,49830.62710694115
"and Frazier Sutton, Campbell",1,27795.204994164793
"Brown Hunt Lowe, and",1,15645.698751945674
and Sons Everett,1,2788.5365297802687
"Payne and Miles Mclaughlin,",1,4810.751398379031
"Wright Hernandez and Wilson,",1,17826.670979318973
Mccormick-Klein,1,12251.352613041727
Small-Shaw,1,31988.673669045274
Bass-Price,1,40198.32898303779
"Conley Mooney, Hall and",1,34716.25275269187
Owens-Porter,1,27073.6566630407
Roach-Hale,1,26266.430893381294
Sims-Torres,1,17147.625771120885
Price-Robinson,1,46735.92339178535
Bennett-Brooks,1,24502.672173254607
Rogers-Goodwin,1,33204.84777198664
Rivas Ltd,1,37665.154836715294
Moss-Fisher,1,21540.31798363673
Woodward-Bautista,1,35285.13143050001
Stewart-Baker,1,22756.1937107739
"Simpson and Lane Evans,",1,31146.66928278645
"and Morse May Vance,",1,31921.69094757781
Holloway-Jimenez,1,3824.662156174055
"Bowers, Johnson and Yates",1,9010.954638825508
Ritter LLC,1,16846.415799072645
Brown-Summers,1,31281.491033279755
Ellison-Miller,1,40939.785201961844
Murray-Wood,1,17746.423823134137
Gamble-Blanchard,1,24079.58892952271
Zhang-Wade,1,9161.984649529244
"Wallace, Garcia Jones and",1,48004.089097388845
Herman-Arnold,1,42821.69408832339
"Soto, Adams Morris and",1,22274.368320227113
"Harris and Murray, Brown",1,8852.64257476895
"Escobar Parks and Brown,",1,27115.005476466256
Garcia-King,1,41273.14640845077
"and Leonard, Fitzgerald Wells",1,42887.51695303364
Bennett-West,1,26049.38541068595
"and Peck, Bell Peters",1,36349.70731646039
"and Taylor Morgan, Simpson",1,31953.735871032586
"Gonzales and Robinson, Thompson",1,12486.919398707752
Jarvis LLC,1,17147.722860125286
"Anderson Solis, Spencer and",1,2200.4755033138676
Olson-Blackwell,1,2772.2537461285992
"and Murphy Nguyen, Davis",1,28188.13022125301
"and Wright, Johnson Williams",1,29775.226671828033
"Miller, Moore and Casey",1,33057.555738553456
"Nelson and Diaz, Moore",1,4499.390524434665
Sanders-Morrow,1,3485.5379136929682
Landry-Sherman,1,38281.40845021014
Brooks-Williams,1,31703.316163114843
"and Browning Schwartz Brooks,",1,28172.899410354734
Nguyen Group,1,29127.561822540098
"and Salazar Brennan Edwards,",1,42329.283724623194
and Booth Sons,1,22843.970290437457
Jenkins Sons and,1,38084.095685486216
Wright-Carter,1,36155.11474192055
Wilson-Ward,1,49514.61258118356
Johnson-Dixon,1,42279.16698113575
"Bryan Bradley Rangel, and",1,7375.715903655697
"Harris Richardson Lloyd, and",1,36112.99583802358
Moore-Donaldson,1,2363.2303745437143
"Hayes and Wilson, Thompson",1,43405.89244272525
"Nash Watkins Hoover, and",1,9357.009774678074
LLC Dixon,1,1586.476601438285
Dougherty Group,1,41413.809391901515
"and Roberson Lee Young,",1,12822.78328714365
Ramos-Holt,1,7609.436016567004
"Mitchell Brown and Rice,",1,29993.379009176024
Group Kim,1,36508.848047709864
Lyons PLC,1,2776.7776756889384
"Massey, and Snyder Bell",1,45956.22629779394
and Lawson Sons,1,25447.57894614389
Chavez-Webster,1,22022.019654556505
"and Monroe, Murphy Deleon",1,34994.30042948887
Inc Brown,12,395720.42653477157
LLC Shah,1,45483.11233555565
"Wilkinson Stark Smith, and",1,39882.58455476778
Ruiz-Roman,1,14440.573974954568
Inc Hardy,3,115103.69555806107
"and Murray Greene Wolfe,",1,1262.9510008049951
PLC Murray,1,29860.54381077127
Diaz-Ballard,1,17771.31429301167
"and Brewer, Marshall Nelson",1,25853.062842723768
Ramirez-Page,1,12583.880821823588
Sons Campbell and,1,22189.107474731674
Oneill PLC,1,15935.252896755897
Winters-Simon,1,46229.43490116175
"Gomez Dillon Knight, and",1,26653.7121717988
Gillespie-Edwards,1,43535.0903798821
Sons and Price,1,19636.472104149885
"and Tanner Ramsey Price,",1,30309.402492480564
Holden-Jimenez,1,13568.107745451485
"and Giles, Lee Edwards",1,32116.134928102936
"Hudson Reynolds, and Gonzalez",1,44346.11128418454
"Lopez Nolan and Evans,",1,7275.6067705241385
"Snyder, and Kim Howard",1,36673.70977468552
and Padilla Sons,2,48438.846617466384
"Wilkins Morgan, Scott and",1,6514.870163833271
"and Bowers Morrow Conrad,",1,33391.96489671119
Shaffer Ltd,1,19699.00215340046
Parker-Franco,1,13991.556835637024
"Travis, Oneill Hughes and",1,49522.00184452259
Bennett-Ross,1,40844.29820907394
"and Price, Thompson Bennett",1,33086.75376881781
Wilkins-Thomas,1,15615.076392457242
"Carpenter Mcneil, and Morgan",1,44361.00919610579
Moreno-Nelson,1,24838.160947414348
Roberts-Smith,1,50246.51873015332
Wheeler Inc,3,65089.35859493412
"Richardson and Parsons Stewart,",1,18686.016979112817
Wilson-Ortiz,1,20902.263568767932
Chapman LLC,2,24999.32514233302
"Figueroa Olson, and Stone",1,9643.638935258667
Rodriguez-Poole,1,8813.003970880212
"White Mason and Martinez,",1,50833.483981358106
"Evans Hodges and Terry,",1,45879.43473893011
Mooney-Clark,1,3334.4815355070737
Mclaughlin-Ford,1,24592.71040257393
"Taylor and Perez Ewing,",1,20245.78009259909
"Cox Ho and Meyer,",1,40290.97032488631
"Silva Greer, Mitchell and",1,23335.04969237888
Allen and Sons,2,61942.02167610628
"Ellis Williams and Li,",1,10384.511911023072
Thompson-Turner,1,22249.091351601717
"Gomez, and Carpenter Velasquez",1,29749.269521825816
"Vargas, and Evans Case",1,45521.25278271264
"Willis Martin, Watkins and",1,43773.67974638571
Leonard-Thompson,1,46682.87180488712
Sheppard-Patrick,1,35700.65057002937
"Rodriguez and Dunn Thomas,",1,7297.5379536615455
"Fields, Walton and Bender",1,35841.49851908042
Deleon-Ramos,1,29429.28940555866
Velez-Jackson,1,40825.13810249148
Solomon Group,1,28943.151549440052
Mullins LLC,1,38665.386739007365
Brock-Garza,1,7930.3516418507725
"Nelson Lynch Johns, and",1,30091.274984126394
Rich PLC,1,12997.50672506895
Calhoun PLC,1,11425.680130151079
Jordan-Butler,1,43571.92491620086
Inc Roy,1,22150.892094038754
"Wright Meza, and Hawkins",1,26274.202401501003
"and Ochoa Wright Brown,",1,10816.629125407455
Inc Flores,1,21618.46867954758
Wolfe-Norris,1,16707.962053540377
Sons Hernandez and,3,42778.683209726216
"Graham Torres Lopez, and",1,25656.960923915183
Wilkins-Jacobs,1,36667.0482308298
Small Inc,1,47446.26800493257
"and White, Harris Moore",1,25072.852648963453
Sons Byrd and,1,16509.4286635228
Elliott-Rogers,1,21770.976472332437
"and Richmond Burton, Navarro",1,35917.57207742163
Turner-Mcguire,1,29179.969029132604
"Harvey and Smith, Johnson",1,24763.463685637915
Ltd Bradley,1,22278.97429513773
Fuller-Hunter,1,22854.82031889577
Thomas-Calhoun,1,11991.131200328406
Maxwell-Williams,1,12813.162652361325
PLC Price,1,37330.40820348666
Gomez-Silva,1,46818.46454233173
Diaz-Bishop,1,-676.8525016635979
Beard-Freeman,1,43196.6502027444
"and Underwood Humphrey Vasquez,",1,38249.545797507024
"Carney Gutierrez Smith, and",1,19046.428303964498
Roberts-Boyd,1,35624.81954495362
Maldonado-Griffin,1,45144.4738101208
Kemp-Green,1,42979.96402145695
Lucero-Evans,1,30229.64754406602
"Lewis, Hooper and Khan",1,30177.228880632116
Inc Olson,1,43422.16761768455
Taylor-Lucas,1,12057.42410689868
Sons Bender and,1,29243.072391284364
"Harper, Dudley and Santos",1,42309.04250870066
Klein-Odom,1,36549.78593316118
Sons and Rice,1,43350.74623386081
Edwards-Edwards,1,28604.523043774523
"Riggs, Moore Shah and",1,29635.09095968327
"James, Wilson Ferguson and",1,36170.59738823478
"and Ortega Scott, Smith",1,19025.64350262361
Gilbert-Adams,1,6421.415994991493
Acosta-Robertson,1,37505.61811944835
Padilla-Walker,1,19784.63106221073
Carr LLC,1,21562.861051020358
PLC French,1,13550.124487195164
"Herman, Liu and Hill",1,31822.730852999222
"Hunter and James Wilson,",1,30770.32271436709
Martin LLC,3,91997.57564096557
Douglas-Diaz,1,43625.56217378001
"Green, Howell and Jordan",1,7147.96620249127
Jones-Graham,1,25594.558474902253
Rogers LLC,2,74585.3345258224
"Rodriguez and Sanders, Luna",1,28478.53758684566
Cortez-Cannon,1,25098.25043675972
Powell-Nelson,1,29950.72406633985
Stewart-Daniel,1,6664.525501266508
Friedman-Smith,2,42996.72034988053
Barrett PLC,1,45722.07363304577
"Lopez Ingram, and Barber",1,26163.994360049488
Dunn-Miller,1,29047.51724119791
Riddle Inc,1,46049.17249837327
Henderson-Nixon,1,47270.930100781545
Jones-Hill,3,68377.25019720453
Crawford PLC,1,49309.411259225264
Bradley-Gonzalez,1,45545.1403045383
"Conner Owen, Newton and",1,50833.691327318935
Ashley Inc,1,35230.31954410704
Wolfe-Taylor,1,15577.093786856225
Wheeler-Gonzalez,1,13787.762218795353
"Scott and Davis, Gibbs",1,27592.88581297872
"Rosario Martinez Cisneros, and",1,21764.217504100256
"Merritt Frazier, and Mullins",1,23101.53616467253
Watts-Cortez,1,8536.726004653627
Watson LLC,3,81866.23569401755
Powell LLC,2,20181.490972217536
"Henderson Campbell Sanchez, and",1,2019.1180882027313
Carlson LLC,1,38752.188593864295
Ford-Mason,1,13299.845946481671
"Mckenzie Perry and Coleman,",1,17498.770262855007
Bonilla and Sons,1,6208.412764229897
"Perry Stewart and Vincent,",1,39406.228404411915
"and Clark Johnson, Matthews",1,30108.059464863985
Campbell-Miller,1,13304.503221240268
Ltd Wallace,2,40674.948425297014
"Coffey, Tapia and Lopez",1,37627.31445044693
Smith-Rodriguez,2,35410.68879564681
Rich-Kennedy,1,43067.922191376754
"Rivera Davis, Garrett and",1,5256.486829274259
Rogers-Chapman,1,38773.48672816318
Morgan-Simmons,1,27418.52656867735
"Mitchell Velasquez Walsh, and",1,28344.660262959656
"Adams Morris, and Griffin",1,31309.30683408816
Garcia-Abbott,1,40995.78186883414
"and Rogers, Rivera Thomas",1,28783.01825433601
Jones-Poole,1,26217.725858158705
"Fischer Ramos, and Parrish",1,32580.02850786678
Hoffman PLC,1,4606.609431842437
and Meadows Sons,1,22944.439074488117
Group Carr,2,44792.54979433157
"Davidson, Bennett and Taylor",1,17503.967915107733
"King, and Anderson Mitchell",1,14918.773880419865
Lamb-Alexander,1,5051.858679264046
Mills-Clark,1,1856.7792106927693
Burch-Murray,1,11122.797887243836
Kirby PLC,1,39603.734153118094
"and Brock Villarreal, Sanchez",1,39138.68251934436
Roach-Hamilton,1,14164.517336180292
"and Woods Moss Petersen,",1,45385.396801844865
Rios-Caldwell,1,9348.610225136377
"and Golden Peters, Stone",1,23775.819344986707
Rivera Group,2,40699.817083065325
Welch-Snyder,1,34105.84789119713
Yu Inc,1,44516.61897899763
Koch-Morgan,1,45788.63718978479
"Schmidt and Mason Taylor,",1,36349.4299245132
Monroe Inc,1,8674.422264205346
Terry-Knight,1,4153.63577023564
Webb-Lindsey,1,21626.207426142486
Carter-Moore,1,39700.013178289875
Wu-Beltran,1,49389.28305815008
"and Morgan Williams Wilson,",1,15878.12801012885
Sellers-Welch,1,21077.07486681954
"and Maxwell Elliott Moore,",1,44501.449151760746
Cochran Inc,1,4735.4621008914055
and Ramsey Sons,1,42098.07128758564
"and Dunn, Thompson Vaughan",1,29744.172055323997
Mann Inc,1,17024.376665527132
"Mcdaniel and Harper Phelps,",1,42382.050934430285
and Munoz Sons,1,40518.12731104371
"and Osborne, Garcia Mckinney",1,22924.049808614698
Perkins-Miller,1,14461.425972888512
"and Fisher Robinson Cole,",1,34924.76727454959
"Stone Brown Brown, and",1,37027.02952980647
Sanchez-Skinner,1,16922.58592726639
PLC Goodwin,1,20988.261694615958
Frey Group,1,10879.858745570085
"Rhodes, and Young Rosales",1,48690.317260354605
"and Luna, Francis Reynolds",1,20403.402074142796
"and Stephens Kelly, Meyer",1,15004.17412215958
PLC Vaughan,1,42980.77880590002
Harris-Hall,1,34503.12118072207
Berger-Lopez,1,6102.202502337582
Allen-Spencer,1,10256.476918729835
Blackburn-Norman,1,7599.048817368344
Murphy-Acevedo,1,9763.025617471518
"Mitchell Watson, and Goodwin",1,21899.441281934156
Clark-Chavez,1,20744.47528939744
"Howard, Jensen and Smith",1,36983.23633933263
"Barnes Anderson, Martin and",1,14107.573518771449
"and Maxwell, Barton Jones",1,24507.724957742998
"and Acevedo, James Ho",1,25428.29988955037
Oconnor-Fuentes,1,8186.270336946586
Group Middleton,1,19580.87234486093
"Chung Rodriguez Bradley, and",1,7562.394379642121
"and Le Martin Young,",1,43374.011464690346
"Chavez Valenzuela, and Gutierrez",1,32387.925148602317
Tyler-Velasquez,1,26432.160988256077
James Inc,3,79167.77185770648
"and Phelps Burke Fields,",1,20737.636299710197
"Floyd and Williams Stephenson,",1,49784.88625341037
Ltd Taylor,6,179868.41309234643
"and Edwards Brown Murphy,",1,35792.121027798064
Quinn LLC,2,70713.44608503458
Ltd May,1,14637.82642244733
"Schwartz, and Hansen Kim",1,13284.49049360872
Black-Foster,1,28079.03280889494
Brown-Perkins,1,8640.097120473838
Ramirez Group,7,234219.23872057494
Collins Group,1,34213.80563008361
Lee-Guzman,1,42182.644959204
Jenkins-Nash,1,9476.844212269254
Jones-Mcguire,1,25143.287341464977
Figueroa and Sons,1,24188.34133574274
Rios-Barker,1,15548.007919038311
"Perkins, Palmer Brooks and",1,39365.470757672025
"Mcguire, Hicks Phillips and",1,4795.820264916153
"Daniels Moore Lloyd, and",1,31408.159069391313
"Wright Miller, Sanchez and",1,20246.089497692425
"Smith Neal, and Ramirez",1,36585.77362495225
"Davis Merritt and Payne,",1,9908.35015919713
Wilkerson-Hughes,1,36841.66034336347
"Gomez Bell, and Wells",1,40981.25243502331
"Lopez, Hickman Wright and",1,20331.59279846499
"Garcia Smith, and Nguyen",1,14034.809295058043
"and Nguyen Williams, Watson",1,21254.73538964162
"Stone and Walton, Nichols",1,15099.469240582874
"Jennings and Spence Wood,",1,14124.24820341603
"Williams, White Bird and",1,24425.39649011895
Skinner-Lopez,1,9387.814857718
"Reynolds, Boyle Griffin and",1,31375.29847801033
"Johnson Hayes, and Allen",1,35155.92256200484
"and Eaton Porter Miller,",1,48934.839551900055
"and Gillespie Rojas Knight,",1,8315.874444955833
Martinez-Edwards,1,20739.97635716857
"and Adams, Smith Gonzalez",1,26036.300950258414
Shea-Velazquez,1,1251.4611370805285
"Johnson Simpson Thomas, and",1,45033.22078392175
"Hutchinson Smith and Kaufman,",1,21388.080131507733
Tate Group,2,58864.815460621074
"Woodward, White and Fischer",1,46235.75216701363
Lewis-Hale,1,34926.90231038602
"and Lewis Rose, Thompson",1,16959.10138123634
Collins PLC,1,41237.22925207096
Conner-Howard,1,7974.151559425073
"Smith and Mckenzie Hernandez,",1,45460.97030929617
"Mcintosh and Arellano Jackson,",1,39361.62414446044
"Freeman, and Herman Sexton",1,4435.934605734089
Sons and Garza,1,5312.010307418155
"Rodriguez and Pitts Jordan,",1,36044.30488747476
Snyder-White,1,46592.71848433031
"and Lee, Fletcher Davis",1,6268.34396245637
"Scott Kim and Lee,",1,36516.15626905872
Craig-Watson,1,30827.53464257245
Joseph-Williams,1,27699.103247684114
"Johnson Chavez, and Hall",1,41765.74791709659
Group Wong,1,1039.8295540824024
Jenkins-Peterson,1,19393.504121995662
"Knight Watson Mclaughlin, and",1,43186.64390946266
"Simmons Baker, Carter and",1,41931.67614750231
Palmer-Barnett,1,38059.754269199686
Coffey-Travis,1,22427.447286706843
"Johnson, Bailey and Moreno",1,14990.549290793917
Rivera-Kemp,1,35489.37756405984
Smith-Ramos,2,25379.58773714295
"Jackson Hartman Brooks, and",1,38186.15987379063
"Lang and Santos Vaughan,",1,38771.44045278418
Smith-Fox,2,48517.8633791015
Henry-Peterson,1,37278.38395726208
"and Potts Herman Anderson,",1,43072.85377619898
Oliver-White,1,37877.87171806246
"and Jensen, Peterson Hunt",1,8985.996457748019
Daniel Inc,2,24099.508413867457
"Padilla, and Cunningham Hughes",1,43878.02789414057
Brewer-Leon,1,34601.53256409976
Thompson-Simpson,1,18364.49704626191
Cameron-Lawson,1,19960.474073976216
"and Franklin Smith Hayes,",1,27724.21925893392
"Martin Stone and Davis,",1,20751.053227969434
"Rodriguez and Brown, Williams",1,33666.588586371254
Klein-Howard,1,12492.48994711422
Hudson-Ayala,1,33972.97359024447
Lee-Anderson,1,28081.829862364975
Ayala-Stewart,1,44867.103463725856
"and Wallace Cummings, Byrd",1,19553.170618464384
"Patterson Ortiz, and Burch",1,22028.135358523094
Williams-Shaw,1,47284.02961840769
Mathews Inc,1,41803.12302962343
"and Simmons, Patel Hale",1,11465.251519064463
Hernandez-Mccoy,1,21768.632575330583
"Avery and French, Collins",1,9044.7301029047
"Roberts Glenn and Castro,",1,27502.696919080183
"and Barrett Beck, Smith",1,38760.20751959124
Bowman-Anderson,1,22582.941316547865
"Johnson Leon and Vargas,",1,5437.629290449977
"Brady and Pearson Rodriguez,",1,29952.415586243165
"Clark Brown, and Myers",1,35776.81511145377
Simpson-Mccall,1,29850.879728183794
Stout-Brown,1,37734.74218038699
Bowman-Keith,1,25163.822483831256
"Parker Turner, Houston and",1,23175.497028595324
"Fuentes Knight, Sandoval and",1,32926.23354032229
"Williams Hale and Summers,",1,46836.70590284688
Watkins Group,1,7613.45093953904
Bailey-Buckley,1,1779.4729585360017
Perry-Hayes,2,79551.01440877041
"Green, Silva Singleton and",1,27143.38998705602
Ali PLC,1,28903.439585419364
"Lopez Bowman, and Combs",1,20827.51222741158
"and Moore, Larson Moore",1,21705.28222351183
Gilbert-Morales,1,30108.941202262173
"Frazier Brooks Sheppard, and",1,31360.06687100943
Randall-Juarez,1,2953.35786993297
Dawson-Mendoza,1,8910.109086652948
"and Henderson, Rivera Barker",1,42445.93406637526
Moore Inc,6,200760.10817678223
"and Dominguez Williams Edwards,",1,37428.60810438573
"and Anderson Kennedy, Owens",1,44961.45867944714
"Park and Willis Joseph,",1,26831.269391913185
"and Drake, Landry Garcia",1,18782.03455588516
"Cox, Molina and Owen",1,3969.186305428658
"Mueller and Campbell Hull,",1,41719.40801361863
Beck-Calhoun,1,29435.9913202235
"Baker, and Brown Carroll",1,23638.590343850028
Weaver Inc,2,24525.80441378874
May-Morgan,1,48693.70331627983
"Lowe, Booker Holt and",1,3866.1251589401545
"Byrd, Jones James and",1,39591.159009674826
Zimmerman Group,2,82405.7344899938
"and Walker Caldwell, Dunlap",1,49937.03950780907
Shaw-Bass,1,7610.529122080618
"and Thomas Ballard, Stewart",1,16760.65368278007
Garcia Group,6,199755.9753320216
"Fischer Henderson, and Nguyen",1,7592.7246202528595
Gordon-Grant,1,35628.431678368164
"Hopkins Ramirez and Foley,",1,22068.170459137356
Perez Group,4,92559.14020321355
"Martin, and Hernandez Young",1,24175.661875082886
"and Ramirez Williams, Harper",1,11215.113825484712
Dorsey-Mcgee,1,42910.92384785247
"Miller Adams, Stokes and",1,45573.91936271386
"Hutchinson Ramirez and Cook,",1,33826.3505552441
Fisher-Wells,1,2845.1022089468697
Clark-Velez,1,20839.727993342163
Howe Ltd,1,44838.012012031126
"Christensen, Rivera and Knox",1,24990.403313236922
Lozano Ltd,1,27972.56293296047
"Perry, Bell Harris and",1,3476.9681055981646
"Rice Bennett, Harris and",1,38660.847691670315
and Sons Wong,1,46348.70661056452
"George Moss Lopez, and",1,3140.6759196190524
Davies-Murphy,1,27669.613262274914
"and Williams Deleon, Washington",1,13102.675512268384
Sons Hughes and,1,48303.07150027575
Richards-Graham,1,40463.078099364306
"Brennan Mcdaniel, Mitchell and",1,20728.813870521266
"Graves Jones and Cruz,",1,13799.198545447778
Lynn Ltd,1,23477.71274320915
"and Rhodes, Johnston West",1,14328.995404424131
Morales Ltd,3,87172.43894715996
Powell-Bailey,1,48664.89913801008
"Massey, Lawrence and Mills",1,36180.93218413348
LLC Underwood,2,51291.52446095845
"Richards Savage and Carson,",1,22741.026872810522
Williams-Hardy,1,5748.982424777297
and Zuniga Sons,1,33950.17048299544
Boyer-Martin,1,17321.747717141356
Graham-Cunningham,1,21642.231829474975
Reese-Williams,1,10019.739476931458
Dean-Robbins,1,44318.380454408594
Perez-Johnston,1,17223.148266543012
"Chambers and Harrison, Hamilton",1,46535.094826825894
Inc Mejia,1,35856.54159219625
"Logan and Ward, Clark",1,47276.677453795885
Smith-Thomas,1,25501.195154342975
Lucas-Booker,1,49117.153834845696
"White and Thomas Clark,",1,12732.544593828305
Kirk-Watts,1,42214.588806865824
Mcdowell-Smith,1,4996.3168787994255
"Horton, Walker and Howell",1,21054.186309721674
"Snyder, Clarke Jones and",1,33047.23650578312
"and Navarro, Santana Young",1,30365.804745658013
"Camacho, Wilson Evans and",1,13741.457156380851
"Rodriguez, and Ellis Wilson",1,48809.628604992606
PLC Gillespie,1,41057.75941863141
Brown-Price,1,29923.569371379872
"and Parks, Massey Clark",1,40128.58921157071
Lynch Group,1,3851.3864926594642
"Perry Murray, Beck and",1,45278.82406360632
Wagner and Sons,1,23168.683544164076
LLC Sellers,1,11853.118198790466
"and Bullock Costa Hubbard,",1,34071.183469958436
Ltd York,1,34339.242438963745
LLC Evans,1,17650.99403055773
"and Avery, Jarvis Hopkins",1,32064.423162862582
Newman-Smith,1,32233.346078021368
Moody-Smith,1,12754.750259193768
Ltd Reeves,2,46998.88950500285
Mcdonald-Ford,1,26992.092871260338
"and Combs Potter Cooper,",1,7609.141069628338
"Bates, Moody and Walsh",1,36619.13102377901
"Green, and Perez Huff",1,17514.185899253975
Smith-Buchanan,1,41136.174320881604
"Mcfarland and Nguyen Hall,",1,17637.481386918167
Williams-Flores,1,9015.877530331009
"Nichols Whitehead, and Lewis",1,36050.11235894582
Anderson-Olsen,1,10483.926144957986
Mullins-Harris,1,4432.182952804459
Inc Santana,1,17649.0743462372
Wells-Wolf,1,45201.51939847753
"King and Yates Fernandez,",1,430.08639852667966
"Peterson and Gilmore Oconnell,",1,28106.782746178556
Love-Pineda,1,33685.19571721116
"Stuart and Bell, Mendoza",1,14397.98437028547
Powell-Haney,1,39479.49009315946
"Fox Brown, Graves and",1,22762.876489530037
Rice-White,1,33676.98081473652
"and Curry Reeves Martinez,",1,21486.172729202346
Sons Montgomery and,1,28577.011410015817
"Gonzalez Cooper, Burch and",1,23542.78182326736
Group Fletcher,1,12101.02777293599
"and Smith Sosa, Miller",1,30344.96059164861
Taylor-Nelson,1,24668.20323628907
"Marshall Soto Sanchez, and",1,15910.705367915018
"Baker Hernandez and Scott,",1,44495.73103847668
Stuart Inc,1,33991.20175540486
Moore Group,5,81130.47845045888
Willis-Dixon,1,24947.58793761651
Willis-Mcgee,1,15343.042766926077
"Aguilar Mullins and Schmidt,",1,27670.952001636415
Hall-Johnson,1,44439.431887479404
"and Johns Spencer, George",1,15832.564741401635
Gray-Howard,1,37206.24494417543
"Velasquez, Bullock and Maldonado",1,28180.813404929442
Sons Wood and,2,56290.11374716919
Taylor-Jarvis,1,26570.715522451286
Tran-Bryant,1,3953.427714966569
"and Adams Russo, Sexton",1,17631.811450779598
Martinez-Alexander,1,44320.55787225969
Flores-Davis,2,61868.602898183766
"Myers Estrada, Perez and",1,50162.330690153976
Osborn-Park,1,39524.10862498509
"Yoder Washington and Williams,",1,11259.084506580868
Ltd Douglas,1,11000.036468955865
"and Brown, Johnson Miller",1,7627.262378220141
PLC Miller,10,270898.28863535245
Choi-Murphy,1,38994.17012595561
"Nunez Taylor Nguyen, and",1,27683.982823968287
"and Eaton, Haynes Taylor",1,14249.292397959422
LLC Jarvis,1,42490.02643573273
Group Bryant,1,50011.4899929552
Ltd Wheeler,2,50475.47835125656
"Cooke Houston Villanueva, and",1,14787.89384792705
"Clay, Walker Jones and",1,26959.718605536156
Wagner-Petersen,1,27459.95190335972
"Jones and Evans Carter,",1,41986.88525958172
Peterson-Powell,1,51147.72629054291
Hale-Johnson,1,37300.43284368145
"Wright, Pollard Kennedy and",1,37961.173228243686
Estes Inc,1,28155.182856103514
and Sons Moore,1,3626.506612908614
Mckee-Stevens,1,46763.81464641453
Jones-Goodman,1,26054.782019172686
Lopez Ltd,4,64810.891276695285
Ritter and Sons,1,48059.77716758219
"and Smith Riddle, Reynolds",1,21856.388016724748
James Sons and,1,38842.9629301943
"Garcia and Mann Reed,",1,46876.70948916848
Herrera-Anderson,1,21700.264760617396
"and Lopez Mann Patterson,",1,13108.648221788564
"Brown, Garcia Garcia and",1,34882.821251427085
Bush Group,1,38565.66705644843
"Gonzalez, and Walters White",1,31590.69036389146
Graham-Clark,1,30406.99472896553
Schaefer-Zimmerman,1,28542.418598254586
"and Waller Ross Oconnor,",1,31555.74865460554
Johnson-Harris,1,15541.913886397246
Gilbert Group,2,45790.739728020504
Frazier LLC,1,12520.333538186931
Allen-Spence,1,46320.14374741501
"Tucker and Schroeder Nunez,",1,38538.931878330586
and Sutton Sons,1,36083.64169327894
Clay-Doyle,1,38308.50145266034
"and Preston, Wallace Berger",1,29654.236850631063
"Howard, and Young Santana",1,13096.547665972941
Brown-Patrick,1,36127.28849795744
Simpson-Schneider,1,44319.3496701134
Lyons-Tyler,1,46114.4491800303
Ltd Walker,4,38499.38554616115
Hale PLC,2,82470.08282865916
"and Robertson Wagner Moss,",1,47558.71086694158
"and Martin, Davidson Cox",1,48274.34862731334
Knight-Stone,1,25441.1860682711
Powell-Newman,1,48364.331066573686
Silva Group,4,30912.585233670787
Ltd Sherman,1,8993.460182618557
and Sons Keith,1,34440.88549741581
Barton-Mckay,1,22691.7890532403
Reid-Fisher,1,12299.294614327506
Cox-Davis,1,12870.40776654428
LLC Gordon,2,22390.97405972659
"Douglas, Cooley and Hayes",1,21471.871039235215
"Robinson James, and Lam",1,1178.521796004975
Schmitt Group,1,18452.939461623893
Gray-Marquez,1,32516.739058430296
Allen-Holland,1,38982.34512463429
"Kane Gibbs White, and",1,19456.262308754376
"Taylor Werner, and Wade",1,49929.89562827811
"and Meyer Salazar Harrison,",1,38892.47659250255
LLC Hawkins,2,66340.694516811
Garcia-Garcia,2,63458.11163537127
Harris-Ferguson,1,27241.587676540832
Velez Ltd,1,8781.077531703904
Smith-Perez,2,38335.08665069293
"Kim Hodges, and Curtis",1,25201.823212906318
"Miller Chen, Dean and",1,10342.128594099448
Coffey-Young,1,42727.50668832635
"Blair Beard Jones, and",1,6108.957329949343
"and Fields Mclean Taylor,",1,41313.96627681293
Reed PLC,1,22232.218424651415
Williams-Medina,1,32047.904904775725
"Johnson Johnson and Fisher,",1,11376.986780550284
"Rangel, and Diaz Hayes",1,27046.07806826136
Johnson-Franklin,1,24208.5891549668
Hernandez-Roach,1,3361.2215233605357
PLC Vance,1,36337.364377597005
"Bennett Byrd, Cruz and",1,19847.20423804765
"Martinez, Dudley and Maynard",1,29637.570691817786
"Johnson, Whitaker and Johnson",1,7392.8038373052395
"and Davenport, Olsen Flores",1,38445.83474972378
Duncan-Aguilar,1,50310.40558509211
"and Moreno Crosby Young,",1,26196.360951621566
Grimes-Hernandez,1,6354.391111303189
Perkins-Holmes,1,23181.617636144336
Chan PLC,1,5890.197995896094
Mcclure Sons and,1,37038.989989586764
"Phillips Garza Young, and",1,33996.68773324378
"Munoz, Taylor Turner and",1,38550.981828579796
Moore-Francis,1,21269.367058493786
"and Gonzalez Gray, Boyer",1,40149.83061135442
"Shields and Riggs Garcia,",1,19961.01210447956
"Huffman, and Harrell Warren",1,5641.07220252326
"Miller Turner, West and",1,32190.45919379676
Griffin-Moon,1,33191.652336690175
King-Bailey,1,30036.119335793275
"Moss and Ferguson, Baker",1,48407.38629110051
LLC Berry,3,64596.84332793948
Johnson PLC,23,713781.79375558
Arroyo-Taylor,1,1771.2905141824128
Bradley PLC,1,22543.594034394755
Sparks-Smith,1,10706.539190087746
Spears Group,1,27151.44048837802
Ramos LLC,2,57081.153140191265
"Kelly, Combs and White",1,18728.762317338234
"Parker and Stokes Jimenez,",1,28210.99117923511
Andersen-Jones,1,9613.693264819636
and Keller Sons,2,12801.901207508789
Sons Mcdaniel and,1,48188.344662814496
Torres Inc,3,81608.28647529279
Ware Inc,2,49697.670774278326
"Barnett Bass, Pacheco and",1,38455.99724188054
Cunningham Sons and,1,7196.851789436313
Lee-Wallace,1,44624.79925212564
Sons Hawkins and,1,47831.41232710701
Smith-Cox,2,78195.18163292849
"Coleman Morris Terry, and",1,4102.56745218451
Wells Group,3,102861.64204008428
"Ellison, and Williams Smith",1,43039.33330463843
"Williams Guerrero Robinson, and",1,13650.856573142073
Thompson-Vargas,1,27895.43921394061
Robles-Fry,1,8951.381024073098
"Joyce Warner and Williams,",1,4467.2983721139935
"Green, and Wong Carter",1,10363.67009525957
"Hernandez, Smith Reed and",1,1322.1575041730048
Maldonado-Clark,1,40016.97250263373
Fernandez-Crawford,1,35107.03590803033
Stevens-Greer,1,6142.931157228504
Group Moses,1,23719.586820250734
Valdez-King,1,24718.519472087162
Campos-Carter,1,24460.2501006481
Group Franco,1,15292.5350688873
Pena-Hughes,1,50121.13306046343
"Larson, Deleon Edwards and",1,39152.10982810988
"and King, Rodriguez Swanson",1,27379.44475732339
Clark LLC,6,157097.00373708745
"Gates Lane, and Calhoun",1,26069.18025112899
"Bush, Lewis Alvarez and",1,22025.05386359849
Garcia-Valentine,1,31950.374370323614
Jackson-Oconnor,1,32480.600786621682
Jones-White,1,7036.535160734149
Mccormick-Lozano,1,39339.26081741801
"Bryant, and Harding King",1,13407.784138288787
Blanchard and Sons,1,44623.91209284847
"Mcdonald, Roberson and Sanchez",1,3786.0535583662777
Simpson LLC,1,36661.69063203714
"Mcneil Miller, Nicholson and",1,36253.98506105758
"Jones Stewart Cooper, and",1,1067.3435097712809
"Martinez, and Clark Curtis",1,49005.16121658311
Wood-Riddle,1,6679.78143399997
"Taylor Jones, and Howard",1,32550.804077013658
Group Gutierrez,2,34584.096271557486
Edwards-Miller,2,87418.32084010143
LLC Silva,1,31733.507037929357
Ramirez-Perez,1,4328.504272313709
"Richards Lopez, and Vasquez",1,39335.8443896305
"Edwards and Olson Myers,",1,17964.059800688694
"Reynolds Rocha and Adams,",1,7512.580759384734
LLC Huff,1,43526.535759850856
Monroe-Mcclure,1,39518.504215285
Bishop-Gamble,1,32629.055774719483
Sanchez-Brown,2,101361.9157383919
Smith-Moore,1,15156.197221348693
Villanueva LLC,1,34662.72395277055
"and Rogers Nelson Kemp,",1,28549.435402766347
Cook-Joseph,1,2135.762679164487
Stewart-Robinson,3,92568.61818309358
Parsons-Scott,1,6280.734217343425
Garcia-Mueller,1,44063.56100185936
"Evans, Frazier Gilbert and",1,34057.19858426475
Group Camacho,1,11525.463072542218
"Walter, Reed Weiss and",1,35414.792845217344
"Cook, and Young Brown",1,22196.147387091576
"Wang, Skinner White and",1,11670.938965415527
Collins-Perez,1,20404.453903925227
"Herrera Tyler, Owens and",1,15616.742906336804
"Huerta and Barnes Fisher,",1,29991.231844908056
Hall-Bailey,1,19684.171535751244
Inc Luna,1,14409.340663921637
Marshall-Nguyen,1,16691.740690734034
Blanchard-Fisher,1,34033.50450595514
Group Cardenas,2,31307.864669186474
Boyd-Norton,1,4309.084152946103
"Coleman, Foster and Luna",1,34562.844276590076
Inc Perez,3,68749.6214549457
Webb LLC,2,13369.332976000696
"and Morgan Johnson, Williams",1,43489.627661251216
Branch-Lara,1,45688.762166968234
"Carlson Williams, Short and",1,8045.370186165455
"Wilson Price Brooks, and",1,47277.607999781314
Hodge-Jackson,1,39904.300893462445
"Johnson, Hardy and Reyes",1,33397.75983047917
Valdez LLC,2,63897.7954534518
Inc Meyers,1,45132.957059835506
"Reilly and Cortez, Reed",1,6538.404871148061
"Carson Howard, and Jackson",1,28687.29207222884
"Vasquez, Gonzalez Taylor and",1,17960.71171081753
"and Hart Schaefer Carlson,",1,34618.93929771119
Cooper-Duncan,1,11298.789035407159
Wall-Scott,1,42321.65440986465
Cantu-Gray,1,13836.8786094575
Ltd Schwartz,2,64120.61485536811
Clark-Johnson,1,20257.54428293241
Ballard PLC,1,4266.78430718752
Ltd Fleming,1,35114.48997394837
"Payne Parker, Murphy and",1,33071.266573138324
"Potts, Salas Fletcher and",1,36760.48328707943
Sullivan-Thomas,2,60415.69956178956
"and Walker, Li Gomez",1,32540.974151232745
Burns-Callahan,1,3825.0925445786647
Santiago PLC,1,16515.7559054095
and Nelson Sons,3,88440.88913933877
May-Rodriguez,1,12333.469339994992
Inc Kramer,1,28536.86783701997
"Wyatt and Kramer Porter,",1,47873.967661580515
"and Abbott Campbell Palmer,",1,171.90460383023094
"and Morrison Christensen, Kent",1,16826.00508569696
Cuevas-Juarez,1,41317.64480299747
Weber-Browning,1,17380.22789759103
"Clark Medina, and Taylor",1,36996.46299316968
Shaw Group,3,48062.97552000212
PLC Baker,1,7743.798729163234
"Smith and Santiago Daniels,",1,3345.7002618451565
PLC Gray,1,41954.671747884626
Carpenter Ltd,1,50089.29367994723
Sanchez-Reid,1,46383.950186668735
White LLC,6,173335.68419085693
Lamb-Brown,1,4836.027337501089
Miller-Shepherd,1,33582.02229958884
Brooks-Smith,1,12118.110774679253
Cooke-Rodriguez,1,33427.81022324786
PLC Mcdaniel,1,30434.143826811967
Chapman-Barnett,1,38579.43468361073
James LLC,2,33780.71079994566
Payne-Lynch,1,14277.842049906103
"and Smith Saunders Johnson,",1,4477.833365736493
Mendez-Garcia,1,42030.88042591492
Kennedy-Owen,1,17324.868272692278
"Savage Gross and Adkins,",1,14531.597379388437
Garrison-Crane,1,18209.624267072333
"Malone, Love Cook and",1,44633.051907488574
"Davis Ramirez Spencer, and",1,46995.27965268209
Davidson-Reed,1,41526.701889693424
"Guzman and Brown King,",1,27753.369870671602
Palmer-Moore,1,6288.3653134562655
Sullivan-Krueger,1,10572.405960520133
Howard-Moran,1,27107.80796443633
"Townsend and Hernandez, Brown",1,34876.991309150566
"Manning and Cochran, Zhang",1,17298.29814028288
Ltd Benitez,1,41943.4010842712
Lewis-Kelley,1,33351.28307427062
"and Nolan Wilson Mitchell,",1,28620.793100366132
"and Thompson Bailey, Martinez",1,41847.5632180942
"Fisher and Webster Crawford,",1,35374.10549555988
LLC Fox,1,37551.22314549236
Campbell-Pierce,1,13663.765466358052
Meyer-Goodwin,1,28302.95485066
Barnes-Hernandez,1,10185.474425521996
"Smith, Alexander and Taylor",1,10849.519724432723
"Thomas Mckee, Burton and",1,14935.47341202004
Porter-Sharp,1,3971.091043228248
Group Tanner,1,12968.888595186712
"Robinson Macias Bennett, and",1,18856.709602838764
Group Lara,1,48920.997815707495
"Miller Reyes, and Pugh",1,16695.61286972317
LLC White,4,76988.98541383397
"Wright Jones, and Ray",1,11625.324885756445
Group Bentley,1,12872.878103840001
"Fernandez Long Ware, and",1,31974.03669524256
Anderson-Hardy,1,23552.523282053506
"and Flynn Gardner Mcclain,",1,8038.4875103942695
Perkins-Gonzalez,1,11494.986385556072
"Roy, and Nixon Cardenas",1,8907.634485416944
Frey-Strong,1,1038.3544338509173
Wilkins LLC,1,17391.151319063585
"Adams and Freeman Oneal,",1,18654.76830880597
"and Alvarez Banks, Munoz",1,19924.127227252884
Ltd Wagner,2,45525.76281073726
Ltd Mckenzie,2,77122.16699680753
"Booth, Martinez Hughes and",1,41892.46296208439
"Hill, Griffin Bowers and",1,11638.363573043936
"and Brooks Rodriguez, Howard",1,4141.988449354759
Torres-Robinson,1,29978.669615986506
Jensen-Weber,1,39863.88295532475
"Petty, Ballard and Mcclure",1,29256.928903447635
Sons Lopez and,1,18171.820974066726
Fitzgerald-Fuentes,1,10161.779012786135
"Smith and Robinson Kelley,",1,7753.461282564211
Norton-Estes,1,23140.620361700756
Larson-Anderson,1,42758.36445120369
Group Dougherty,1,44846.227719085626
Williams-Mcdonald,1,21439.198172112512
Gordon-Welch,1,23189.8108289492
Castro LLC,1,27878.60830216228
Wheeler-Miller,1,18021.799299432372
Ross-Cole,1,16121.481069454432
Reid-Lawrence,1,46623.29412275058
Roth Sons and,1,27917.884886146967
"Davis Hodges Wells, and",1,2417.5467483223397
Ltd Mcknight,1,24474.127538713245
"Carter and Calhoun, Ryan",1,2420.3357893204957
"Brown and Ruiz Anderson,",1,30616.929766772104
Hodges-Lane,1,40357.55214741503
Day-Ritter,1,17925.885739834375
Bryant-Turner,1,48663.92871069011
"Medina, Brown Brown and",1,7604.070734677269
Ellis-Higgins,1,12358.19228543068
Anderson-Hoover,1,35877.72975991042
Thompson-Jackson,1,1711.0474794364868
Freeman-Carlson,1,37155.2185962033
Palmer-Valencia,1,36549.62748608995
George-Moran,1,46905.26530214645
Harris-Roy,1,47498.16715084367
"Bradley, Jacobs and Booth",1,50073.460737431444
Group Schroeder,1,41592.00146649209
"Torres, and Smith Adkins",1,21645.492915125997
Jackson-Wilcox,1,16988.045943520294
"and Saunders Franco, Morgan",1,37161.22169251068
Miller Sons and,1,13624.829280307824
"Mills and Young, Perry",1,48799.38533434022
King-Garza,1,23136.667398154703
Martinez-Farley,1,43722.600550861775
Murillo-Warner,1,5663.999467777997
Wright Sons and,2,50954.240073896086
Ltd Wright,5,106554.26139626384
Thomas-Schneider,1,8267.938833983051
Parker Sons and,4,84667.21017067255
"and Howard Ward, Jordan",1,47805.99731582972
"Lawrence and Valenzuela, Jones",1,49082.471240044164
Hunt-Rodriguez,1,36568.07781741183
"Klein Johnson and Lopez,",1,15192.48956727786
LLC Ramirez,3,88394.5085172471
and Sons Lindsey,1,48414.66202748474
Bruce-Lewis,1,536.7560127660139
and Sons Taylor,2,31344.44566074888
"Miller and Tate, Rubio",1,47683.1161177
Reed-Nelson,1,35313.30922645095
"Rodriguez Henderson, and White",1,18204.849487405227
Adams-Dean,1,20445.47021145058
Bryan-Brown,1,33656.37572194535
"Andrade Morrow and Hodge,",1,3057.6090062762423
Cox Group,3,54113.3561034133
"Rivera Choi, Brown and",1,49270.25305759988
Hall-Mendoza,1,49650.679476276106
Stone-Gross,1,34609.631339623236
"Reese Olson Patterson, and",1,11134.394881727882
"Navarro, and Forbes Long",1,17864.599151317292
Johnson-Armstrong,1,43505.08871640664
Group Savage,1,41189.73068744193
Fry-Wade,1,6114.295777524144
"Blevins, and Thomas Freeman",1,3582.4248592063514
Harvey-Schmitt,1,43800.445334307595
Kelly-Richardson,1,45874.50996551209
and Sons Daniels,1,41823.52742435913
"and Ellis, Williamson Thomas",1,30883.377531381135
"and Ford Horton, Gregory",1,13631.930617043272
Shannon-Green,1,3869.886549363492
"Davenport, Baker Robinson and",1,9847.650754964718
"and Morales, Olson Norris",1,14263.6979480534
Jordan-Stone,1,47544.31701995237
PLC Ramos,2,61225.975459786714
Davis-Arroyo,1,9333.856171534824
Perez-Williams,1,14494.052065685437
Mcgee-Hanson,1,28066.959326740893
Aguilar-Vega,1,23651.29838951585
"Padilla, Rivera Dean and",1,43679.22012029763
"Jones Patel, Rose and",1,31214.326972542724
Walker-Porter,2,81253.30755372992
"and York, Bell Smith",1,41673.83262722983
"Hunter Bennett, and Fletcher",1,44816.373093392554
Lindsey LLC,2,49537.16361518577
Ramirez-Wilson,2,26553.154709596896
and Jennings Sons,1,12477.327465453382
"and Vincent Lee, Lee",1,22929.558811738018
Acevedo-Goodwin,1,5900.383817012926
Meyers Group,1,43195.179650074
"Smith Jones Cook, and",1,29451.822968420376
Rocha-Carter,1,52092.669895844054
Walker Group,4,84417.27553373644
"Smith Brown and Grimes,",1,39029.99747516973
Levine Ltd,1,25238.243829749576
"Walker Carter, and Mitchell",1,47203.8629671193
Banks-Howard,1,47297.674705760684
"Berger Baker, and Hull",1,38892.26032939903
Harris-Dorsey,1,47907.04315158755
Chen-Anderson,1,41102.03313113384
"Thomas Bailey, and Guzman",1,4487.045004262572
Fowler Group,1,12511.904328870945
PLC Avery,1,45110.42420021552
"Horton Davis, and Alexander",1,37585.00702853967
Mathews-Black,1,12747.61956844328
"and Ibarra Lutz Shields,",1,19140.9527278654
Montgomery-Sparks,1,46373.86431686943
"Salazar and Wilson, Edwards",1,32765.76069931287
Herrera-Rivera,1,38412.800633000894
"Case, and Young Evans",1,35472.35754623713
Peters-Mclaughlin,1,21816.779109478783
Martinez-Tanner,1,11657.808136991662
"Long and Pollard Fletcher,",1,28130.825939961127
Bernard-Robles,1,45296.648177443865
Ford-Day,1,37503.83060467594
Day-Hodge,1,43391.35212672451
Hill-Chambers,1,13058.026041244582
Moody-Sawyer,1,39114.18108272943
"Dunlap Walter Collins, and",1,14118.21394603791
"and Moore Rollins, Martin",1,46041.36124087167
Burke-Mcgee,1,2906.000605787698
Miller-Martinez,1,40922.28056141923
Lee-Wilson,1,15241.314148391968
"and Hobbs Jensen Johnson,",1,14551.561541751127
Hess-Smith,1,31082.66038549345
Nelson-Hughes,1,22088.523346950493
"Calderon Rivera and Fernandez,",1,37980.11028385974
Waller-Gross,1,38151.223510583935
"Gray, and Jones Cox",1,41706.28209996904
Johnson-Wood,1,16202.621823447076
Swanson-Dunn,1,20181.917733378905
Ray-Alvarez,1,26967.846139751873
"and Zuniga Francis Peterson,",1,33689.63072617538
Bauer-Cunningham,1,41972.98209653193
Cain LLC,1,7070.441911719831
Schultz-Hubbard,1,35133.72996937623
"Butler, Butler Coleman and",1,39218.642776477645
Hendricks PLC,1,26905.47968027034
Burns-Gross,1,7695.383965655938
"and Ayers King, Smith",1,34597.39225496555
"Torres Cruz Allen, and",1,37384.05814667889
Jones-Morris,1,22576.148784047713
and Doyle Sons,1,7269.9956410686655
Watson-Clark,1,29718.566590845156
Young-Lewis,1,6443.647641705515
Cooper-Wood,1,21298.90620005028
Porter-Nicholson,1,48408.90809473461
"Williams and Perez Crosby,",1,19793.98819309747
"Johnston, Williams Kim and",1,1486.9763911557116
Adams-Savage,1,29683.962926094813
Brown-Cisneros,1,22191.539594145852
Lane Sons and,1,22142.50325320779
"Perez and Ochoa White,",1,35521.58214827759
Graves LLC,2,13518.424976341026
LLC Spears,1,38435.44775670372
Gonzalez LLC,5,127870.51896654985
"Barber Waters Castillo, and",1,7241.195988898086
Smith LLC,14,326142.3325463296
Fields Inc,2,42774.25398519503
Collins-Gilbert,1,27081.57452070073
"Hicks Kidd and Allen,",1,47191.77367720067
"Wilson and Kelley, Fitzgerald",1,32140.235718181262
"Frey and Wise, Mendez",1,41365.004775171124
Mccormick-Rodriguez,1,40306.67604621381
Butler-Taylor,1,14120.178231132977
Williams-Cruz,1,35617.810490672855
King LLC,2,58679.42853367014
"Martin Olson, and Johnson",1,33310.60730488675
Group Sandoval,1,9367.016638575511
Lambert-Lane,1,11279.582988393346
Hernandez-Mendoza,1,48718.85305423601
Garcia-Coleman,2,66293.65999188769
Moore-Vasquez,1,45342.004069775896
Brown-Hahn,1,5379.38039852987
Roth-Benton,1,35693.37503408277
Beard-Chandler,1,33926.14260212815
Newman-Anderson,1,17203.44182475175
Ferguson Group,3,62517.75046452888
"and Willis Leblanc Turner,",1,4061.167250666993
"Pena Lee Franklin, and",1,27164.509745578755
Charles-Henderson,1,9653.228100514429
Moreno LLC,5,144238.11562791828
"Good and Jackson Chang,",1,19954.06669184172
Roberson-Olson,1,6090.58779978785
Booth-Smith,1,1889.8099531708995
"Hoover Gibson and Jones,",1,19044.60951627192
"Gordon, Reese Cooper and",1,15518.665119242178
Ltd Villa,1,20069.948514528893
Sons and Brennan,1,18046.406001748303
Dorsey Inc,1,25118.947074054086
"Moore Crane and Jordan,",1,23197.77632587096
Archer-Hicks,1,1540.5077605511888
Miranda-Rodriguez,1,7490.066565550092
Frazier-Martin,1,12438.830596085345
Robinson-Wallace,1,28791.123314452965
Herrera PLC,2,6175.498505792041
Salazar-Wilson,1,30560.963600484716
Vasquez-Cooke,1,8295.244458356014
"Allen, Jenkins Mcknight and",1,4909.021893221189
Mendoza-Lyons,1,6537.110517291136
Keith-Rios,1,33631.877061316016
"Hall, and Cole Carpenter",1,50033.528586394124
"Morrison, and Thompson Henderson",1,41727.952339330965
"and Greene Hall, Bennett",1,32004.82077226624
Harper-Johnston,1,13674.94531920282
Adams-Bell,1,40135.06214705066
Ferrell-Ellis,1,45043.71662475843
"and Weiss Thomas, Finley",1,31272.34126933493
"Olson and Rivera Arnold,",1,35225.817187991895
Blackwell Group,2,9382.983955212218
Hall-Casey,1,13984.636468845507
Moreno Group,1,14826.88823758498
PLC Williamson,2,54605.86499207007
Patterson LLC,2,72646.75595900542
"Hoover Jimenez, and Smith",1,2333.183134810316
Dalton-Davis,2,48421.37834207059
"Stevens Lawrence, Rodriguez and",1,13127.08984369348
PLC Aguilar,4,94837.93799807901
Johnson-Mathis,1,5445.69727391811
Phillips-Lee,1,32733.38907473793
"and Miller Pugh, Cervantes",1,8267.914037870512
"Tyler, Martin and Serrano",1,45816.32604711831
"Moore, Johnson Robinson and",1,47501.089282992514
Guerrero-Aguirre,1,7419.698314772213
"Harrison, Coleman Price and",1,31870.51316059877
"Hubbard Davis, and Stuart",1,18089.417372504242
"and Moore Hansen, Pena",1,40078.60423420931
Shepherd Inc,1,28781.726567016223
Inc Vincent,1,24283.285277182
"Brooks Colon Cole, and",1,41180.888109631676
"Evans Miller, and Kemp",1,43863.597828881684
"King, Meza Mays and",1,28586.73354154679
"Jackson Collins Thomas, and",1,8816.805342305232
Branch and Sons,1,11766.445497545907
"and Smith Pacheco Nguyen,",1,43342.45192841818
Group Kane,1,16246.698379438132
"Johnson Shepherd and Silva,",1,39319.25883265093
"Woods, and Hawkins Gardner",1,24565.980705606587
Hogan Ltd,1,44188.545629433356
Evans-Wells,1,35603.157615280084
"Newman Diaz, Garrett and",1,49488.98895804621
Kirk Sons and,1,32237.439623285296
"and Hayes Delgado Lane,",1,20045.024757883846
"Smith, Barnes Garcia and",1,21669.369246164242
"and Shelton Gonzalez Vance,",1,17724.478380761397
"Ruiz, Stafford and Coleman",1,27968.25941289837
PLC Pierce,2,70354.38672561198
Perez-Long,1,9080.245085455812
"and Holmes Fowler, Davis",1,49723.468148421016
Ross Inc,2,42263.52299188652
"Jones Harvey, and Bridges",1,38877.3379726896
Kelley-Patel,1,6052.290028308453
Acosta Ltd,1,22112.326870054174
Cohen-Compton,1,14029.421335097442
"Garcia Schroeder, Gilbert and",1,14550.232664597323
"and Potter Miller Daniel,",1,21649.523224508892
LLC Rojas,1,17506.335128299026
Coleman-Rhodes,1,4607.996517038334
"James Vasquez Allen, and",1,8953.869296223604
Miller-King,1,32821.1643101381
Bailey-Hood,1,18774.432369111124
Whitney PLC,1,19834.56797451213
David-Simon,1,22800.787046311863
Group Vang,1,39259.29567025564
Holland-Stevens,1,24153.157629859972
Skinner-Bridges,1,40264.939911715526
"Williams, and Frank Williams",1,41093.38241519279
Mcgee-Rogers,1,8800.445078385155
"Webb Lee, Hendricks and",1,14413.835830115986
Harris-Wilkerson,1,28847.90282468725
Stewart-Ochoa,1,30401.881526392226
Perez-Nguyen,1,40238.24258942507
"and Campbell, Norris Stewart",1,16021.230969348117
Madden-Pace,1,4393.389734520144
Miller LLC,8,241011.9838682914
Perry Inc,3,100146.4696013139
"Boyd and Baker Rasmussen,",1,2223.609989234161
Santos-Harris,1,33834.659421882454
"Finley Salinas, Jones and",1,13795.004676922721
"Baker and Barber Baxter,",1,15645.72078278906
Harding-Adams,1,24977.267277168863
White-Jackson,1,19748.38383538941
Pearson-Allen,1,48297.09427701391
"Collins Small, and Crawford",1,49339.88275707946
Austin LLC,2,66266.65114932398
"Miller and Riley, Gillespie",1,7921.65516196353
Thornton Inc,1,30313.16370677249
Fields Group,1,24812.485911598727
"Watts Weaver Knight, and",1,6672.5886098172605
LLC Barnes,3,85499.93107451242
Roberts-Thompson,1,30030.68811605282
Ware Ltd,1,10011.347971058414
Washington-Stanley,1,35675.22331518931
Castillo-Lewis,2,44193.389159321596
"Robinson, Daniels Perez and",1,28285.92139459313
"Leach, Martinez Taylor and",1,7712.459823680199
"Harris and Potter, Vargas",1,16148.944867867931
LLC West,3,55188.685353480556
Mahoney-Fischer,1,48162.9645746717
"Brown and Duran, Frank",1,28415.2849145893
"Rodriguez and Robinson, Church",1,32132.015535372473
Gonzalez-Sullivan,1,48936.819678985026
Coleman-Olson,1,15523.99545779288
"Berry Sanchez, Bowen and",1,16576.847497003797
Colon PLC,1,10278.678379272149
"and Benton Stewart, Moore",1,9542.671230487404
"Haas Barber Hoffman, and",1,21403.02917237517
Orr Sons and,1,49337.22169121457
Sons and Anderson,1,34061.25174009849
"Santos, and Stark Barrera",1,11642.413957995444
Garza-Wells,1,11076.78791561622
"Torres, Norris Simmons and",1,39286.03164988402
"Huber and Hardin, Walker",1,34126.89557977636
"Roth, Davidson and Hammond",1,15437.097836500061
Alvarez-Perry,1,30035.024269581954
"and Hughes Green, Campbell",1,32405.74228425753
Wells-Turner,1,8450.399424405623
Johnson-Carpenter,1,18892.874291541484
"White Anderson Holt, and",1,4688.575943531942
Bowen Sons and,1,33524.850421244206
Jordan-Harrell,1,17213.524217391114
Mendoza-Ray,1,50254.471597459466
Davenport and Sons,1,29629.360837891803
and Ryan Sons,1,694.6159315900741
Carson-Lopez,1,32399.615884914696
"Medina, Gill and Hansen",1,43870.184116374265
and Murray Sons,1,8283.985907686172
Fernandez-Wagner,1,42230.96160530121
"and Robertson Young, Peterson",1,33504.490163501396
LLC Huffman,1,38676.51558482234
"Cunningham and Powers, Nolan",1,48541.33687565184
"and Hammond Cruz Nguyen,",1,5336.986236889524
"Bray, and Young Combs",1,41846.14400611594
Thompson-Knight,1,28989.642828664342
Colon-Jimenez,1,3644.7833075376157
Rodriguez-Murphy,1,19451.315628114746
Harrington-Hess,1,31642.667100892842
"and Nicholson Ellis Moreno,",1,11001.833736187864
"Long Taylor, and Moore",1,26856.72376938182
Chavez-Scott,1,3990.1474208588434
Group Jennings,2,33750.99992748692
Gray-Rosales,1,8705.343237622174
Edwards-Wang,1,42081.028823383254
Inc Wu,1,32782.05562083606
"and Porter, Hanson Byrd",1,13959.846174186323
Delacruz LLC,1,44618.30131214837
Sons Heath and,1,45566.777279150934
Wiggins-Willis,1,4157.616983792862
"Torres Bowers and Pitts,",1,40820.91420872508
Novak-Bates,1,10282.097196817345
Scott-Schneider,1,37860.40322360433
Smith-Patterson,1,14294.715876811899
Ltd Holloway,1,2939.175406107884
Hansen-Cooper,1,42991.98102722372
"Malone, Salinas Powell and",1,3495.4413716978506
Meyers LLC,1,38214.922588200745
"and Ford Ray Jackson,",1,48195.89363687399
Haynes-Parker,1,27593.933393065246
"Johnson Washington, and Collins",1,32458.059049338175
Johnson-Harper,1,39900.34248307572
"Nelson and Marshall Mercado,",1,12366.233771080295
"and Kramer Miller Anderson,",1,48397.18656515063
Brewer LLC,1,12207.178374972089
Castaneda-Martinez,1,15900.303466743182
Moss-Olsen,1,21590.33737093891
"Downs, Mckee Smith and",1,31737.25898663577
"and Ruiz Davis, Stewart",1,35047.88957615909
Lewis-Miller,1,10872.770207833724
Brewer-Colon,1,31995.13262270624
"Meadows, and Johnson Peters",1,33032.67934032542
"Smith, Lopez Anderson and",1,20656.38068138295
Lester-Johnson,1,45582.05638941567
Obrien-Harvey,1,47499.60421149297
Mcintosh PLC,1,48672.19517425322
"Miller Montgomery Allen, and",1,8519.004381101404
Whitney-Duarte,1,23607.40154174944
Larson-Day,1,13456.979740442694
"Flores Miller, Cowan and",1,14025.392235437655
"Wheeler and Olson White,",1,9345.058249652631
Porter-Fisher,1,18829.98708921887
"Harris, and Allen Silva",1,20658.314241453518
"Garrett, and Daugherty Johnson",1,24886.255342635548
Torres-Turner,1,26295.559227056194
Castro-Allen,1,36522.58377795311
LLC Gallagher,1,49747.38189382486
Marquez-Jackson,1,14127.525494056734
"Matthews, Wiggins Carpenter and",1,15955.585493487237
Nelson-Simmons,1,22203.287837541964
"Macias, Nelson Lewis and",1,36679.19389911954
Hughes-Rodriguez,1,6743.672376857838
Nixon-Mayer,1,13949.370677068859
"Gates Brown, and Stuart",1,42684.55888455027
Morgan-Young,1,44411.12452708084
Robinson-Ritter,1,38440.92706817124
LLC Chavez,3,26994.985886075578
and Reeves Sons,1,34789.05006439876
"Smith Holland, and Hogan",1,38938.72356460895
Wood Ltd,3,72595.84589333262
"Collins Cooper Thompson, and",1,43862.619350621244
"and Henderson Kline Barnett,",1,35523.14237533802
Padilla Sons and,2,46710.383249963794
Mason-Collins,1,28946.803858753243
Whitaker-Wright,2,69150.31002827392
"Moore, Gallegos and Smith",1,14023.101874113481
Johns-Patel,1,37089.58189015603
Cruz-Smith,3,91728.48716558854
"Sutton, and Arroyo Ware",1,32971.70606449794
"Ewing and Stout, Howard",1,19826.930306063947
Mckenzie PLC,2,49153.08957843438
and Matthews Sons,1,8353.133862135775
"Singh Barton, and Taylor",1,34358.68932664324
Lucas Ltd,2,70200.52606218956
PLC Fleming,1,13427.68008841618
Bryant PLC,2,64738.37734531665
Diaz PLC,4,133804.6390978549
Burton-Gregory,1,16147.815393162084
"Villanueva, and Smith Jenkins",1,7242.547312465855
Walker LLC,1,18938.181072468527
Gonzalez-Burch,1,10910.98560995216
"Mayer and Gardner Nolan,",1,16024.144571267041
Trevino-Holloway,1,31378.1231391814
and Johnston Sons,1,19086.662500879298
"Frank, Lawson Craig and",1,21855.46771635318
"Wiggins Garcia, Wheeler and",1,49495.18046647137
Burns-Rose,1,51257.62079323422
Morales-Fitzgerald,1,12652.873651017768
"and Anderson Nichols Whitaker,",1,25334.935868555367
Boyd-Keith,1,11437.321300973941
PLC Lane,1,41480.78530928532
"Reyes, and Marshall Sosa",1,37548.305096135184
"and Richardson, Allen Webb",1,19646.56673821199
Vega-Valdez,1,18197.32210673085
Meza LLC,1,13296.042216371658
"Gross and Cunningham, Scott",1,8438.948335051178
"and Estrada, Carney Saunders",1,8990.800636866494
LLC Curry,1,17012.735049703584
"and Todd George Webb,",1,40339.2496075737
"Perez Clark, Osborne and",1,15172.09247425426
"Chase Key and Clark,",1,5181.672003428048
Sanders-Koch,1,32649.321346602093
Perkins-Bradley,1,30884.820988984407
and Sons Price,1,16435.079730920006
Murray-Thomas,1,18959.188492767604
"Wyatt, and Phillips Weaver",1,28955.65502423006
"Morse and Torres, Williams",1,50893.13787454491
Weaver Ltd,1,20049.480731647905
Harper-Sandoval,1,15403.379880947703
Myers PLC,4,47403.17364043719
Group Massey,1,11145.039299062315
"Butler, Malone Henderson and",1,2099.281526720886
Banks-Freeman,1,2971.2094003603943
Flores-Nguyen,1,45964.038571448735
Walker-Osborn,1,18778.686965668778
Washington-Baker,1,38525.77484397713
Young-Mcneil,1,23724.583070858338
Leonard-Chapman,1,22457.21871011038
PLC Carlson,1,28873.97615835048
Ltd Cisneros,1,15234.730494121864
"Crawford Brown and Tucker,",1,18108.881720002628
"Hardy Brown and Bush,",1,29188.04597768242
James-Harris,1,16397.702413185216
Gonzales Inc,1,14641.029762410195
Smith-Hebert,1,51306.63052380713
"Shaw Weiss Phillips, and",1,33927.914249535934
Holloway-Marquez,1,42048.75386724956
Leach-Reed,1,48098.55861560798
Rose-Turner,1,19492.950296654453
"Carlson Boyd and Martinez,",1,22218.376245600408
Weaver-Cardenas,1,33483.81999187066
"and Cruz Robinson, Kelley",1,4147.270494151577
"Harris Sanders, Castillo and",1,10733.120085944598
"Barton, and Morrison Dean",1,11771.110085357555
"and Brown Vasquez Long,",1,26848.320294031248
"Chavez Simmons Pace, and",1,14671.36489200181
Green-Foster,1,44435.2402910313
Black-Hunter,1,9596.044512827832
"and Owens, Vaughn Hernandez",1,34029.39218253583
"and Johnson, Ortiz Gonzalez",1,19965.407945153696
Maldonado-Williams,1,3430.28980499472
"and Ward Hensley Mcmillan,",1,15782.649405138489
Group Jackson,1,2038.1988819016328
Harris-Ellison,1,46199.31335974862
"Lewis and Valdez, Blake",1,30146.973257752947
Anthony-Smith,1,25435.190600486647
Wright-Montgomery,1,32157.03521405126
Farmer-Sanchez,1,24840.29617376363
Lawson-Rodriguez,1,40532.852134709436
"Freeman and Maxwell, Mitchell",1,46537.33777790524
"and Yang Schultz Monroe,",1,21300.107952879054
"and Edwards Sanchez, Becker",1,8725.219979141408
"Smith and Johnson, Singh",1,24673.946588205083
Allen-Smith,1,4847.819381959772
Fowler-Barry,1,12680.285684577884
"Campbell Fernandez and Castro,",1,36085.331956325645
"Solis Armstrong, Garrison and",1,38212.937282188854
Garcia-Carroll,1,33329.97002849941
Moore-Hughes,2,56907.300051360115
Hoffman-Delgado,1,16859.40545497505
Sawyer-Berry,1,15826.840528693076
"Cuevas, and Kemp Clark",1,24063.693087264197
Dean-Estes,1,28418.618935327562
Ellis-White,1,44614.586701033906
Inc Mccarthy,1,17533.301631262362
Anderson-Frederick,1,7813.108885275218
James Group,1,10848.819354682133
"Rios Brown, Gutierrez and",1,10178.42463017823
"and Peterson, Rodriguez Murphy",1,42192.98687233368
Baldwin-Marshall,1,7285.489591505677
PLC Hodge,2,49734.11088890053
PLC Glass,2,51531.18426531092
Clarke-King,1,30735.4786052856
Serrano-Griffin,1,50173.24982829797
"Prince Hoffman and Wilson,",1,28654.257622699773
Myers-Robertson,1,1060.7304999383489
"Wise Mccoy and Ward,",1,11999.320160452797
"Sims and Henderson Meza,",1,9810.972483971747
Heath-Krause,1,34061.77724550627
"Thompson and Price Park,",1,23518.22165500674
Wiggins-Dawson,1,7510.965592246153
Wyatt PLC,1,5045.9512159462965
Dunn-Figueroa,1,8824.970092099122
"Fuller and Hardy Jackson,",1,43972.0351229004
"Wiggins Gilmore Johnson, and",1,29424.04203908927
Daugherty-Singleton,1,43810.13719933162
Robles Group,2,67039.91290689827
"and Nicholson, Payne Richmond",1,3753.4347875494864
Gilbert-Singleton,1,48359.01059758572
Franklin-Buckley,1,31318.04194852917
"Johnson Padilla and Garcia,",1,16882.55130135983
Montgomery-Smith,2,78607.92940151559
"Williams, Moore Martin and",1,27318.211144055207
Velazquez-Olson,1,11917.11378550483
"Kent and Wilson, Johnson",1,34883.13577556777
"and Fox Navarro Little,",1,11968.492052230098
Webb-Lee,1,3605.2671259986046
"Martin, and Snyder Alexander",1,27944.559396209148
Bridges-Phillips,1,15188.14169880666
Pierce-Stanley,1,42307.466663224914
Walker-Williams,1,31795.68888492693
Trujillo-Taylor,1,21020.29615244275
Brown-Frederick,1,20464.154010167716
Patrick-Huffman,1,1316.5161008639966
Smith-Hart,1,36580.24457582482
Robertson-Sparks,1,30355.590508773672
Lang-Baker,1,28504.6827897923
Davenport-Martin,1,31019.168057544473
"Mason Martinez and Hanson,",1,24638.623650879555
"Campbell and Collins, Rowe",1,20627.51498489822
Cohen-White,1,17098.369788919765
Smith-Foster,2,42292.295059707634
Inc Blair,2,42831.60687975368
Clark-Lee,1,10150.096528105376
Gardner-Shelton,1,23853.544410807823
"Gonzalez Franco, Garza and",1,29273.439006449753
PLC Whitaker,2,60448.627452912835
Yoder-Mays,1,44904.69936260293
Reed-Reynolds,1,43890.447829991994
Hebert-Wells,1,23.72792960267975
Gill-Franklin,1,3367.3258781137665
Jones-Moore,1,23883.603570686322
Adams-Black,1,4974.767063556936
Long-Brown,1,50648.1792435409
Buck-Armstrong,1,23779.052559554624
Inc Casey,2,80293.40904295718
"Jones, Mcintyre Sanchez and",1,21290.78815883294
"Willis and Anderson, Perez",1,15745.802701899853
"Rivas, and Fletcher Conway",1,1367.9746540150365
Huynh-Kelly,1,42660.11668858645
Mcdowell-Hale,1,31618.97327167491
Boone-Johnson,1,32714.881169061362
"and Montoya Flores, Boyer",1,14640.006776366872
Lewis-Burton,1,5608.8189948646395
Drake-Hill,1,1650.1965369147306
Mahoney-Howell,1,20445.91329156423
Smith-Garrett,1,22074.535022634664
LLC Avery,1,46092.14958118322
Sons and Campbell,1,8528.333110773478
Sanders-Bell,1,33013.4357044709
"and Garcia Watts Garcia,",1,43382.78023426175
"Hernandez, and Lucas Palmer",1,17809.63726864882
Ltd Mccann,1,20581.678028382492
Group Sharp,1,34635.09167743856
Tyler-Cox,1,2647.6927816012694
"Mayer, and Steele Harris",1,50125.850116419635
"Montgomery Rangel, Simpson and",1,23398.858007149654
Inc Owen,2,11703.145470225263
"Wall and Jones Rose,",1,47372.94521790663
"Stanley, and Robinson Ortiz",1,4285.40929281762
Adams-Nash,1,35345.735793795095
Robinson-Patton,1,31899.139462865376
"and Myers, Smith Miller",1,35038.04543914138
Day Inc,2,74689.03810826725
Clayton-Williams,1,2352.398476223513
"Diaz, and Stout Brown",1,4615.046229078662
Petty-Medina,1,36344.18476692142
"Myers Montgomery and Perry,",1,34407.89809271104
"Cobb Frye, Diaz and",1,5941.242121091782
"Holmes and Hall Mcintyre,",1,23723.48561938862
"Pierce Rice, Torres and",1,31698.74918219263
Petersen-Molina,1,28496.74303354146
Smith-Reese,1,7732.367661868466
"Holmes, Miller and Vargas",1,19711.050029492588
Chapman Sons and,1,22007.86284280026
"and Morales Jennings Cook,",1,34774.351127057584
"Garcia, and Bishop Hernandez",1,3326.3826746815157
"Lewis Livingston, Lowe and",1,10663.910005038557
Sons Garcia and,2,39111.45653908762
"and Sims, Gonzalez Huff",1,46682.44679168613
Moore-Sanders,1,28954.26139161208
Brown PLC,9,224559.66868250194
Cowan Inc,1,38142.10967805347
Alvarado PLC,1,43545.51977966152
Sanchez-Lewis,1,23882.14456587636
Ltd Richard,1,22284.059841935003
Ibarra Group,2,50506.76118271894
"Townsend, and Kent Garcia",1,10366.323960973525
Rogers-Davidson,1,26932.59760660025
Manning-Compton,1,10110.917673520411
Miller-White,1,25102.90160854122
Santos-Mcdaniel,1,36381.042578409724
Grimes-Pennington,1,6704.68950935726
Johnson-Cantrell,1,35676.59765327727
"Baker Tucker Webster, and",1,12962.599539497945
Edwards-Molina,1,11333.968984623809
Vazquez-Perry,1,30330.447193145137
"Alvarez Garcia, and Watkins",1,39214.32216348669
Lowe Group,1,27378.719844013875
Harris-Chambers,1,13470.801781948943
"Hunt, and Alvarez Mendoza",1,6421.924223283514
"Baker, and Padilla Mclaughlin",1,12854.176410630991
Wade and Sons,1,7952.623219866529
Ltd Morgan,3,41634.56882931151
Barker Group,1,46753.39344179616
"and Small Gonzalez Smith,",1,29410.585293943306
PLC Snyder,2,43049.105460234736
Cooper-Carrillo,1,41881.350719106085
"and Johnston Chan, Miles",1,17224.32571605227
"and Greer, Cooper Parks",1,42491.5406896177
Russell and Sons,1,11030.14718968207
"Jacobs Smith and Holland,",1,8365.78870739775
"Johnson Baldwin, and Brown",1,7102.484916966913
Sons and Morales,1,9253.393495663882
Martinez PLC,5,116369.53612721132
Group Thomas,1,38057.58278126009
Smith-Williams,5,158481.0509236965
"Mitchell, Carey Cole and",1,48432.03378677233
LLC Hansen,2,20858.406902510542
Carter-Rowe,1,10819.104559434547
Valenzuela-Robinson,1,50046.754452503534
and Sons Maldonado,1,26236.118535248675
Garcia-Hughes,2,64148.75728628038
Davila Group,1,19894.961795242307
"and Moore Baker Lee,",1,34516.4732191328
"Wyatt, Williams Hancock and",1,15678.311208220914
Clements Ltd,1,39964.93452660529
King-Walker,1,25523.005498271643
Inc Tapia,1,16476.299530669337
Camacho-Taylor,1,39002.52428990688
Harvey LLC,1,3240.5292567654324
"and Holmes, Baker Mcclain",1,32581.217828842935
Becker PLC,1,46133.75086446264
"Friedman, and Scott Dalton",1,6215.484567153254
"and Salinas, Li Hayden",1,43401.38288354194
"and Mosley, Bennett Fletcher",1,28688.41584898717
Torres-Cain,1,19924.27937042193
Ltd Avery,1,36042.290673983945
Shah-Scott,1,41844.789374139385
Powers-Freeman,1,46865.93398098997
"Rose Anderson, and Moore",1,8372.853679137745
Ltd Dickerson,1,47681.5058514734
Hernandez-May,1,22810.000920702067
"Friedman and Callahan Price,",1,40737.76689822611
Riley-Carrillo,1,2915.479465023449
Lynch-Davis,1,32955.07286518396
"Boyer and Stark Baker,",1,49203.13873266829
"and Pham Castro Johnson,",1,13931.731943947838
Patton-Anderson,1,6110.152759831488
Reynolds-Hernandez,1,49229.04634018063
Gallagher-Whitney,1,37532.55244416398
LLC Barrett,1,7857.173979451934
"Goodman Miller and Gonzalez,",1,26404.116607637498
Castillo-Beck,1,40691.078973511314
"Aguilar, and Wilson Perez",1,35263.52787330262
Rodriguez-Melendez,1,34218.341676133736
and Sons Green,1,22024.062346875493
Hancock-Williams,1,8653.035050227072
Gordon-Colon,1,18624.76089438531
Sons Nicholson and,1,9122.134827837644
Johnson-Tyler,1,17787.557909031497
"White and Bell, Holland",1,3504.8684488717727
"Martin Choi and Kelley,",1,10073.408295902513
Gardner-Humphrey,1,38224.49855144784
Gentry-Thompson,1,35190.49665754021
"Curtis Wolfe, and Jenkins",1,14831.718388642563
Richardson-Smith,2,57745.15432577195
Lindsey-Sanchez,1,36122.89043448059
Jenkins-Foley,1,23914.675833523448
Hall-Jackson,1,41322.35321755736
Spears-Nguyen,1,40923.78967673738
"Carrillo, and Jefferson Blankenship",1,26334.02467623171
Inc Walsh,1,45689.3229424279
"and Sanchez Flores Walker,",1,5291.2047352437785
"Gallegos and Horton Simon,",1,3547.5123451556246
"and Lyons, Johnson Fisher",1,2468.8084450361325
"White, Smith and Ross",1,9366.894863750764
Moore-Casey,1,15998.302117669647
"Gilbert Allen, Stone and",1,11829.402457179182
Lee-Clarke,1,44976.839772549065
Newman-Johnson,1,42252.18289102343
Odonnell Group,1,10833.118095332939
Walters-Waters,1,46118.50267340599
Lowe-Sanchez,1,15094.062265867175
Pope-Wright,1,3952.1195063508435
"and Jones Wilson, Kelly",1,14651.456599086734
Stanton-Jones,1,7021.869257435414
Price-Garcia,1,23404.15562365057
"Quinn, Bentley and Allen",1,28401.556931871608
Vincent-Hill,1,45274.39656060178
Hunt Sons and,1,2104.377396319978
Castro PLC,1,43488.83862747319
"Thomas and Lambert, Young",1,40850.924880202976
"Santos and Blake Wood,",1,20548.758263643515
Barker and Sons,2,16707.3332760914
Thomas-Nielsen,2,29426.77129127681
"Jackson Roberts, and Randolph",1,32015.00336010859
Ltd Reed,5,152888.11653689388
"Wilson Hill and Ellison,",1,28273.006077684335
"and Graves, Roth Jackson",1,24037.871297335118
Johnson-Zamora,1,12987.184238269028
Hunt-White,1,34231.59318076533
"and Rodriguez Hamilton Phillips,",1,37438.12698904911
"and Myers Jones, Lee",1,41282.152189648
Price-Fischer,1,35655.58647224598
PLC Beck,1,29591.64247092178
PLC Kramer,1,39482.723984046475
Nelson-Wilkinson,1,17194.735204066466
"James and Hernandez, Kennedy",1,26090.718170255135
and Sons Bernard,1,5025.76026655532
"and Steele Miller Butler,",1,6140.310092467232
"Figueroa and Stanton Hall,",1,22834.532477093195
Thomas-Evans,1,47283.080249131504
"and Curtis, Robles Adkins",1,47716.65050176386
"and Hall, Lewis Ramirez",1,16188.64315253905
Frost-Williams,1,22408.664980966536
Johnson-Fisher,1,36227.93108215875
Stewart-Sparks,1,3184.8690102022647
"and Le, Estes Evans",1,25554.461162896318
"Jones, and Bailey Snyder",1,18531.335781081954
Ellis-Davis,1,3932.9019693524774
PLC Daniels,1,25581.192612085593
"Hamilton Phillips, and Oneal",1,37970.30428487301
"Lam Lucero and Lopez,",1,47903.07121671406
"Johnson, and Mata Medina",1,28805.094141537185
"Frederick, and Martinez Rivera",1,6224.6463498275525
Shelton-Davis,1,6793.094608728743
"Love and Ramirez, Herrera",1,44587.75356604802
Sons and Choi,1,27655.40179681095
"Jones Fischer Terry, and",1,34167.59193262928
Cooper Ltd,3,89138.42340417921
Inc Carrillo,1,24958.87382477814
"Cruz Fuentes, and Myers",1,11184.76208620141
"Mendoza Pope, and Yang",1,48716.31304481217
Hart Inc,1,31346.301546657174
"Wise, Black Watson and",1,45782.84093170296
Wall-Browning,1,43069.16470428484
Turner LLC,2,61874.00532403546
Pugh Group,1,2778.337598316998
Barrett-Foster,1,22305.223578897007
Hoffman-Williams,1,47641.899104259
Johnson-Becker,1,33550.1290893022
Lozano PLC,1,31153.319313293574
Melton-Petty,1,17282.052462221003
Inc Acevedo,1,11726.458376478422
PLC Morales,2,28021.972075116148
"Gordon, and Johnson Harris",1,11965.80856061203
"Parker Hines, and Fuentes",1,21214.086798833505
"Zavala, Kerr Diaz and",1,24715.85654878708
"Carlson and Collins, Knapp",1,47814.67130543165
"Paul Powers, and Jenkins",1,7678.672500891921
LLC Finley,1,18253.491312243976
Garcia-Moore,1,20211.545543462722
Long Ltd,1,51139.3568215758
"and Hammond Edwards Reyes,",1,8292.329989367681
"Pollard Oconnell, Wells and",1,4447.704884771143
PLC Norman,2,38134.95588441324
"Wilkins Tate and Robles,",1,28857.334794678987
"Sampson, Edwards and Herrera",1,13445.259450008445
Davis-Stokes,1,38038.86179090931
"Carney Friedman, and Weeks",1,22605.142785208252
Taylor-Moore,1,36547.40748448172
"Rivers, Walters Morgan and",1,29746.413331791387
"Flores Perez and Barton,",1,6828.232929379799
"Johnson Hernandez and Perry,",1,18452.136683956196
"Long and Ramirez Mata,",1,32966.20695998787
Carlson-Coleman,1,31666.324802191237
Wong Inc,1,21959.97648577806
"Kim, Norris and Mendez",1,4016.6864081145027
Williams-Lewis,2,35602.0146272468
Lee-Combs,1,30725.043944028876
"and Newman Perez Cunningham,",1,7798.814426502027
Gordon-Potter,1,5346.746221722729
"Hayes, and Ball Boyer",1,22466.976352266003
Meyers-Phillips,1,40284.03017276767
Walker-Odom,1,42695.535524058905
"and White, Sherman Hartman",1,34705.051950218774
Ltd Rhodes,2,24244.6737852578
"Strickland Richards and Benjamin,",1,33877.382363251854
Little Inc,1,26436.38981532339
Guerrero-Prince,1,47273.823061358686
Davis-Lowe,1,48239.37804634374
"Mann Allen, and Tucker",1,35189.190572685155
Bryant-Cooper,1,10030.904416082009
Andrews-Andersen,1,12177.44766806688
Mcmillan-Dean,1,33035.54636842187
"and Rodriguez, Lee Hahn",1,13767.22956505627
"Moore Anderson, Harrington and",1,30717.976187011413
Foster-Rhodes,1,49022.02199358131
"Payne Caldwell and Rice,",1,18561.053865567963
"Pineda Davenport and Murray,",1,34616.42540655773
Robinson-Hamilton,1,7849.188687521538
"and Castro Bowman Gonzalez,",1,43134.01660892559
Ferguson-Thompson,1,36727.912983675335
Gilbert-Jordan,1,32280.827053526955
Francis-Hartman,1,31375.33470928305
Inc Bowman,1,43998.1794242917
Group Olson,1,48340.84835418839
Garcia-Allen,1,7058.918521511194
Duke LLC,1,9304.115714317239
Group Hood,1,24870.10365893384
Anderson Group,9,165732.20984104628
Inc Lee,7,107598.38991637951
"Hoffman Cox Mcdonald, and",1,25787.43914374591
"and Fitzgerald Shaw, Edwards",1,28456.69855744684
Group Moore,3,104658.5099821997
Downs-Stephens,1,4509.403060894499
Johnson-Gray,1,37458.15927894109
"Richardson Mccormick, Cruz and",1,40178.46329436952
Erickson-Rodriguez,1,37330.16091865425
Baldwin LLC,2,40161.46723154192
Hayes LLC,2,49818.9404243489
"and Baird, Simmons Peters",1,37629.03329951395
Fernandez-Mahoney,1,45697.77858162468
PLC Brooks,2,18343.37547119346
Torres-Jones,1,9994.752013186859
"Ross, and Chambers Webb",1,43834.14790911845
Sons Hunt and,4,119764.75564273552
"Sheppard Roberts, Dougherty and",1,33146.91931618062
"and Martinez, Shaw Abbott",1,12825.914876167571
LLC Garner,2,54342.741012189756
Green-Sweeney,1,42496.77237407726
Allen-Cowan,1,41859.308950545295
Spence Ltd,1,9155.895095123467
PLC Conrad,3,90752.0480057176
"Rodriguez Leonard and Webster,",1,26779.789733355494
"Fisher, Barrett Peterson and",1,38360.381281490176
Duncan LLC,1,22140.989635335696
Russell-Wallace,1,38822.82101266199
Holloway Ltd,2,55693.05141676333
"Rasmussen Patrick and Newman,",1,10584.185945449815
Barnes-Sanchez,1,23105.9683321763
Nielsen-Romero,1,27960.065327265365
Morgan-Ryan,1,29675.172344565963
Freeman and Sons,2,67675.58863870776
LLC Ward,3,82221.12938462298
Mcdaniel-Gilbert,1,17120.53393215179
"Jacobs Ramos, Jones and",1,48989.47669956572
Winters-Cochran,1,39749.84111012328
"Kennedy Scott, and Hamilton",1,27148.24092245766
"Davis Davis, and Davis",1,22316.169322526406
Lewis-Martinez,1,42077.01948955258
Sons and Wilson,1,8276.696419442394
"and Ford Powers, Washington",1,20571.546155448956
Cunningham-Salinas,1,14546.478612727198
Martin-Morales,1,6444.241150540442
Mccarthy-Love,1,17226.697180356707
Cruz-Booker,1,34584.96487088425
"Dillon Bradley and Peck,",1,42324.50146127515
Brandt-Smith,1,6384.696905497502
Hernandez-Carter,1,35845.31776014107
Ellis PLC,4,113327.31977714616
"Blanchard, and Hughes Fuller",1,18436.919355053873
Young-Schmidt,1,3540.289919772431
"Carter and Marks, Andrews",1,12875.3447664171
Shea-Fowler,1,26608.430185266454
Chambers-Lucas,1,39186.43907967734
"and Thompson Stone Coleman,",1,48787.179760677696
"and Johnson, Mcdowell Hoffman",1,46903.1550736504
"and Liu, Crane Lewis",1,40389.99205753203
Lyons-Young,1,28323.81862124732
"Williams, Torres and Bell",1,41759.960213888065
Phillips-Waters,1,38800.94485542325
"Becker, Anderson and Holmes",1,28940.01306222719
Cunningham Ltd,2,63483.62555067199
"and Smith, Clark Gaines",1,32455.34970571305
"Parks, and Rich Johnson",1,7876.125208696325
"Rojas Williams and Rodriguez,",1,28067.0497301579
"and Valdez Watkins Andrews,",1,24826.95444503303
"Nixon Garcia, and Tucker",1,43767.911074383504
"and Velasquez Fletcher James,",1,20565.033591234114
Campbell-Perez,1,25949.07699122862
Inc Drake,1,14095.131501696475
Horton-Walker,1,14003.155998607395
Ltd Olsen,1,30540.469694786214
"Graham, Dean Lewis and",1,26022.374283481393
Johns-Myers,1,7915.859327328033
Williams-Cole,2,64300.29816653362
Bush-Lee,1,47598.994108237086
"Avery, Doyle Wells and",1,36461.505201685075
Ferguson-Bennett,1,9384.742927000578
"Deleon, and Rodriguez Brown",1,18229.92562761804
Murphy-Martin,1,7734.184085778805
"Weber Cunningham, Leblanc and",1,36578.29626633836
"Bruce Bradford, Liu and",1,23343.302287398543
Bond-Gomez,1,31936.191931305668
Terrell-Benton,1,25937.104165572964
Sons and Trevino,1,15046.006179545322
Esparza-Vasquez,1,43749.11361547961
"Schwartz Crawford Garcia, and",1,19986.466557508484
Stein Inc,1,23110.86740639107
Olson PLC,1,38976.5984141754
Hernandez-Bishop,1,30899.422965923946
Rangel-Thomas,1,7237.9291583619615
Wagner-Anderson,1,34460.4703752065
"Luna Davis and Lee,",1,19810.984644159755
Hudson-Carroll,1,4689.099491661713
"Robinson, Fleming Garcia and",1,3947.239067235376
Keller-Brown,1,29755.00529508845
Powell Group,2,81779.3321230688
"and Jackson Harvey Douglas,",1,27452.735862128167
"and Garner Ware Green,",1,17593.026440367434
"Valencia Taylor Smith, and",1,16451.739076340433
"Woodward, and Burns Erickson",1,12449.119332717302
"Buck, Cunningham Miller and",1,48009.068952142785
Castro Group,2,34305.002552524384
"Torres, Logan Lewis and",1,16760.031921247384
Sons and Boyd,2,31100.505458771193
"Kelly, and Santos Jones",1,33605.60290576028
"Spencer, Stanley and Riley",1,31735.142586566377
"Dawson Snyder Farmer, and",1,43515.710845789996
Dougherty PLC,1,49912.88479521318
Allen-Powers,1,25939.74170668979
Horton-Brewer,1,7774.894689167345
"Rice Martin Dominguez, and",1,34013.74072642873
Group Hardy,1,11392.979259942076
"and Evans, Carlson Armstrong",1,26495.017449963754
"Beck and Clark, Hernandez",1,18014.11064375674
Group Huff,2,34175.88766917342
Walker-Morrison,1,41220.259676988666
Figueroa-Young,1,29632.147238892903
"Dennis Wall, and Taylor",1,41890.01860369492
Ellis-Horn,1,33427.7073831272
"Braun and Garcia, Little",1,6110.6413896717595
Mejia-Green,1,2065.956764850488
Ltd Wang,1,26062.43432029105
Cline-Carpenter,1,23499.936250978782
Rodriguez-Becker,1,3311.5891055535576
Anderson-Brown,1,35945.884474187944
"Hall Lee Bailey, and",1,47516.520546428415
PLC Drake,2,35286.60880865386
White-Stone,1,28756.22809706306
Munoz-Swanson,1,28858.720854859886
Carter-Bell,1,12662.906151803607
Price-Keller,1,9588.947221483402
and Sons Wright,1,18164.706434788593
White-Terry,1,21091.200899916934
Simpson-Martinez,1,15383.270142129695
"Murphy Nguyen and Thompson,",1,9973.324959341013
Weaver Sons and,1,47819.48592743689
Group Hunt,5,93012.83887168247
"and Davis Blankenship Mcdowell,",1,38082.47457089561
PLC Hawkins,2,28771.16834802303
"Perez, Case Pierce and",1,43392.5744597031
LLC Bishop,1,47614.93368632452
Bartlett-Huffman,1,48307.38420745285
Rhodes-Brown,1,46776.499275766924
"Moreno Barrera, Hicks and",1,40674.652007916964
"Myers and Edwards Oconnor,",1,48761.41156402522
Robles-Fisher,1,37084.9863337801
Group Mccarthy,1,4052.88876337851
Williams-Yu,1,44892.520668387224
Schwartz-Jones,1,29784.298291516687
Garcia-Jacobs,1,50288.99246300997
Smith-Lucas,1,24478.56123653755
Ellis-Flores,1,25503.51106996956
Reid-Brooks,1,12366.439351726722
Spencer LLC,3,98100.26888712586
"Rose and Scott Holt,",1,25127.630425850733
Webb-Marquez,1,27562.246892032108
Ltd Grimes,1,27285.143696370273
PLC Andersen,1,11329.1521821028
LLC Gibson,2,30326.018317714665
"Lopez Hall and Meyer,",1,49855.66177912153
"and Lee Peck Alexander,",1,3713.075650545452
Garner-Rowland,1,26860.21134229213
LLC Gross,2,55066.64760915702
Noble Inc,1,22586.55493652157
Harris Ltd,4,126733.83970076061
"and Wright Branch, Mendoza",1,29292.95546238468
LLC Manning,2,50960.573214066986
"and Gomez Jones Campbell,",1,9235.255004656743
Spears-Drake,1,38255.652776671974
"Torres and Hardy, Wells",1,5305.707629021443
Ramirez-Tran,1,39884.381846989396
Butler-Osborn,1,18901.356184051834
"Jenkins, and Cisneros Fischer",1,16873.356599592018
"Rich and Morris, Phillips",1,6985.221412531571
"and Ball Ray, Hoffman",1,11377.342649715833
"Lozano Collins, Ross and",1,38442.16199654227
"Cunningham and Nunez, Franco",1,30709.768178578306
Murphy-Gould,1,41759.463145330876
Taylor-Smith,1,35848.38871695645
"and Graham Jones Rojas,",1,3497.022838321395
Garcia-Valencia,1,13619.134351048353
"and Ellis, Alvarez Harris",1,31652.696940002854
"Kelly and Mendoza, Faulkner",1,29541.985402926104
Davis-Gill,1,36181.38344294366
Larsen-Alvarado,1,8435.53450035248
Sons and Beltran,1,42966.69902741681
Novak-Richardson,1,44700.25128659201
Mccann-Williams,1,7964.859634939757
Velasquez-Brown,1,30491.67387391399
Butler-Holland,1,44351.40253834247
Crawford-Landry,1,25775.869222108355
Price-Vaughan,1,40354.41867701577
Nichols Ltd,1,47534.872567130406
Group Cruz,1,2353.6887646875534
Juarez-Lewis,1,21823.29105957644
Flores-Parker,1,40482.60668746217
Brown-Aguilar,1,44638.54694071687
Hart-Ferguson,1,3267.3396312110744
PLC Bishop,2,56567.500696178
"and Rodriguez, Dunn Edwards",1,30584.600019850335
Ltd Holmes,1,35187.660485490735
Smith-Salinas,1,45833.17038902411
"Ramos Murphy, and Gibbs",1,16944.484333395296
Cook-Miller,1,28799.12549328101
Potter-Carlson,1,45406.09726855355
"Vasquez, Nelson and Montgomery",1,35503.16407372134
"Cuevas Alvarez Hernandez, and",1,45547.42571874343
"Rhodes Thomas Coffey, and",1,20006.845242327774
Cook-Holloway,1,10781.163871596988
Hill-Smith,1,18745.6394834144
"Pope, Day Mason and",1,24306.315725171506
Williamson-Roberts,1,31808.482637413825
Horton-Simmons,1,34694.45544185391
Anderson-Morales,1,38063.04874470205
Ryan-Nguyen,1,25538.864859170804
"Jones and Barron Mcpherson,",1,45650.84747421662
Haynes PLC,2,48070.00428594562
"and Walker Rivera, Powell",1,39325.62742950175
Ochoa and Sons,1,47398.82305253668
"Jacobson Butler, and Garcia",1,35333.755798415325
Santos PLC,1,7294.540897716687
"Ross Rollins, and Holt",1,47227.03575216602
"Lester and Woodard Yang,",1,48752.36048905048
Ortega-Stevens,1,28885.466778398164
Smith-Ross,1,4129.870715137058
Scott-Wilson,1,13555.177993391206
Flynn Ltd,1,46679.18961583423
"Golden Lopez, Powell and",1,22036.343544965308
"and Payne Sanford, Sanchez",1,45621.67819257421
"Ford, and Singleton Terry",1,28339.70928616822
"Bailey and Taylor Blackburn,",1,37881.40196170754
"and Miller, Stewart Palmer",1,31312.550361024703
"Houston and Valencia, Matthews",1,48701.936519584706
"Larson Andrews, and Lynch",1,39265.64605454515
"Wilson and Brown, Ortiz",1,36862.17180296319
"Johnson, and Petty Rubio",1,37861.50911059635
Rios PLC,2,42392.19862447733
"and Harmon Brown, Cabrera",1,50081.1319035216
"Kelly Johnson, Parker and",1,43882.30153362518
Banks-Martin,1,46745.14632092861
Walker Ltd,4,122297.56787411572
"Tran Wright and Vasquez,",1,28319.53220701166
Moore-Walker,1,22741.65602533655
Nelson-Cooke,1,48327.04928277107
"and Osborne Lopez, Castillo",1,38807.956409904735
Cox-Smith,1,23602.765606777935
Inc Ramos,1,39118.37999785766
Holt and Sons,1,7093.441874609536
Cox-Hines,1,17058.05483457912
Wilson-Bryant,1,15265.377248814391
Sons Thomas and,2,48075.38205703328
"Jones Waters and Ortiz,",1,46993.1353394519
"Brown, Marshall and Neal",1,37157.74298271299
Wiley PLC,2,63832.511390694395
"and Mendoza Banks, Moore",1,37683.3818572676
Lopez-Savage,1,36458.29721858718
Daniels-Simmons,1,21514.46660265429
Mckenzie-Rivera,1,40767.15798847012
Thompson-Lamb,1,34072.35041366215
Sons and Hill,2,64810.11410751921
Nielsen Group,1,43376.89489777645
"Woods Lewis Dennis, and",1,7163.060068127676
Ltd Horne,1,46639.16900614536
"English, Allen Adams and",1,8486.441824422669
"and Sutton Christensen Freeman,",1,44798.510251714186
"and Martin, Brown Walsh",1,36380.39517852846
Stanley-Ferguson,1,39450.191967463004
"Holland, Johnson Williams and",1,9100.178682365995
Jennings-Cole,1,24280.17470076916
Mccann-Murphy,1,49216.39208603192
"Rivers Reeves, and Newton",1,36697.12982522099
Davis-Brown,1,41727.96204535682
Stanton-Hester,1,46025.942707239534
"Hendrix Walker and Williams,",1,25750.908559703166
Wolf-Smith,1,25940.80188859039
Ltd Foster,1,19711.91336836808
Kent-Mullins,1,32250.618918116776
Shelton LLC,1,44284.11860764867
"Walker, Simmons Walker and",1,20971.478010792238
LLC Ayers,1,12726.32291721325
PLC Bryant,1,10636.107789468173
Harvey Ltd,1,16712.930077700905
"and Johnson, Browning Kaufman",1,28472.18512850194
"Garcia and Allen Garcia,",1,43015.01330454363
"and Fields Porter Chang,",1,12607.394958940256
Harris-Stout,1,25112.968814729025
"Morrison and Vasquez Thompson,",1,44976.6738618939
"Simpson, and Smith Bell",1,2334.0035440844786
Murray-Shelton,1,27087.560552870273
"Romero, Taylor Collins and",1,31883.67903933437
"Sullivan and Walter, Love",1,13691.528300330985
LLC Crane,1,11052.800477249348
"and Snyder Cameron Adams,",1,29886.725275364373
Mayo-Williams,1,20897.23249981465
"Smith Smith Hernandez, and",1,2591.660371754936
"Pruitt, Hughes Guzman and",1,12553.556661247663
Rodriguez-Rush,1,21853.798019412625
Inc Macias,2,40529.15433909106
Group Chapman,1,12702.581418439186
"Soto, Padilla Lopez and",1,11182.114859083968
Stokes Group,1,39269.66693558271
PLC West,1,3360.6901202164813
Short-Hill,1,1243.4716578200878
Black-Greene,1,18261.794160307167
Johnson-Griffin,1,25171.53455796434
"and Meyers, Mckinney Reed",1,7011.151509907515
"Martinez Proctor Davis, and",1,44001.36758204454
Hull Inc,2,62229.74604082099
"Salazar, Weaver Rodriguez and",1,14462.405691721578
Jones-Harrington,1,44417.142349545924
"Hobbs Becker Collins, and",1,21984.345498075476
"and Alvarez, Perkins Russell",1,38147.79978582598
"Peterson and Flores Hutchinson,",1,24218.480610194838
Montgomery-Washington,1,26685.083861511193
Vasquez Sons and,1,22090.640279171756
Lucas-Campbell,1,6531.5642062517245
"Gibbs and Gutierrez, Cook",1,43875.497349260644
Tapia Ltd,1,27566.554552611837
Dixon-Richardson,1,17180.645331121254
and Norton Sons,1,44224.17677633356
Garcia-Gonzalez,1,21592.06452703316
"and Castaneda Miller Mitchell,",1,2564.3582658028795
PLC Stokes,1,16831.592734899554
Adams-Gallegos,1,34085.7246494997
"Sutton Sherman, and Ross",1,33605.84576778918
Reed-Morris,1,1247.1260578667493
Bryant-Todd,1,11388.943035505745
"Phillips, Mack and Doyle",1,28457.59689023503
PLC Sanders,1,43606.398165832536
"Anderson King, White and",1,2003.8351524483016
Aguirre-Wang,1,47399.62297983624
"Silva, and Davis Pierce",1,8520.591393906396
PLC Rodgers,1,25459.095662215947
Jacobs-Dominguez,1,32467.675276412876
"Marshall and Middleton Ray,",1,28240.66722207211
Choi-Fowler,1,39046.020397596534
Inc Kim,1,25481.090800739097
Rodriguez Ltd,7,152400.6629753973
"Smith and Johnston, Collins",1,14377.33431849461
Moore-Robbins,1,35570.07655709629
"Bailey Morgan Frey, and",1,30051.975072767196
Inc Bryant,3,83056.52824652876
and Moore Sons,1,35821.64933547802
Wright-Nguyen,2,59833.81279976668
"Hayes and Miller, Sawyer",1,37095.5931757011
"Williams Thomas and Hernandez,",1,18448.53967146816
King-Anderson,1,18358.654877770776
Benitez-Nguyen,1,24768.456525216036
Nelson-Drake,1,47540.28357224411
Fritz-Evans,1,47405.76966932228
"Lindsey Valdez, and Snyder",1,29135.486390538244
"Mills Martinez, and Rodriguez",1,28361.164411567748
PLC Wood,2,13108.427566865917
Smith-Copeland,1,3038.1070287869143
Jones-Patel,1,13310.81899140126
"Cook and Escobar Calhoun,",1,27238.49227051148
Group Simpson,4,114546.49127624443
Martinez Group,3,116288.34987434889
"Cherry, and Lawson Wells",1,30660.305138661897
"Mcfarland Lewis, and Price",1,24824.74335042821
"Gardner and Brown, Johnson",1,17966.87907845414
Kelly-Daniel,1,42080.16578829745
Garcia-Olson,1,23078.884047076066
Hernandez-Thompson,2,47724.8151951762
PLC Woods,3,48578.69210531659
"Mccarty Anderson Galvan, and",1,48551.531561398864
"Long White, Wells and",1,10795.411651229488
Casey-Young,1,46993.18743532429
Clements-Allen,1,27358.081012639468
"Patel and White, Lucas",1,24625.4988982101
Ltd Webb,2,72432.1168899215
and Russell Sons,1,19884.150964092874
Whitehead Inc,1,43268.995158353806
Perez-Marquez,1,11731.80518448426
"Jones, Banks Avery and",1,38664.01521700559
"Walker Bridges and Michael,",1,4328.632127799807
"Huffman, Mendez Thompson and",1,11381.484436292787
"and Fisher Smith, Wilson",1,1491.9017990704697
"Shepherd, Brown Frank and",1,6357.10994862923
Smith-Griffin,1,38286.88089778755
Nguyen-Rivera,1,34843.924927602086
PLC Mathis,1,35344.93420203975
Ltd Lyons,1,3309.108330098958
"Campbell, Russell and Smith",1,10403.021818117119
Miller-Lawrence,1,22847.716204649994
PLC Ryan,2,49812.18104117345
Gardner-Boone,1,12405.559276905997
"James, Peterson Jackson and",1,36273.70355256318
and Sons Norris,1,42290.50024124502
Inc Eaton,1,14603.163527880122
"and Lewis, Griffin Graham",1,4865.089920465961
Phillips-Ward,1,44524.66428641684
"Ross, and Mueller Mclean",1,25552.584215508523
"Mckenzie Combs Cochran, and",1,41101.93010411783
PLC Romero,1,35692.1306722416
"and Hopkins, Lowery Wright",1,14352.15383795961
PLC Buck,1,9856.05159752821
Cobb Ltd,1,19454.322431539098
"Vazquez Cummings Lee, and",1,15930.68450071229
Hampton-Kennedy,1,29822.65677405021
Kelly-Ponce,1,49222.0772498466
"Hall and Flores, Campbell",1,49169.24266947335
"Cox, Mccoy Hawkins and",1,44633.06341334388
Bullock Sons and,1,14845.09570089727
Valdez-Wallace,1,4698.309016390697
Morgan-Allen,1,15414.250863159836
Ellis Inc,1,11578.226526133592
Webb-Miller,1,42069.17460419158
"Holt Ochoa, and Rodriguez",1,10493.191014769665
Hernandez-Hayes,1,2048.905068001477
"Parks Fields, and Evans",1,41326.59055661912
Salazar Inc,2,44899.641467871734
Arnold-Cooper,1,9897.350324220202
Foster Inc,2,77156.43885464051
"Grimes Yates Hines, and",1,24247.48999452648
"Miller, Lee Jones and",1,33546.193603851636
Randall Ltd,1,20453.3459168142
Lewis-Martin,1,38115.58921932251
"Rivera, Martinez and Davis",1,8277.199876720664
PLC Beasley,2,34339.09416981227
"Brown, Burton and Cook",1,48920.63107986828
Maldonado PLC,1,3553.414812411787
Murphy-Garcia,1,49013.894181786185
Kelley-Reese,1,47881.60920940662
Harris-Hicks,1,12969.16494192984
"Schmidt, and Garcia Watkins",1,7314.069496581861
"Barber and Johnson Williams,",1,11779.474601020294
"Gonzalez Sims and Logan,",1,17966.368581473536
"Collier Harris Gordon, and",1,24644.039185437934
"Mcintyre Solis, Rodriguez and",1,11874.970392810772
Sons Norman and,1,34957.777524987214
"Cook Munoz, Kim and",1,46136.673381084656
Hatfield-Miller,1,37520.4574613409
Scott-Rowland,1,18790.344608825384
"Romero, Rivera Gray and",1,34831.6850141705
Group Zimmerman,1,44286.96112753784
"and Hernandez, Fletcher Oneal",1,24783.836575982677
"Joyce Anderson, and Greene",1,21840.612784245583
Young-Clark,1,16606.612507008747
"Johnson and Delacruz, Gonzalez",1,4711.626584324817
Cannon-Roberts,1,7988.409962341743
Inc Alvarado,1,25661.04240375073
Vincent-Hernandez,1,51280.99294571046
"James, Johnson Drake and",1,27801.096083695465
"Olson Blair Pierce, and",1,4506.805620001585
"Ward and Riley Ramsey,",1,31813.958135064837
"Bell, and Chaney Garcia",1,35489.9923560053
"Stewart, Ortega Ruiz and",1,30671.23591223936
"Scott Hayes, and Henry",1,37885.726874187516
Wade-Torres,1,25414.739680956896
"and Alexander Hunter, Thompson",1,22709.862566912612
Brown-Payne,1,1951.053290905198
Morris-Bush,1,2931.0002580536625
"Thomas Castro, Vaughn and",1,31465.683226376343
"and Davis, Holland Mathis",1,6125.270121230892
PLC Walton,1,20663.47887162303
"Moody, Shaw Powell and",1,39856.10818278662
Sons Hodges and,2,56080.61677766666
White-Rowe,1,14227.32115830744
Mclaughlin-Jenkins,1,28652.039026864677
Ltd Peterson,6,125920.63835954097
Lopez Group,5,148192.48651352516
"Schneider and Hopkins Oconnor,",1,12074.068569831332
Ayers-Alvarez,1,20022.794459073975
Lopez Inc,6,121026.42737400682
Murphy PLC,1,29063.26618903913
Davis Inc,6,157889.71145281842
Terrell-Stewart,1,12060.10395678868
Davila-Harding,1,10653.466542022297
Odonnell-Martin,1,1371.1831704949755
"Tran Williams Morgan, and",1,15337.929476178831
Ryan Ltd,2,47149.819817607044
Sanchez-Campos,1,11082.903244553085
LLC Knight,1,33863.78818201228
Taylor-Small,1,28894.09465570188
"Dixon, and Davies Carpenter",1,16019.051334824346
"Myers Alvarez and Marshall,",1,40333.778165451076
Boyd-Clark,1,32241.199066399156
Lee-Hudson,1,34782.362363217886
Harris LLC,4,121010.48563826492
English Group,1,42910.673897380286
"Holder and Jackson Baker,",1,27389.178231848666
Russo Ltd,1,25337.420178798693
"and Lewis Wilson Wright,",1,32066.66226944203
Benjamin-Becker,1,40000.62939358717
Ltd Walters,1,3447.98157189458
"and Castaneda Romero Powell,",1,13940.66131830201
Mayo Ltd,1,7853.797910682608
Nichols-Hart,1,7272.24040125502
"Freeman Stevenson, and Clay",1,25733.50995518907
Weber-Romero,1,35507.94574594172
Diaz-Bryant,1,8739.398231506262
"Davis Cooper, Stewart and",1,32236.072770257102
Stephens-Ramos,1,10970.623417171406
PLC Roth,1,10204.55035531248
"Jones Little and Fisher,",1,2503.9760271772957
"Walsh Hill Hill, and",1,18665.991403374894
"and Atkinson Blevins, Stevens",1,36914.84171671168
"Hall, Thomas Jones and",1,30542.17413993795
"Murray, Blair Rojas and",1,50543.182647898415
Ltd Bridges,1,6992.425597024283
Sons and Watson,1,29008.93196334976
Shepard Inc,1,12377.732885391137
Murray Ltd,1,31443.003988531316
"Byrd Luna, Smith and",1,5253.038463983592
PLC Shaw,1,21369.39827837274
LLC Patrick,1,44155.200724008646
Hayes-Simpson,1,47942.43281371277
Tran-Arias,1,49890.54434466879
"Nguyen Vaughan Valencia, and",1,7202.064541441666
Campos-Hernandez,1,9968.875163764176
Bryant LLC,2,62774.38521949906
"Quinn Pittman Fowler, and",1,32041.26312767168
Smith-Warren,1,34095.02232398397
"and Sellers Allen Lam,",1,1247.8016764335323
Chavez-Thompson,1,13569.50037175008
"and Thompson Schultz Johnson,",1,5435.007030406975
"and Coleman Elliott Gonzalez,",1,10304.015332300365
LLC Pruitt,1,33112.67897439982
Lopez-Jones,2,29917.76723496046
"Rodriguez and Davis Thornton,",1,1602.5652677975272
PLC Wilson,3,83257.348573932
Oliver-Williams,1,45603.34934670866
Sons and Meyer,1,18703.11180771662
"Davis Ruiz and Hanna,",1,19938.539612951397
"Hill Villanueva, and Fuller",1,6910.1530855149385
"Brown, Cochran Daugherty and",1,25508.68988658119
Cole-Mitchell,1,42235.1967068589
Gillespie-Escobar,1,22853.163263893013
"Baldwin Rowe Browning, and",1,40118.90382924433
Miller-Howard,1,39816.936943100445
"Wright, and Riddle Jenkins",1,37005.06251951658
Browning-Anderson,1,42502.5510879354
"and Mahoney, Cabrera Thomas",1,45924.79292970368
Thompson-Phillips,1,21163.356185181226
Roberts-Dunn,1,48902.85882994702
"and Harmon Ramirez, Perez",1,8838.567155652614
Duncan-Meyer,1,22443.938666801067
"Mann Knox Silva, and",1,5393.593136252724
Mcgrath-Lopez,1,31132.85835261846
"George Henry Kelly, and",1,45755.44901858416
"and Good Willis Reid,",1,50289.38035379283
"Mitchell, Rogers and Wilson",1,16037.33432739338
Bonilla-Farrell,1,29582.522648884325
and Sons Henderson,2,51471.603557746595
Inc Hess,2,70206.61978519401
Eaton-Gutierrez,1,47003.086330418155
Allen-Anderson,1,37851.98601473204
Ltd Dougherty,2,32655.52483241321
"Good Ross, Carter and",1,6837.452419958117
Carr-Flowers,1,12073.822780155406
Brown-Ingram,1,8043.20363707377
PLC Dunn,1,34765.1814152067
Group Moran,1,29630.95314240558
"and Warner Hoover Weber,",1,40948.24832246618
Allen-Rich,1,39960.48397751684
"Torres Price and Hurley,",1,6480.7763667685595
"Moss and Lewis Gray,",1,45462.61794578677
Montgomery-Martin,1,26775.503022163342
"Gates Stuart and Kennedy,",1,12423.973796549972
Hampton-Phillips,1,42899.01102223492
Rodriguez-Lawrence,1,39958.362864265
"and Powell, Jackson Brown",1,19461.661272454017
Miller-Casey,1,32698.478810450913
"and Roman, Montgomery Krueger",1,13063.99121928636
Ewing-Brewer,1,12174.443542497802
Abbott-Martin,1,48968.88089008677
Howard-Holloway,1,26338.550739063936
Peters-Jenkins,1,41001.01943969798
Guzman LLC,2,44017.045520190266
Gregory Group,1,34060.27294782528
Larson-Townsend,1,19451.779122801778
PLC Thomas,8,188433.5655074443
Taylor-Hart,2,48565.37454112629
"Kane and Sandoval, Hall",1,49587.46825489623
"Martin, Porter Perry and",1,34340.81878027249
PLC Grant,2,69632.8210289995
PLC Hall,3,50094.97651505813
"and Morales Palmer Thompson,",1,4672.047319354707
Pham-Evans,1,285.97372113685174
Holloway-Hamilton,1,29023.91385238543
"and Stephens Sawyer, Collins",1,11024.479090759267
Johnson-Smith,4,131075.29452546473
Mendoza-Howe,1,30832.299945429124
"Durham, Burch and Webb",1,26196.143493477193
Webb Ltd,3,44682.44589990507
"Evans Michael, and Reyes",1,34749.101639389824
"Robinson and Russell Ramirez,",1,39981.904312399485
"Ramirez, and Walsh Snyder",1,25679.773606090384
"Ross, and Ross Ballard",1,2802.8976122386116
Ibarra-Garcia,1,12619.555173714989
"and Grant Morales, Wheeler",1,22447.405266785387
"Shaw, Mitchell and Campbell",1,7340.0821609382
"Reed, Gonzalez May and",1,34447.56995134308
Ltd Madden,2,61370.492453977335
Smith-Marshall,2,83019.19042181344
Brown-Sims,1,8403.901808273864
"and Scott, Payne Robinson",1,31382.781169497346
Paul-Ayala,1,11430.117979894827
"Malone Shaw and Flores,",1,23094.298547505132
Mendez-Turner,1,36167.12321427622
PLC Nash,1,17908.385822674503
Adams-Smith,1,30151.502148981363
"and Mccormick, Lucas Lowery",1,44942.19229515456
Palmer-Jennings,1,21004.38138660809
"and White Holmes Smith,",1,27495.33956557157
"Hebert, Brown Kim and",1,-227.99506358307838
"and Davis, Gonzalez Underwood",1,13625.768659784733
Inc Silva,1,23259.456079662785
Long-Carter,1,23679.774185250724
Bennett-Brown,1,8569.31638697903
Rangel-Andrade,1,39984.90885763753
"and Soto Watts Fitzgerald,",1,35700.5687442133
"Wilson Ramirez Conrad, and",1,22038.649082530468
"and Johnson Porter, Sims",1,46401.43727585209
"Williams and Romero, Cole",1,39186.76904472433
Group Maxwell,2,88443.90151756548
"Sims and Obrien Austin,",1,18074.742292591563
Khan-Snow,1,7076.67616238846
Pruitt-Lawrence,1,16245.236013695414
"Perkins Flowers Lane, and",1,9133.232624142323
Stevens-Lewis,1,9098.697538210492
Hernandez-Werner,1,4121.464764623587
PLC Zuniga,1,28247.24329423335
"and Reed Dunlap, Wright",1,13882.196673395418
Salazar-Irwin,1,36097.4635865096
Sons and Wang,1,35028.882751318495
"Wolf and Ballard, Burton",1,41342.67891617622
"Daniels and Page, Hood",1,46211.99678360677
Hall-Rogers,1,34995.80552733325
"Wells, Gomez and Jenkins",1,41770.80785280923
"Nguyen and Thomas Andrade,",1,47156.93602074421
Cabrera-Baker,1,51350.51280585173
"Roberts Duran, and Lee",1,43694.05790205758
"Henderson and Bernard, Gibson",1,2775.6683712653858
Cruz-Allison,1,19041.78443902436
"and Moore Cox, Duffy",1,23022.845835437165
Sexton Inc,1,30944.138269809817
Armstrong-Hines,1,27521.270498766622
Holt PLC,1,7525.055418862549
Middleton-Peterson,1,49454.610462147495
Sutton-Mitchell,1,34031.73064149966
Thompson-Sullivan,1,5006.335744082375
"Michael and Evans, Elliott",1,38942.260015530774
"Morris Preston, and Cohen",1,13231.647454015314
Robinson-Alvarado,1,24389.967770040177
"Swanson, Morris and Woodard",1,22694.524046692826
Ingram-Murphy,1,4755.961455058895
Smith-Christensen,1,22704.769075572003
"Ward and Copeland, Johnson",1,31634.195483834035
Ltd Key,1,32475.775492443718
"White, Wilson Pruitt and",1,24083.328775916787
Chavez-Hughes,1,37267.35772733989
"and Barnett Sanders, Williams",1,19979.868436368415
Krueger-Miller,1,49632.653141107214
Hoffman Ltd,1,41525.573225351094
Brooks-Bartlett,1,39476.81585199237
Johnson-Rosario,1,40926.77884639952
Green-Brooks,1,46298.44627179936
Brewer-Roman,1,10008.568221186106
Rose-Church,1,5784.852163360505
Obrien-Weeks,1,24088.382832330146
Franklin-Ferrell,1,8934.726733021134
Gardner-Morales,1,35431.57536059315
Miller-James,1,23260.193391614583
"Hart Taylor and Montes,",1,45586.52165625281
Simpson-Lewis,1,31887.70699676072
Thomas-Nelson,1,35629.09630989666
Richardson-Zimmerman,1,20025.240071141
Boyer Inc,1,40697.96894754518
Garza Group,4,127931.1356344455
Martinez-Strickland,1,30064.180790216535
Brown-Thompson,1,34602.10194438856
"Dixon Tran Larson, and",1,14305.496887782048
"and Peterson Rodriguez, Daniel",1,14017.616390634454
Henry-Buchanan,1,31750.12846352167
Fisher-Fitzgerald,1,45727.030197526685
"and Brewer Knight, Ortiz",1,33659.285831825146
Ltd Morris,1,28364.498027480884
Ortiz Sons and,1,37694.0381923844
"Thompson Eaton, Smith and",1,19759.89650138179
Meyers Inc,1,9034.258941459942
Group Clarke,1,18527.05461654752
Jackson-Phelps,1,26365.076735264443
Ltd Sweeney,1,37909.5482015156
"Wilkinson Jackson and Sweeney,",1,33333.88627200828
Higgins-Miller,1,10693.064999429247
Group Tran,2,45917.41204284538
Baxter-Taylor,1,45854.957961338754
Garcia-Butler,1,11795.877066606066
Williams-Stuart,1,2188.1533468291304
Williams-Fisher,1,11031.75004890182
White-Gonzalez,1,2457.8532372667037
Inc Murphy,2,28255.2401303066
"and Bryant Sanders Fields,",1,23489.78697069041
Johnson-Stout,1,41882.1244519571
"and Burke, Fowler Hoffman",1,22240.221592894504
LLC Stewart,3,98644.27671479425
"Wright Welch Brooks, and",1,34871.37420391806
Sims Ltd,1,17941.6433256264
"and Howell, Richardson Fuentes",1,20000.526678383092
"Tran, Payne and Romero",1,45009.09468004511
"Santiago, and Rose Calderon",1,13224.984268457298
"Hebert, Weaver Park and",1,12456.829548976515
"Evans Mcguire, and Roman",1,27586.060953186017
Skinner-Cruz,1,22847.455617352858
"Anderson, and Cruz Eaton",1,37304.49770656737
Fry Ltd,1,5474.852416499201
Hess-Wilson,1,25694.504014104827
"and Ramirez, Thompson Mckinney",1,8105.908273311138
"and Murray Williams, Sellers",1,28773.237443335223
Carter-Wells,1,13380.232065147953
Flynn-Garza,1,16180.90216070843
"and Smith, Soto Rogers",1,23156.597783493828
Wong-Sutton,1,36381.30788582094
Suarez-Anderson,1,31229.13283826017
"Rodriguez, Carter Carroll and",1,3768.0258403720436
Sons Burke and,1,3109.227439816653
Clark-Becker,1,22108.032705433525
"and Oliver Acevedo, Livingston",1,48155.25906701282
Murray-Wade,1,19291.939962279645
"Johnson Mcfarland and Long,",1,13707.45008494709
Taylor-Mccoy,1,15633.650374900972
Ltd Jennings,1,15549.199108204599
"Greene Mccarty Daniels, and",1,19838.953492713743
"Leonard and Olson Lynch,",1,9816.346614782622
"Castro White, and Price",1,44113.10587463604
Russell-Moore,1,18958.747239264707
"Maddox, Ayala and Shannon",1,8107.014373549153
Group Lucero,2,62880.04146710683
"Kennedy Marks, Hess and",1,32258.803250296896
Mitchell-Lowery,1,42567.78228322963
Romero-Ferguson,1,30357.430449218802
"Russell Mora and Watson,",1,47292.54990033638
Sons Stephens and,1,37868.175239866156
"and Hill, Guerrero Perry",1,13799.700143606684
"and Montgomery, Gonzalez Montgomery",1,22247.812272608728
and Sons Olson,1,2070.1203849860794
Charles-Farrell,1,8411.693131725491
Miller-Cox,1,30713.431611796266
Zimmerman Ltd,1,29251.285331507723
Sims-Cooper,1,26430.278593036524
"and Kim Tucker Hayes,",1,20084.465483051375
"Hudson, Robertson Johnson and",1,39551.77276252634
Christensen-Martinez,1,3854.0902467815226
Ltd Fernandez,1,40877.913321209984
Long PLC,2,47680.88547578963
"and Ashley Washington, Neal",1,22450.860162803037
Sons Adams and,1,6624.735890351812
Walsh-Davis,1,21538.773806280842
Davis-Montoya,1,2921.103243745345
PLC Munoz,2,56503.57339508864
Delgado-Newman,1,43639.944647680466
Rivera-Diaz,1,4138.8030098743875
Miller-Jensen,1,49756.375101457495
Nguyen-Olsen,1,26078.178583922323
"Rivera Stone, Bowen and",1,7074.835908310976
"Foster Hood Lucas, and",1,19055.587216840417
"Turner and Montgomery, Harris",1,35243.37775315351
Rodriguez-Navarro,1,1781.6926929795122
Sheppard PLC,1,30612.61834946947
"Knight, Young and Brown",1,10248.361290863664
Sparks LLC,1,3895.111604675655
"and Bowen, Rhodes Little",1,42733.3497248658
Harding-Scott,1,35126.15727726288
"Arellano and Martinez Casey,",1,24919.01157185214
"Arroyo Park, and Richards",1,19572.517844575435
Velasquez-Franco,1,8310.055273398257
Sanchez-Morris,1,28317.712696185834
and Gonzalez Sons,2,82341.18149019363
Hutchinson-Nguyen,1,11367.35579099401
"Pratt Mcdonald, Klein and",1,27961.10561196843
Ford-Owens,1,41459.410175520105
Jenkins-Mendoza,1,2914.721467937927
Black-Blake,1,27968.449995486895
Mack-Ortega,1,42365.5279755834
Bennett-Stephenson,1,28742.86949110095
Freeman-Horton,1,10645.204184938279
Ltd Booth,1,47067.29449501667
"Martinez, and Moore White",1,37798.95058783797
and Sons Williams,3,42699.98520498369
"and Gonzales Dunn, Camacho",1,35116.71047195745
PLC Hale,1,32773.81627054692
Moreno Inc,1,33631.41766717144
"and Cohen Nelson, Davidson",1,30322.532665874154
"and Leon Anderson, Arnold",1,21623.03531430483
Wagner-Herrera,1,42757.45069486345
"Holland Brown, and York",1,43119.1063437755
"Shaw Taylor, and Khan",1,35294.67720007783
Reyes-Gutierrez,1,23483.586373538266
Schaefer and Sons,1,13063.771235356126
Mccormick-Marshall,1,41335.69403061563
George-Peck,1,17104.78013224214
Walker-Smith,2,83397.47645511027
LLC Nguyen,3,73688.25978336894
Inc Price,5,154890.1665939869
"Daniels, Nguyen Alvarez and",1,13489.463557797473
"Hardy Flynn, and Park",1,29229.790886924864
"Richards Edwards and Taylor,",1,38753.8181469869
Singh-Turner,1,15688.363993962379
Schultz-Holmes,1,8832.39564573304
Chavez PLC,2,3144.684818810649
Morgan PLC,2,4520.874143358582
Cannon-Sanchez,1,30171.013922633727
Rich-Jackson,1,4028.4840641373507
Jenkins-Fields,1,6333.763296992257
Gardner-Scott,1,35688.108947196975
Williams-Mccoy,2,51009.585319285914
"Nelson, Thomas Perez and",1,45560.295663110235
Rogers-Rodriguez,1,47815.05384297521
Gonzalez-Martinez,1,49631.84843820311
"and Carpenter Daniels Brown,",1,2755.3811342576414
Love Ltd,2,24112.01043323664
"Vega Cooper Jacobs, and",1,7959.264592314872
"Kaufman and Thomas Diaz,",1,26921.985624403078
"Lee, Palmer and Nguyen",1,44919.149825777524
Sanders PLC,1,15610.038915939436
Williams-Barrett,1,11692.086593551532
and Sons Griffin,2,64931.10886511443
Williams-Hayes,1,46690.39926563535
Barnett-Matthews,1,27545.17775073668
"Castaneda Sutton, and Harris",1,21772.698110531193
"Wood, Hughes Wong and",1,11984.986106750112
Pearson-Carr,1,45200.434367092486
Delgado-Adams,1,6172.255852920951
Hodges-Kelley,1,5444.632059102714
Rose-Anderson,1,24446.883187848354
Castro-Singh,1,33428.94636042487
"and Flores Lyons, Stephenson",1,44015.87272109192
Harris-Taylor,1,36086.778369639316
Mccarthy-Castillo,1,26089.777614717266
"and Dawson Yoder, Page",1,2025.5315686248691
LLC Webster,1,32980.164820742815
Group Serrano,2,27939.396055957586
Young-Davis,1,23024.050557942137
"Chavez and Flores Barton,",1,8914.337468290738
Odom Group,1,38794.689728452955
"Rowe and Cox Collins,",1,17151.371950919543
"Clark Wood, and Adams",1,26887.025727033575
and Garcia Sons,1,3588.6058999229263
"and Conner, Zimmerman Collins",1,2334.6588665781737
Davis LLC,4,123325.41276506262
"Rodriguez Barnes, and Ballard",1,28004.10943207485
"Ramirez, Bartlett and Wilson",1,11448.518030788877
"and Salinas Hawkins, Murphy",1,25503.893007691146
"and Paul Frederick, Johnson",1,14028.731023395512
"Hill and Moore Barr,",1,38709.35263541509
Williams-Bowers,1,45018.06478743902
Taylor-Neal,1,7973.928246917521
Rubio-Watts,1,47219.661257639105
Kelley Group,1,50542.14680160785
"Barrett Johnson, Fischer and",1,846.0001146773658
"Nguyen Houston, Carson and",1,32743.214747497615
"Herrera Pearson Collins, and",1,38201.264701088236
"Henson Smith Lester, and",1,19951.499054328277
Cameron-Gillespie,1,36008.31253199101
Mathis Inc,1,272.34879930981674
Green-Robinson,1,16255.58575369158
"and Roberts, Thomas Davis",1,13130.662271292244
"and Benson, Patton Conner",1,38906.983420070384
Arroyo-Ingram,1,11840.482838057336
"Stewart Sharp and Miller,",1,12192.409516787819
Porter-Moreno,1,4832.215066895728
and Sons Carson,1,44873.56982695978
"Lopez and Nguyen Jacobson,",1,44019.512953746445
Brown-Howard,1,25923.65178479761
Moore-Hall,1,3128.6041400968707
Nelson-Patel,1,15928.085321785851
Reed-Black,1,17869.377634251003
Inc Gates,1,34000.65190469069
Richards-Mckee,1,30623.417231542513
Love-Jones,1,43956.66097924715
Ellis-Beck,1,15572.903187094518
"Garcia and Ibarra, Conway",1,41613.4472079029
Lindsey-Watson,1,3017.881641924803
"Jones, Goodman and Davis",1,25901.438756758173
Weiss-Carlson,1,18462.1726138291
"Pena Barker, Rose and",1,29472.26827115492
Haynes-Dyer,1,27469.07692874174
Le-Randolph,1,50482.301248911375
"Mckee and Harrison, Martin",1,3039.393856291411
White-Mooney,1,10403.48926541665
Velez LLC,1,29235.179258100725
Shah-Walker,1,44652.81463509205
"Marshall Ramirez, Vega and",1,47748.12987144636
Walton-Meyer,1,32973.94083296627
Beck-Galloway,1,14681.016360125932
Ltd Watts,1,6827.697954531403
"Welch Carr and Kennedy,",1,37152.645285604565
Vasquez-Carr,1,20762.01590134403
Davis-Freeman,2,33311.94628569542
"and Simmons Lopez Chavez,",1,43630.80301702855
Edwards-Johnson,1,38244.86367982848
Carson-Johnson,1,13351.425284163119
Ltd Clark,7,174983.76285580776
"and Skinner, Simmons Scott",1,21717.020299223524
"Dickerson and Duncan, Wright",1,2918.352353203165
Erickson and Sons,1,36078.38916421822
Daugherty-Smith,1,34698.290324543814
Miller Group,5,147457.1699004475
"Cooper and Arnold Hernandez,",1,17349.699726135594
Davis-Andrews,1,22786.082614944135
Ltd Newton,1,6357.039960560193
Navarro Inc,1,2119.534368552267
Pope-Cisneros,1,14596.946672312433
Freeman-Price,1,14541.474649337699
"Gregory, Mcgee and Sparks",1,23645.538293483114
Alvarez-Martin,1,19055.089949305788
Davidson-Peters,1,42752.08493449512
Bennett PLC,1,26919.81981913115
Inc Becker,1,38379.831396388254
Mathis-Scott,1,4392.479969488751
"Foster and Hall, Melton",1,45952.02147528182
Wilson-Harmon,1,23726.097562341027
"and Lewis Terrell Baker,",1,7056.5285443525745
"and Dennis, Stanley Meadows",1,39665.853016592126
Meza-Martin,1,16331.84377207699
"Gutierrez Farmer Leblanc, and",1,20035.509606454714
Porter-Best,1,49378.92963559082
Ball-Bell,1,9704.245007660014
"and Hobbs Warren Bird,",1,21937.243174095558
Ltd Richmond,1,45593.40686300614
"and Cisneros Jackson, Kelly",1,6257.385756620008
Inc Acosta,1,6089.5713893021975
Group Lindsey,1,1872.407211823764
Brown-Ruiz,1,39503.8658560402
Evans-Flores,1,22324.568633671308
Howell-Hays,1,8370.914137336233
"Hill Gonzalez Patterson, and",1,25564.106016375325
"Mason and Hess Johnston,",1,37191.91779511635
Sons and Fernandez,1,24718.539476296122
Group Mayo,1,22293.49110888566
Michael-Hernandez,1,27590.34927229054
Harris PLC,4,110735.66630943032
Wilson-Holmes,1,38521.61162535621
"and Rogers Moore, Rodgers",1,5333.394252352039
"Barnes and Taylor, Graham",1,47591.71172881549
"Doyle, and Green Davis",1,36898.66047221677
"and Thomas Johnson, Stein",1,44173.091731247834
Dennis-Neal,1,29424.039475166916
Coleman-Stout,1,39945.72330432339
Young-Lynch,1,27960.647334525667
"White, and Moore Myers",1,33832.79109901851
"Everett Davis, and Hogan",1,20475.807164845177
"Cole Salazar Hines, and",1,43995.271625448164
"Marquez Richards Noble, and",1,7271.197356628609
Haas-Holmes,1,7557.836795951309
Jennings-Nichols,1,33067.32263457014
Cameron-Williams,1,41606.69685261552
"Brooks, Odonnell Christensen and",1,6066.77170480163
Bird-Kennedy,1,1455.4318800676945
Perkins Ltd,1,27506.414174503763
Sons and Odonnell,1,24515.190340696357
King-Quinn,1,42126.126349083825
Hill-Griffin,1,44935.666383515345
"and Rivera Barnes Bradshaw,",1,24250.54884957612
Harris-White,1,27364.95375719848
Sons Frazier and,1,31905.480369247107
West-Turner,1,13109.430882312978
PLC English,1,18311.6700449361
"and Walker Kennedy, Miller",1,39424.29572579298
and Leonard Sons,1,14734.610387601382
"Delgado and Mendoza Munoz,",1,36291.91572417843
"Simpson Schaefer, Figueroa and",1,33732.05240685088
"Barber White, and Kirk",1,7513.460244597739
Ryan PLC,1,15529.606429657591
"Lang White and Jennings,",1,46385.29826824463
"Roberts, Lyons and Fields",1,19366.22646037144
Walsh-Brown,1,3853.1058843806322
Pena-Beard,1,37078.495193502764
Chang-Hess,1,28231.497600473605
Proctor-Drake,1,17061.871622250434
Inc Wallace,1,33752.22669014762
Group Kelley,3,95532.03698266982
Ltd Bonilla,1,20165.539321767235
"Maxwell, and Russell Miller",1,48127.436023683484
"Barker and Tapia, Parsons",1,26470.610535868593
Bauer-Hawkins,1,45306.59104769234
Rose-Bruce,1,26515.597194338072
Adams-Castillo,1,28520.940175921573
"Clark and Lewis Gross,",1,33492.63806844479
Gibbs-Smith,1,15240.872969541413
Atkinson-Franklin,1,13474.196339871465
"and Maldonado Soto Carpenter,",1,44863.56418418021
"Stephens Collins, and Weaver",1,17382.88942089355
"Willis Thomas, and Ramos",1,48468.682584799055
Dawson-Sanchez,1,31221.696765991604
LLC Campbell,1,30157.32340522219
Ltd Simon,1,4756.288969879943
"and Rodriguez, Cain Brewer",1,13683.283542533416
"Mcconnell Meyers and Yates,",1,18029.34463510414
Inc Weber,2,95121.2875038505
"and Phillips, Collins Doyle",1,6533.821743395349
"and Walsh Green Williams,",1,49320.887039311434
"Mcguire Bean and Case,",1,28175.13448338187
"Martinez, Baker Lane and",1,28708.539100524013
"and Cline Willis, Berry",1,47416.63142605769
Melendez-Osborne,1,1937.9260316828204
"Randall, Reese and Bishop",1,43424.90735555087
Jackson-Hamilton,1,23682.40330963303
Andrews LLC,1,27401.674496964457
Ali-James,1,17716.573980871726
Fisher-Rodriguez,1,14890.431061392588
"and Daniels, Gray Bailey",1,4750.90829463406
Lyons Sons and,1,19588.57855662844
"White, Duncan Mitchell and",1,44211.48063406047
Campos Inc,1,6443.127284118337
Gaines Inc,1,10287.116770838371
and Sons Cunningham,1,22871.94800171773
Potts-Williams,1,30280.591653493404
"Reyes, and Williams Randolph",1,42934.847475124036
"Sparks Hampton and Coleman,",1,30570.879233683525
Harris-Turner,1,9768.599289669171
"and Lee, Bishop Nelson",1,39622.33272055081
"Martinez Mccullough, Moore and",1,46653.17911201248
"and Marshall Garcia, Fletcher",1,8577.598530039253
Inc Bailey,1,33366.09022063827
"and Lopez Miller, Mccarty",1,50810.901569590445
Sons and Robinson,1,9346.288519263551
Shah LLC,1,21161.228270380176
Kline-Drake,1,28416.49256524711
Martinez-Mcdowell,1,7338.6333863170075
"and Hart Whitaker Lopez,",1,16584.097114476466
Group Floyd,1,48312.013213507606
White Ltd,2,42763.603097276864
Moon-Peterson,1,26858.766444211647
Griffin-Moore,1,42950.7716417885
Nelson-Phillips,1,36992.27368828386
Carpenter and Sons,1,28525.52476768826
and Miller Sons,2,75518.95663389028
"and Burke Skinner Myers,",1,12099.793100234194
Kidd Inc,2,13349.496310302095
Williams-Hill,2,49329.57946897304
"Lopez Carter and Campos,",1,38023.74212491781
Inc Banks,1,6444.732053499226
"Butler Mathis and Mooney,",1,9573.385548733168
"Hawkins Keller and Morris,",1,32179.288656301018
"Thompson, Cole and Johnson",1,12624.841400043457
"and Cox Ibarra Perry,",1,32827.620815776376
Hill-Duran,1,29618.89025869364
Sullivan-Gibson,1,48929.150026123876
Patrick-Levine,1,24186.813780230746
Flowers-Mills,1,2015.560013890025
Norman-West,1,5966.856975253722
"Peterson, King and Hopkins",1,30213.30718299825
"Davis Wood Kemp, and",1,16075.006822542222
"Allen and Duncan Wright,",1,32530.965624644094
"Smith, Chavez Berg and",1,32552.416469292337
Davis-Erickson,1,12294.76612805721
Mason-Taylor,1,15947.157507542624
"Pacheco and Medina, Aguilar",1,7306.7405051473925
Erickson-Boyd,1,7516.784213120317
"Harmon and Hall, Smith",1,9992.254921303236
"Torres and Brock, Watson",1,21109.656454393084
"and Salinas, Harris Ray",1,25855.21801414215
Sims LLC,1,12410.870624042953
"Valdez and Navarro York,",1,2051.367643743448
Brady-Collins,1,3241.7904563322195
"Simmons Mathews, Martinez and",1,3260.7013359526964
"Jenkins, Brown Phillips and",1,40307.03192845449
Sanchez-Thompson,2,71656.15834393469
Brooks-Turner,1,16500.351540812317
"Collier Grant Jacobs, and",1,30905.387004487824
Carrillo-Jones,1,33726.90160875562
"and Parsons, Chandler Dalton",1,22217.191153009637
"Bell and Cook, Kemp",1,34775.071186772526
Frey Inc,1,43767.87100265662
Allison-Black,1,39778.59157370539
"Garcia Rhodes and Riggs,",1,22551.39650034766
"and Sanchez, Johnson Parker",1,21464.951850939076
Clark-Mitchell,1,14966.292568990362
"and Hernandez Mills, Harris",1,6141.389277014941
Sons and Bradford,2,42382.33796360958
Cunningham LLC,2,52924.725412391635
"Boone and French, Taylor",1,13748.360781492185
Frank LLC,1,31604.524984524636
Booth PLC,1,20802.90343776758
"Vaughn, Lee and Walker",1,36750.761990335945
"Leonard, Schroeder Avila and",1,29568.100754268344
"Braun Nichols, and Foster",1,33823.79956298177
"and Walter Jackson Kelly,",1,49021.27210665789
Simmons-Bailey,1,25999.927199822418
Owen-Williams,1,38192.5788943237
Nichols PLC,1,48942.27414306509
"and Pope, Weeks Patterson",1,17706.341223707062
"Williams and Burns Bradford,",1,45662.98570502192
Williams-Singh,1,30565.966302138942
"Green and Riddle, Powell",1,34345.11996118108
Wolf Group,1,17344.00623795288
Smith-Freeman,1,32966.21124923355
Richard-Patton,1,10369.792533160116
Bennett Sons and,1,6444.7968540393085
"Wilcox, and Casey Henry",1,46674.67859767885
"Livingston Cline, Scott and",1,4015.1008496342124
Johnson-Larsen,1,40833.808747154115
Wolfe-Dillon,1,45685.99525594773
King-Vega,1,7897.679382739821
Moore-Richards,1,10864.175989035886
"Smith Li, and Walker",1,46916.75643586885
Lewis-Bush,1,46827.03095130668
"Brooks, Williams Vega and",1,20619.375556524832
Keith-Thornton,1,22335.76763775777
LLC Powers,1,11090.04273330165
Allen-Mueller,1,40389.99519630005
Chapman Ltd,1,21759.027392878346
Lewis-Byrd,1,45604.32407090204
LLC Singh,1,11523.212681979441
Group Mack,1,21505.388906806354
Booth-Martinez,1,20299.327233879758
Simpson-James,1,47457.15425743515
Adams-Thompson,1,17124.944902756957
Booth Group,1,42721.58340948964
"Rodriguez Walters Brown, and",1,20162.165583509086
Ltd Nguyen,2,44676.197486238074
"and Doyle Moore Garcia,",1,13137.276788972373
Lynch PLC,1,39358.841960950056
Burns-Martin,1,46282.21598949743
Lewis-Hubbard,1,20957.603358374417
Crawford-Sweeney,1,6379.2168577430475
Evans-Johnson,1,37684.69253458073
Franco-Richardson,1,35763.123709412124
"Williams Nelson and Alexander,",1,12431.62034004691
"and Clark Gray Carroll,",1,21794.562198685675
"Mullins and Murphy, Martin",1,39310.42771742788
and Sons Mccall,1,13026.277443336397
Hartman Inc,1,13593.91458151652
Mora-Harris,1,16188.545263593252
Evans-Huffman,1,33115.917108572634
Mercado-Duran,1,25953.853328039342
Inc Knight,1,43318.49920771492
"Duke Mayo and Torres,",1,23901.05435558341
Olsen Group,1,27250.958274600907
"and Donaldson Mccall, Benton",1,34210.17890836768
Miller-Bridges,1,12548.909897159338
"Brown Calderon and Li,",1,27716.72587842808
"Taylor Keith and Wood,",1,44852.79250242527
Ltd Diaz,3,101498.62582675811
"Lopez and Peterson, Harvey",1,10396.019428365533
"Raymond and Gonzalez Kelley,",1,40098.327757762505
"and Shaw, Pena Smith",1,31904.746101778255
Freeman-Bray,1,42475.07886899559
Group Frederick,1,20510.01740400312
Horne-Thomas,1,7211.022576172366
Fitzgerald-Paul,1,18839.91168983157
Sons Hamilton and,1,33726.83836573588
LLC Lara,1,47602.78851421467
"Russell and Fitzgerald, Berger",1,13286.709370017537
Nolan-Welch,1,24887.993230427222
"and Nelson Mcdonald, Cooper",1,2603.9304969644854
"Cook Ayala, and Williams",1,33141.51459411305
"Hart Holt, and Brock",1,45641.08848525112
"Rangel and Santos, Wood",1,45699.89875850724
Bullock-Ramsey,1,49402.29837252711
White-Buchanan,1,28213.8154666384
Harris-Oconnor,1,9958.023900824059
Snyder-Perry,1,17862.692249893444
"Garcia and Nguyen, Leonard",1,26044.25093809885
Ellison-Hayden,1,13396.900169397839
Anderson-Jenkins,1,10521.471930248821
Ltd Carroll,3,76946.37816883525
LLC Roberts,4,124852.4177257726
"Hurst, Thompson and Walls",1,35284.167271145314
Hardy PLC,1,5849.639799944896
Bell-Morgan,1,48848.41453740604
Perry and Sons,1,1773.4557157416407
Blackwell-Cooper,1,8082.544717853376
"and Brown Hughes, Avery",1,39341.55906780385
Martinez-Martin,1,23088.43374358562
Daniel Ltd,1,7196.748129786771
Aguilar-Howard,1,24049.26056308928
"Townsend Taylor Khan, and",1,42444.665944459055
Knight-Thomas,1,11681.848735140364
Griffin-Johnson,1,33446.50902497961
"Burgess Rogers, and Wise",1,38228.39458663678
Burns Inc,2,67623.59946478704
"Larson, and Blankenship Nguyen",1,10599.232691355206
PLC Jackson,4,139531.1071467117
Torres-Garrison,1,38506.738718260465
Thomas-Williams,3,93025.2111656973
Ferguson-Ortega,1,18470.717369730704
Hood Inc,1,2450.9860182394486
Shepherd-Mitchell,1,8631.941077924339
Medina-Bennett,1,11862.202961460698
Ltd Knox,1,9456.042639705047
Anderson-Cook,1,18592.894500679697
"and Johnston Gill Mathis,",1,22832.152734285402
"Sanchez, and Singh Murray",1,11880.090784235243
"French Harris English, and",1,14461.254020779103
Rubio-Brown,1,19931.494817302013
LLC Rocha,1,35759.80911454127
"Reed Smith, and Velasquez",1,37954.08045083466
Robinson-Hart,1,19865.088601233736
Randall-Jackson,1,10698.28347673405
Fischer-Barrett,1,46002.38282737788
"Ray Castro and York,",1,3451.7834801640174
Nixon-Clayton,1,31027.184229517905
Estrada-Cain,1,41085.236077862755
"Mcdonald Armstrong Nelson, and",1,49123.42233437599
"Johnson, Smith King and",1,34559.021061621075
Sons and Murphy,2,52303.0618742659
Phelps-Wright,1,4198.687984974873
Thompson-Benton,1,8009.6699697224585
Taylor-Williams,1,45402.78654390178
"Hubbard, Garza Jordan and",1,25548.318105042392
Klein-Frederick,1,43568.19247497814
Morales-Brown,2,40632.04124813025
"Snyder and Evans, Meyer",1,25538.929760106024
"Weaver and Perez Huerta,",1,25414.290380354767
Walters-Gutierrez,1,13362.269766772364
"Stanley Perkins, and Stanley",1,25512.661936016786
Lawson LLC,2,53394.67853347422
"Martinez Simmons Zhang, and",1,7994.91122599047
"Sanders Schultz, and Acosta",1,38221.670167331795
Hall-James,1,19761.377353765787
Vaughn-Nguyen,1,13880.008363999867
and Sons Hudson,1,18237.716463195226
Li PLC,1,47857.501455178615
Wallace Group,1,30867.2996133973
"Wallace, and Page Miller",1,35019.80586392647
Mckee-Miller,1,13752.124664134055
Mclaughlin-Harrison,1,12566.563442092653
and Sons Barnes,1,36655.17843069571
"Mahoney Campbell and Jenkins,",1,12988.940701315441
Inc Gregory,1,3744.2540450743686
Higgins-Sosa,1,43505.90925443596
Cowan-Flores,1,42482.91330923458
Lopez-Barton,1,15138.778451922068
Hicks-Anderson,2,70226.48834305094
"Salas, Stephens Woods and",1,41056.83920227918
"Peters Wong and Lee,",1,39240.21115426743
"and Rivera Hudson Myers,",1,13210.554780365941
"Hardin Wood Holmes, and",1,47893.242152498526
Ballard-Valdez,1,13280.770455513648
"King, Lee Brown and",1,10701.846211749998
"Burgess, and Dominguez Ramirez",1,44734.073511955015
Chavez-Graves,1,7366.836433301303
Hodges LLC,1,22004.56258440484
Forbes-Russo,1,42993.07239892124
"Young Meyer Griffith, and",1,6164.758129700987
"Compton and Rosales Scott,",1,39647.79458937606
Bailey-Vance,1,44015.43251643491
"Lewis, Maxwell Hubbard and",1,24071.493257073667
Guzman Group,1,24931.423453767788
Flynn-Goodman,1,5337.942099245002
Anthony-Mcconnell,1,14331.899482908962
"Gregory, and Dunn Grant",1,46165.19535390219
"Warren, Morse and Wilson",1,31821.494838446335
"York Brown and Mendoza,",1,29293.126093299114
Cooper-Young,1,45993.54162922234
Bowen Inc,1,4091.071578500158
"Leblanc and Gill Wells,",1,17245.42095836198
Inc Mcmillan,1,6204.069955336431
"Goodman and Barker Allen,",1,39475.179771986695
"Ball and Jimenez Hines,",1,39849.65845140081
and Hunter Sons,1,23916.71064705325
"Ramirez and Wilson, Mays",1,40145.29065314103
Lopez-Morgan,1,13957.070212016344
Copeland Sons and,1,24292.307910334257
Shea-Rodriguez,1,25970.63266162074
"Frazier and Tran Munoz,",1,25636.345204669567
Anderson-Ball,1,-130.86753440565735
"and Tapia Anderson Mcdonald,",1,4269.32927132209
Sons and Nelson,2,44806.266975401304
"Taylor Holden and Benitez,",1,43627.00336638248
"Scott and Robles Edwards,",1,5438.9087446025405
Ltd Oconnor,1,48610.010284065575
"Meyer Hunter, Sanchez and",1,19572.415854652827
"Collins Martin Pearson, and",1,4753.393564380851
"Anderson Cochran Smith, and",1,22350.644885317804
Lucas-Henry,1,25169.191942636782
Walsh-Jackson,1,18753.97184976997
"Bartlett Hays Shelton, and",1,31690.887604272117
"Smith and Rodriguez Anderson,",1,47436.48367780291
"and Bonilla Ellis Alvarado,",1,24756.150640954478
Schroeder-Molina,1,36858.55007215585
Ltd Sullivan,1,19626.615060700475
"Hodges Smith, Green and",1,47261.54468056054
"Anderson and Ray Nunez,",1,27246.786313465243
Kemp LLC,1,10283.716858129152
"Kemp and Taylor, Jones",1,11469.390589717057
"Walker Cisneros and Adams,",1,17307.366222435077
"Morse, Hudson Williams and",1,22952.729823687056
Villanueva-Garcia,1,22645.786100995923
"Hendrix, Roberts and Pitts",1,3763.7724274942652
"Heath Moore Jones, and",1,16790.70482559827
"Edwards, Daniels Garcia and",1,25261.178872712244
Smith-Miller,2,49237.33178569159
Ltd Owens,1,41796.26875528395
"Parker, Kirk and Martin",1,4653.832107381182
Lin-Herrera,1,42476.52662953036
Jackson-Smith,1,37931.655611449765
"Morgan Thomas, Baker and",1,31631.459730107596
Roth-Perry,1,30034.66995217977
"and Contreras Lewis, Flores",1,27898.605005564703
Fernandez Inc,1,38508.710509953955
Allison-Cameron,1,38578.53614823904
Sons and Bryan,1,43980.33585918075
Smith-King,1,44031.40360565475
"Hunter and Kelly, Silva",1,44534.345276979635
Anderson-Ramos,1,1152.3943527600125
Fernandez-Schmidt,1,5032.069457483643
Ball Group,3,82712.33323218676
LLC Wilkerson,1,9219.21697166455
"Griffith, and Shepherd Donaldson",1,27060.20271179182
"Trevino Williams, Hodge and",1,44334.246973416084
"Brown, David and Cervantes",1,47720.56233693948
"Lopez, and Conner Evans",1,44401.73591929631
"Porter, Schneider and Mckinney",1,14326.728783716902
Wilcox-Romero,1,34380.43428432455
Mcclain-Larson,1,35628.231128932726
Vega-Gross,1,36525.25928988006
"Barber and Olsen Baker,",1,9752.778310120533
Willis-Hudson,1,49688.435527792
"Aguilar Guzman, and Pratt",1,31250.554347570924
Stout-Mack,1,38512.76310634632
"and Jones Meadows Jimenez,",1,11032.082261001764
"Kelly Mercer and Lee,",1,40006.4120092831
"Pacheco Jenkins and Gonzalez,",1,10260.64702157772
Sons Smith and,5,91499.9323666675
Brewer-Roberts,1,34397.77891670057
Inc Hopkins,2,45479.7570521622
Marshall-Mann,1,39292.351911502104
PLC Wang,1,6416.468263976234
and Dyer Sons,1,324.50339571529526
"Watson, and Martinez Thomas",1,16170.871751624365
"Zamora Kane Hanson, and",1,41229.035471711075
"Nolan Mcdaniel and Robertson,",1,50208.22579278588
Lowe-Smith,1,4833.767788169187
Warner-Suarez,1,18794.04708344042
Inc Mahoney,1,48544.77234931788
"and Erickson Meyers, Harrison",1,32780.743105982765
Harris-Freeman,1,32838.57369724702
Norris-Parker,1,37934.473815416844
Jackson-Little,1,45569.198016309776
"Griffin Walker, Barrera and",1,33303.57524657759
"Garrett Doyle and Gordon,",1,29526.06581076924
Roth-Baxter,1,38794.07501994635
"Love Bean, Bates and",1,44714.329553955846
Flores-Jones,1,24667.070993362417
Gallagher Inc,2,51056.51643200557
"Sullivan, and Wilson Reynolds",1,47905.73072519038
Franklin-Dean,1,31040.313940857148
"and Schultz Leon, Graves",1,33061.5059902162
Lane PLC,1,44096.183221084975
"Johnson Foster, and Lopez",1,11248.563444006555
Stuart-Mathis,1,21784.63052815382
Taylor-Ramsey,1,29088.85823371423
"Wolfe, Mathis Smith and",1,27255.896669415713
Mora PLC,1,38076.603189252775
"and Robinson Roberts Perkins,",1,27126.240694080603
Duncan-Johnson,1,26458.905951379533
Kelly-Howard,1,26890.43373815488
"Powell and Wilson Hopkins,",1,49817.066549419804
Howard-Woodard,1,35327.82430518057
Brooks-Callahan,1,29461.481665808165
"Smith Klein Hall, and",1,43382.17204903427
"and Martinez, Brown Trevino",1,2352.1180012535606
"Allen and Blackwell Morgan,",1,11689.465868441142
Smith-Bryant,1,16982.53688658151
Group Rasmussen,1,20744.691435228367
"White, and Sullivan Roberson",1,44183.69763604216
"Ashley Miller, and Hamilton",1,34216.62645141497
Rodriguez-Snyder,1,28872.069455704026
Aguilar-Ellison,1,28219.337017290356
"Chavez and Lee, Greer",1,39992.439543201595
"and Washington Scott Butler,",1,16755.23629439938
"and Schwartz, Rogers Parker",1,40504.47857592217
Inc Reyes,1,6007.293991641967
Lee-Young,1,41128.60239056077
Inc Ray,1,23216.19421226629
"Patel Robertson Harmon, and",1,38041.39198438273
Daniel-Adams,1,34530.54831824631
"Perez Williams and Dalton,",1,34636.39669376159
Green-Garcia,1,28734.893584507023
"Roth, Ochoa and Long",1,2845.549584624203
Mendoza and Sons,1,42956.8465507253
"Beltran Vargas, and Barnett",1,35376.57661678365
Johnson-Gates,1,34408.945713763125
"Bailey and Ortiz, Garcia",1,5221.150294786699
"Flynn and Patterson, Schroeder",1,18732.916647570182
"Anderson Peterson and Jones,",1,46849.978576021174
"Rosales and Perez, Swanson",1,40440.576238954556
"Stevens Howe Powell, and",1,23971.674828277683
Reyes-Harvey,1,39502.42459466367
"Johnson Perry, Ferguson and",1,38086.6523255458
Caldwell Inc,1,22658.102118475
"Webb and Mcknight Hurst,",1,12708.666737014455
"Bell, and Shaw Mason",1,29703.870474486594
LLC Perry,1,12980.224720675556
"Conway and Parker, Porter",1,38736.96839343099
Wood-Sandoval,1,25683.279862215626
"and Woods Liu, Berry",1,4920.190418431115
Jones-Fleming,1,20714.706734070198
Williams PLC,15,387141.0443139696
"and Hernandez Waters, Cruz",1,43050.831382215394
Sons Cherry and,1,22758.637601322393
Group Holder,1,46467.77080589197
Ltd Guerra,1,26378.979266611546
Bruce-Thomas,1,27480.23808521855
Jones-Buchanan,1,41438.753496191384
LLC Bates,1,9638.904059627892
"Kane Stevens, and Harris",1,40396.59239029865
"Brown and Gillespie, Long",1,41500.41875487707
Johnson-Thomas,1,36349.14640423814
Simmons-Lloyd,1,42687.58420951672
Mckee Ltd,1,5525.074005695542
"Griffin, Ali and Mckinney",1,24491.192113823432
"Campbell, Thomas Irwin and",1,17107.738437556054
Castro-Moore,1,46996.4044539761
Anderson-Warner,1,2625.1922694283035
Smith-Davis,4,102362.50392928827
Harris-Lewis,1,22105.212357935536
"Farmer Khan, Bennett and",1,23333.341618977294
"and King Hicks, Mullins",1,24491.456319536053
"Frye and Clarke Bush,",1,8307.602773461485
PLC Curtis,2,39024.97916081011
Cunningham Inc,2,23543.655018229918
Farley-Flores,1,11042.829154366382
Griffin PLC,7,161630.531109181
Ltd Young,4,135139.89299626526
Patterson-Murphy,1,21383.87179136698
"Clark Mcfarland, Barker and",1,34922.792921957756
"Reeves, Fernandez Wallace and",1,35353.5245708472
Smith-Wagner,1,14393.99930612322
"Jordan, Sims Pena and",1,17724.054096840257
Walker-Rocha,1,37174.45716255665
Thompson-Parker,1,1314.7537239178985
Forbes LLC,1,20572.10602565428
Sons Shelton and,1,34932.85447183657
"Ramirez Smith, and Wilson",1,11071.342635461571
Stone-Moore,1,47374.3548048452
Tran-Gonzalez,1,38510.78710351842
"Morgan Sandoval Fleming, and",1,49408.758738330886
Rodriguez-Warner,1,27873.618533434914
"Washington and Frey, Silva",1,13625.367892428158
Smith-Holmes,1,34008.43556563516
Ward LLC,2,58022.8026853348
"and Briggs, Rogers Murillo",1,14462.165239963138
Inc Logan,1,31146.942441816875
Rojas-Kelly,1,37373.424272303644
"Larson, and Kramer Bray",1,46146.99057568894
Klein-Davis,1,21650.90384333484
LLC Randall,1,37058.743496751726
"Carson, Williams Hicks and",1,14654.572717720197
"Davis Obrien and Rose,",1,6052.635630617936
LLC Castro,2,86189.22752674535
"Williams, Holmes Wall and",1,37680.677397355365
"Zimmerman and Vasquez Smith,",1,28801.173367271644
White-Wilson,1,41471.12550062784
"Johnson and Holt Young,",1,50410.05234242181
Jones-Morales,1,31517.931431671717
"and Oliver Warren, Trujillo",1,24617.781135242636
Edwards-Castillo,1,32474.076119847854
"Hernandez Ford, and Pena",1,17488.283136042868
Barr-Warren,1,27966.56040026853
Hobbs-Sullivan,1,42709.14810411194
Inc Bishop,1,26726.413299964068
Inc Bradford,1,4198.638213165754
and Hawkins Sons,2,76674.88953696097
"Palmer and Price, Lewis",1,16565.37147843247
Sons and Lloyd,1,41148.678102680235
Bennett-Conley,1,21256.025516514328
"and Deleon, Williams Turner",1,32837.90375686328
"Hernandez Kelly Oneal, and",1,16468.220557094275
"and Torres Coleman, Hancock",1,1921.2676726645166
"Kelly and Jones Booth,",1,43747.89487586891
"and Harmon Bruce Hernandez,",1,23842.12904866401
Schmidt-Singh,1,30364.833226673683
"Chapman Bradshaw, and Thomas",1,7118.605752257117
Lynch-Schultz,1,37012.13728859902
Weaver-Pierce,1,10732.84655430406
Howard-Mann,1,26624.73642050991
Price Ltd,2,41001.08109010705
Phillips-Maldonado,1,4596.3835706581385
Le-Watson,1,36451.230177928745
Mcclure-Meyer,1,19996.629830312995
Fischer Group,1,16887.354095085666
Lewis-Ortiz,1,39605.808657501075
and Sons Allen,1,7655.936532771286
Perez-Rios,1,21530.247968374137
Ayala-Meyer,1,23787.61233798793
Lopez-Combs,1,22280.5689438567
"Mcpherson and Ingram Hamilton,",1,42914.3869605777
"Brown and Hood Taylor,",1,23693.97754446452
Rogers-Gutierrez,1,17312.74405458811
Singh-Allen,1,13694.40928344561
Clark-Wood,1,36556.46661262178
Johnson-Foley,1,13081.007788342842
"Crane and Murphy Chapman,",1,45268.69137367656
Moore-Choi,1,43485.74155171524
"Simon, Case and Austin",1,28508.398518436876
"Tyler and Williams, Mcknight",1,44443.74109231066
Parker-Decker,1,41800.66926141749
Alvarez PLC,1,13093.887001256731
"Sullivan and Brown Jennings,",1,1493.537059043433
Atkins-Clements,1,4511.307275221357
Banks LLC,1,20283.513702581484
Hebert Ltd,1,26361.402918581254
"Myers James, Nguyen and",1,28196.411603668577
PLC Miles,1,6744.629728503832
Moreno-Morgan,1,51022.227442642405
Fuller and Sons,1,34219.07370963238
"Dorsey Patton Powers, and",1,23518.987065816964
Smith-Herrera,1,41766.051343047766
Group Navarro,2,37311.86480732744
Wilson-Hensley,1,15580.589732501014
Mcdonald-Bradley,1,4162.102635455634
Green-Valenzuela,1,29173.833037329154
Nunez-Humphrey,1,48145.11095104189
Gonzalez-Pacheco,1,21668.56450834912
Villa-Simpson,1,2826.8129812995794
Gutierrez-Webster,1,22601.56744684815
Ruiz PLC,2,35403.42500155408
Snyder-Parrish,1,28329.824069378898
Watts-Schneider,1,39570.06896153529
Ltd Bell,3,46887.572154613925
Sons and Morton,1,6216.406228485148
Burns LLC,4,102642.42618851113
Group Powell,2,60996.94331391689
"and Escobar Hamilton, Strickland",1,47811.35886591265
Huber-Martin,1,40234.982133447855
LLC Jimenez,2,18848.10141837396
"Mann Allen and Bush,",1,26691.16860697681
"Myers Williams and Mcdaniel,",1,21523.062111001822
Cruz PLC,4,118379.50555333203
Thomas-Logan,1,8893.809077716296
Inc Hernandez,8,193224.90555119255
LLC Edwards,3,90691.28263155119
Larson-Hernandez,1,12918.478490172836
Payne Inc,3,65905.91023714858
"Cordova Williams Nguyen, and",1,47383.50620974382
"Lane Kennedy, and Mccoy",1,36119.9285219578
Gonzalez-Price,1,40262.01199179516
"and Ayala Miller, Wilson",1,40240.30814814933
Thompson-Ryan,1,42178.843634376375
Riley-Hunter,1,26807.91990153186
Decker Group,1,42600.39923739819
"Russo and Meyers Johnson,",1,49298.055745334175
Moore-Barnes,1,48460.907399043725
"and Parsons Williams, Russell",1,19385.384785406935
"and Price Barnes, Smith",1,8904.500085474481
Stone-Hayes,1,21607.328582310765
Hoffman LLC,1,30803.747161741372
Murphy-Mack,1,17513.287406500698
Garcia-Leach,1,36333.75179645334
Deleon-Moore,1,48885.00923739533
Wolfe-Serrano,1,40615.3799569035
"Yu and Mckenzie Lucas,",1,50526.712854624784
Davidson Inc,1,25163.63786201378
Miller-Brady,1,37019.46593453861
Hill-Wilson,1,43335.53740766005
"Sparks Harris Wong, and",1,41810.7893176087
"and Rivas, Guerrero Wright",1,34128.25214073924
Baxter-Hughes,1,2393.798029741663
Hill-Brown,2,65769.07908194809
Vaughn-Santos,1,15318.212479501384
Soto Group,2,53995.76440964156
"Foley Gregory, and Ramos",1,49654.98925311061
"Walters, Guzman Owen and",1,13362.778816472817
"Kent Joyce Villarreal, and",1,45604.96101051426
"Lee and Cobb Huerta,",1,43571.619337720185
Davis-Levy,1,31065.187285337273
"Steele, Randolph and Lutz",1,40982.51475380254
Inc Burns,2,38245.135040887275
and Sons Wilkinson,1,21292.05703641315
"and Wilson Thompson, Daniel",1,43700.832016441025
Walsh-Peters,1,9755.80419311026
Dawson-Joseph,1,30580.50732082021
"Frye Gray, Rogers and",1,45495.75150582338
PLC Wall,1,26212.35515626849
Savage LLC,1,33889.44610648673
Green-Arnold,1,12474.369964645288
Gomez-Snyder,1,32378.03743026362
"Dixon Johnson, Mcdowell and",1,7847.174481210875
"Perez, Knight Allen and",1,38434.86772169185
"Adkins, Garcia Pratt and",1,13204.247515823277
Weaver-Crawford,1,45158.085258521045
Sutton LLC,2,45217.64659974637
Group Gray,2,34385.68873595984
"and Hernandez Walker Hull,",1,901.1277551634846
Small-Martinez,1,11004.89898656383
"Lopez, and Wells Farrell",1,34344.5732658007
Perkins-Wright,1,834.323123158974
Martin-Johnson,1,41769.87594412511
LLC Klein,1,34073.98660776324
Cox-Reyes,1,46793.508307450546
"Spence Shea, Foster and",1,36000.18611287506
"Jefferson Morales Gilbert, and",1,4443.267865932193
Martinez-Walsh,1,4455.210109534955
"and Ross Howell Martinez,",1,1604.876025619234
Rush-Munoz,1,10634.481662663178
"Tucker Hernandez Rhodes, and",1,20436.16097384553
Inc Norton,1,11833.413658303609
"Moore, and Lewis Ortiz",1,39033.73018672221
"Wallace Patel, Cunningham and",1,9873.392452971084
"and Chang Serrano Quinn,",1,35844.59178195322
"Perry and Lucero Stephenson,",1,28517.451047147188
Hancock Sons and,1,4614.144607513752
"Colon, Long and Hammond",1,24720.438313523893
Walker-Myers,1,12737.864195361166
Brewer-Thomas,1,18728.37372644606
"Brown Hansen, and Lopez",1,48846.57038692307
"Fischer and Davila, Thomas",1,41595.43468747601
Inc Lyons,1,33604.90464641659
"Conner Kennedy, and Matthews",1,29972.324120958212
"Ward and Walsh Bates,",1,40356.57674752559
Blackburn-Barton,1,31930.292329629905
Leon-Bradley,1,46204.6486847528
Maxwell PLC,1,22563.008666389353
"Ferguson, and Mays Hall",1,30991.650720708847
"Johnson and Parks Grant,",1,32410.102002569274
Arnold-Baker,1,30926.295814695302
Drake Ltd,1,12729.358941446244
Group Fernandez,1,42743.88562796544
Inc Irwin,1,9754.307511267632
"and Williams Cameron, Gordon",1,21933.89535170529
"Cochran Miller Barton, and",1,44424.38723378766
Martin-Abbott,1,35572.846183658294
Sons Parrish and,1,49010.6267647106
Hansen-Torres,1,46657.686081891465
Bauer Inc,1,26434.271210819643
LLC Castillo,2,74126.03749286121
Williams Ltd,8,271209.2671572962
Stein-Smith,1,32746.568689731645
Meyers-Hicks,1,10029.203289244222
Ltd Malone,1,18646.948891097796
"Gomez, and Monroe Walter",1,30405.726663334193
"and Graham Higgins, Bell",1,22281.773614218437
Bennett-Perry,1,43508.34136957849
Sons and Brown,5,135285.16316259382
"and Williamson Cunningham, Anderson",1,19229.517572936777
"and Pearson Mullins, Kennedy",1,3458.650602936234
"and Pennington, Sweeney Lin",1,6360.975201011443
Diaz Sons and,1,47076.02405984203
Carrillo-Donaldson,1,47978.858611011216
LLC Blair,1,18210.4928278225
"Clark, and Doyle Jimenez",1,32445.104554873178
"Smith Morgan and Hawkins,",1,28773.751616819714
"Wilson Pineda, Gilbert and",1,38978.56852683327
Group Dean,2,67136.72724307301
Sandoval Ltd,1,4933.262540894849
Hernandez-Lopez,1,37606.19554939087
Kerr LLC,2,22499.255303161393
"Cox Love, and Saunders",1,35635.19842462985
"Mayer Jones and Richards,",1,31536.331826927137
Reed-Gonzalez,1,14371.123706926664
Huffman-Mooney,1,19934.256885014664
Hopkins-Pacheco,1,13587.509873667479
"Castillo, Harris and Moss",1,7341.087930383686
Jones-Jones,1,47226.218419059434
Group Hansen,1,27236.733556914027
Ltd Patrick,1,18312.389218332824
"and Compton Stein Rose,",1,22437.07577996378
Harrison-Mclaughlin,1,20533.942895216747
Inc Cowan,2,33749.941603332336
Rogers PLC,2,47896.57380678908
"Serrano and Russell Parker,",1,48958.59276356101
"King, and Shaw Phillips",1,17234.964443403263
Adams-Stuart,1,28118.435650847365
Ray LLC,1,6377.1396706252635
PLC Jensen,1,1412.6891057593566
Rice-Murphy,1,14496.778227663506
Inc Stewart,2,28044.75040839971
Grant-Rodriguez,1,46912.87348629637
Heath-Gardner,1,41363.96381677107
"Larsen, Charles and Jones",1,26135.22912381588
Inc Nolan,1,18792.213925205982
Pitts and Sons,1,16132.704888387834
"Boyer and Powell Williams,",1,32490.647896037255
"Lewis and Nelson Farmer,",1,23964.71412767455
"and Holland Watkins Copeland,",1,48182.71808916077
Gates-Lin,1,46113.96498116629
LLC Lawson,1,18970.35825123779
Sanchez-Roth,1,35353.53099105783
Coleman-Graham,1,39080.7678168029
and Sons Patton,2,41045.76163451769
Graves-Cantu,1,11314.900446789952
Inc Ferrell,1,22575.243230873508
Morrison and Sons,1,33437.78904859919
Elliott-Johns,1,28663.696181829855
Fisher Ltd,1,44387.61046077157
"Smith, and Frost Rubio",1,32630.62882586741
and Sanders Sons,3,39498.426305341796
Beck-Nelson,1,39459.05319967743
and Sons Campbell,1,19210.805853165017
Alvarado-Scott,1,6742.942082239654
"and Nelson, Montgomery Murphy",1,40043.00213304857
Miller-Harris,1,12690.001932763213
"Curtis, Summers and Miller",1,19223.6242541737
Collins-Ross,1,2746.053499632413
"Hernandez, and Lee Carr",1,38401.388170289596
Morgan-Gillespie,1,21772.0924152367
Gallegos-Lucero,1,50926.21238386607
"Golden and Davis Gibson,",1,8699.048628865301
"and Smith, Grant Zhang",1,23686.73229033951
Brown-Davis,1,22412.153815632486
"and Roman Byrd, Porter",1,24696.3247528759
"and Fields, Harris Davila",1,38957.78290985087
"Myers Perez, and Schroeder",1,47793.973377563954
"Ochoa and Anderson Mendez,",1,22746.658342479463
Rivera-Davis,1,18248.165901699165
Bowman-Miller,1,44509.59104387138
"Hernandez, Pope Garcia and",1,50715.87715840811
and Sons Benson,1,17762.296955280846
Diaz-Brown,1,26376.56801928779
"Mcdaniel Santiago, and Moore",1,15998.679109931947
"Ruiz and Schaefer, Smith",1,1428.2835590907357
"Cooper, and Hall Smith",1,6639.232960168793
Jones-Kerr,1,36276.76163176689
"Smith, and Osborn Savage",1,19634.477034890187
Clark-Santos,1,41300.729552871526
Medina-Sanchez,1,24611.98270832244
"Parker and Gonzales, Clements",1,22790.062511287637
"Lee, Rivers and Johnson",1,1029.8964521020878
Martin-Duffy,1,9455.404574304046
Shaw Ltd,2,68547.41688573732
Turner Inc,1,22301.640523042523
"Freeman, Daniels and Pace",1,26501.133533494223
"Jackson, and Lee Bauer",1,8635.692587488857
"James, Mann and Ballard",1,22482.637231401568
Solomon-Williams,1,32245.64949843634
"and Miller Reed Jacobs,",1,19169.13866103879
Weiss-Gomez,1,25589.812801263262
Sellers-Hayes,1,8852.074737248066
Donovan PLC,1,5316.61037362676
Murphy-Parsons,1,16670.938442577855
"Jackson Kane and Diaz,",1,26560.599553227188
Flores-Smith,1,32881.55679825898
Sweeney-Bender,1,37679.06727210128
Petersen Ltd,1,25749.52083554032
Flores-Roman,1,30753.68882330775
and Sons Ford,1,16648.547398710638
Mcintyre Ltd,2,67928.16717678621
"Padilla Lewis, Anderson and",1,23673.928937329598
Graham Group,2,73832.24545845573
"Parker, and Parker Macdonald",1,34318.34645688757
"Cabrera Barnes, Harper and",1,26686.198485178884
Inc Harper,2,59224.105727784554
Carlson-Holland,1,7381.422839381634
"May, and Wagner Cooley",1,19479.552072298622
PLC Rodriguez,7,166287.94759627737
"Elliott, Sanders and Hooper",1,37759.76955316392
"Walker, Mckee and Hurst",1,47280.592678074376
Parker LLC,4,166296.57802093335
Howard-Davis,1,50325.55700835723
Taylor LLC,2,42315.784158107796
Thomas-Jones,1,30459.37912898981
Molina-Jones,1,7343.587356087641
"Patterson, Diaz Hughes and",1,38858.034621877996
"Jensen, Sanchez Foley and",1,37864.19442753451
Sons and Thomas,1,27631.181226575845
LLC Logan,1,16115.64791167925
Sanders-Galloway,1,33180.33511549981
Group Foster,1,3726.3456797630733
Nichols-Mann,1,20491.85956109685
LLC Peterson,1,35356.02792567403
PLC Shepherd,2,26370.095589269346
Hughes-Watson,1,12499.764043874511
Vargas LLC,1,39618.07800313061
Compton PLC,1,20328.677704351452
"Smith Jensen, Shaffer and",1,42524.70332796175
Ltd Warren,1,32693.85899136165
"Scott, Mitchell Wood and",1,2497.4865043153814
Matthews-Watson,1,47988.46163607781
Inc Summers,1,32559.04815330995
"Frazier Soto and Hansen,",1,34853.55561648469
Gomez PLC,3,50257.0525866018
"Hernandez and Oconnor, Morris",1,11978.537719608661
Anderson-Schroeder,1,22036.965543895323
Smith-Harris,3,40537.25533761947
Arellano-Kelly,1,26320.031703920256
Sons Mckay and,1,27534.25156010879
Haley Inc,2,12544.981077250704
"Mills, Hall and Booth",1,20901.567992341108
Douglas Group,1,41812.92371164987
"Stephens Martinez, and Romero",1,24711.901407166642
"Charles, Marsh Page and",1,34100.61443041221
Turner-Potter,1,16628.076363509415
Hall-Woods,1,3422.3747622230894
"Durham Stewart, and Rangel",1,33673.91808525717
Rowe-Taylor,1,25413.78104253438
Scott-Williams,1,49740.007608164924
"Ramos, Wilson and Evans",1,22947.212567565613
Houston-Chan,1,21830.564328585842
Ltd Anderson,5,135270.90347591936
Wilson-Green,1,14796.790425454214
Davis-Gay,1,43423.69767319827
"Washington, and Johnson Thomas",1,6399.296905391466
Dunn-Thompson,1,22046.01726313575
Larson-Sanchez,1,12793.03351759573
"Roberts, and George Garcia",1,29478.352767572545
Padilla Ltd,1,11803.038526570512
"and Solis, Bauer Allen",1,23258.574754159377
"and Romero, Lozano Myers",1,28051.716017996037
Le Ltd,1,44092.84310570023
Richards-Perkins,1,43896.112674851036
"Avila, Wood Floyd and",1,36456.46974695975
Salas Inc,1,20407.347234288172
Estrada-Ramsey,1,34925.23337275914
"Henderson Green, Foster and",1,35235.49517726879
"and Cisneros Wilson Patton,",1,29761.79353581045
Group Singh,3,32120.07926022201
Ltd Cobb,2,43244.34160932632
Ltd Wood,1,38366.47660964295
"and Johnson Jackson Mathews,",1,14172.656348266517
"Salazar, and Pierce Austin",1,43893.42395102515
Soto Ltd,1,10742.239638105519
"Jackson Obrien and Scott,",1,26932.48564433135
"Hughes Dunn, and Day",1,13518.111234249094
Sanchez-Blackwell,1,3641.1467221236167
Martinez-Strong,1,47614.90371838115
"Mendoza Foley Williams, and",1,13682.908107363011
Williams-Thompson,1,45371.81162483232
Inc Leblanc,1,28500.074785699977
"Adkins Torres Graves, and",1,41364.04143463318
"Wilson and Ingram Myers,",1,30671.36867961036
Cooper-Best,1,26780.643379146662
"and Jensen Harrison Ross,",1,15291.721327420744
"Smith, and Rush Hubbard",1,40614.62745934215
Oconnell-Lamb,1,27714.479689279702
"Nichols Miller, Garcia and",1,9480.944838859838
Roach-Moore,1,2477.746310446677
"Lopez Martin and Melendez,",1,12388.790942486756
"Blake and Sanders, Johnson",1,18759.37633199625
Forbes-Wallace,1,46766.855738143684
"Ryan and Jackson, Hoffman",1,34835.920746101416
Chavez-Randolph,1,36323.60220265082
"and Mason Robles Perez,",1,10341.71867891388
"and Fernandez, Moore Anderson",1,44182.79348091257
Cooper-Rodriguez,1,7151.365404021111
Fox and Sons,1,8879.154433591766
Baldwin and Sons,1,3058.1856685614534
"and Marshall Kelley Tapia,",1,12904.582949918698
Rocha-Hendricks,1,38484.59456436403
Wagner-Henry,1,47823.743345701376
Anderson-Anderson,1,457.730710240999
Day-Lee,1,9683.393596876918
Watson PLC,1,24869.877869231535
Gutierrez-Campos,1,47415.46419371262
Freeman-Brown,1,39815.072964038976
"Jones Wyatt, and Flores",1,33059.696271623005
Ltd Peters,1,39907.85591596967
Bradley-Shepherd,1,38817.27475528115
"Nelson Cline, and Harrison",1,29159.54074081974
"Salinas Gould Brown, and",1,24491.705289626505
"Fowler Kelly Horn, and",1,34341.44908876194
"White, and Benson Mckay",1,41815.751453016914
Smith-Barker,1,16359.533581413361
"and Meza, King Green",1,13154.888711936092
"Williams Herrera Paul, and",1,2629.973771915276
Frost-Fox,1,17200.489957499183
Wood-Moore,1,19680.696931311628
Finley and Sons,1,23985.154737887457
White-Kennedy,1,1137.7484056215064
"and Glenn Williams Shannon,",1,14581.894074867816
"Olsen, Mclean and Sandoval",1,31146.331167615735
"Phillips White and Thompson,",1,29456.750668477234
Becker-Hensley,1,15829.948708270944
"Wilson, Gomez Powell and",1,17932.74994453205
"Rojas, Gutierrez Vazquez and",1,30441.449166631388
"Mills Franco and Trujillo,",1,25802.99354979899
Brooks-Huang,1,16323.892245957255
"Carter Palmer Gutierrez, and",1,23325.878868662166
Hunter-Grant,1,17839.745651647165
Dudley-Atkinson,1,16399.265761001818
Young-Williams,2,28655.096204317142
Scott-Stewart,1,12068.760347384245
Ltd Austin,2,73336.43724695705
Group Turner,1,9856.057304090971
"Duran Navarro Torres, and",1,36045.06493215321
Horne Ltd,1,15433.387831575947
"and Small, Crane Hill",1,23337.392581214623
"Bowman Carr and Garcia,",1,29628.36118693945
Hawkins-Watkins,1,22266.813529937586
"Smith, and Davis Warner",1,36848.83053723462
Clark-Flores,1,43228.9071584993
Inc Norman,1,13270.507831556899
Allen-French,1,30351.123435172896
Hall-Thompson,1,33027.893765786604
Parrish-Cooper,1,30430.15347948839
LLC Garcia,12,315226.5592657948
"and Leonard Brown George,",1,42266.146713566566
Diaz-Walters,1,40561.738471500255
"George Jones, and Walters",1,16631.20437341651
Christian-Murray,1,35888.41626907112
Gibson-Alvarez,1,40403.55890551002
"Harding Davis Phillips, and",1,46201.10342986205
Brown-Day,1,7476.036216961933
"Mcintyre Scott, Anthony and",1,44912.85268226471
Group Bennett,4,83216.11612099368
"Beck Ross, Brown and",1,18198.42772372864
LLC Schroeder,1,35270.375268179036
"Baker and Wright Pitts,",1,22119.76436903264
Williams-Walsh,1,21959.198250223777
Matthews-Pacheco,1,27790.331380529235
Inc Camacho,2,48661.921869981816
"Wilkinson and Patterson Lynch,",1,9932.265341044966
Medina-Bean,1,6567.477039653667
Hernandez-Carey,1,38536.76271080253
"Flores, and Buckley Boone",1,38867.232115613304
"Singh, and Lewis Wolfe",1,3725.1192699045864
House-Reed,1,7180.861348499264
"Wong Henderson and Davis,",1,40568.36810579699
Flores-Johns,1,36414.12111035069
Schmidt PLC,2,17440.430438908323
Ltd James,1,15029.922907718876
Hernandez-Benitez,1,9930.963631430275
Sanders-Ortiz,1,16690.762896258704
Bernard-Long,1,3565.273134507828
"Welch Martinez and Shields,",1,22421.922539188687
Powell-Shelton,1,32540.21876818395
Peterson-Freeman,1,43477.04657904549
Bruce-Dixon,1,45584.296471916685
White-Baldwin,1,20152.155637086064
Moore-Castro,1,1124.2838499901773
"Taylor Williams and Brown,",1,25522.365433260362
Macdonald-Gomez,1,19194.645107825017
Miller-Suarez,1,41007.678082852995
"and Richardson, Coleman Bauer",1,34762.155996673864
Parker-Wolfe,1,15037.29952950379
"Wilkinson, Martinez and Dean",1,36944.05971960008
"and Mcdowell, Cook Green",1,9448.627151470146
Franklin-Gomez,1,9731.70223950094
Cain PLC,1,25309.469049189905
"Joseph and Martin, Mack",1,31736.777687574016
Guerrero-Cooper,1,11024.573354144233
Summers-Mendoza,1,8645.235868573574
Robinson-Mendez,1,6054.487778989647
"Wheeler Gonzalez and Bowman,",1,35654.82218592722
"and Avila, Moss Caldwell",1,9713.905136876936
"Gordon, Ball and Jackson",1,44094.05569431051
"and Bryant, Smith Clark",1,20312.730135894217
"Hill and Hill Ellis,",1,21906.51871965612
"Gray Turner and Cunningham,",1,35319.223008983616
Ltd Campos,2,15511.906671565339
Buck Sons and,1,43153.076037023915
Martin-Obrien,1,40848.32776275137
Foster-Lee,1,27481.416145040675
"Orozco Harvey Cooper, and",1,9168.969561724343
"Maldonado, Allen and Parrish",1,35600.13577955024
and Suarez Sons,1,42014.04974587143
"Maldonado, Lynch and Warren",1,47702.88807937506
Group Dawson,2,44181.38797630968
"Jones, Rose Bishop and",1,8771.189627803687
"Miller and Oconnor Spencer,",1,49307.79314665957
Harrison Sons and,1,26283.781607206263
Watson Sons and,1,21062.69311790769
"and Hughes, Gaines Mcdowell",1,11042.511816541144
"Hayes Lane Flores, and",1,7505.17594788329
Cruz-Evans,1,280.39068425657547
Rodriguez-Campbell,1,29026.571698897125
Morales-Reynolds,1,27816.16857616037
PLC Carter,1,43821.41357981562
"and Cummings Hill Morris,",1,19527.081301467555
"and Norton Simon, Wolf",1,30766.318077451837
Ward-Murphy,1,14038.221237306125
Harris-Jones,1,42916.47636431427
Blair-Ramirez,1,21743.40408207571
Petersen-Graves,1,18157.621257609215
"and Strong Cline Roberts,",1,28941.184597279072
"Mueller, Stephens and Williams",1,31502.149678986614
"Jones Maynard, Alexander and",1,23096.836648699453
"and Adams, Black Villegas",1,16631.91386821393
Bryant-Sanchez,1,4624.0523229514765
"Turner, Garcia and Hood",1,38990.269171922504
PLC Gonzalez,6,192467.92207804776
"Gray, Hensley and Hanson",1,5226.001297134632
"Rice, Cooper Rivera and",1,45199.27330881416
Inc Davis,7,109885.74272250755
Cole Inc,1,47443.611360791605
Davis-Nguyen,1,34599.40943140091
PLC Jacobs,3,79419.20424995771
Ltd Ortega,3,73603.42440510639
Inc Gonzalez,3,60940.4624861223
"and Thompson Moore, Torres",1,41443.68250822932
Nelson-Wilson,1,13661.063120328798
Cole-Montgomery,1,23082.23799967846
Sanchez Group,6,177147.25268898596
Hansen-Travis,1,28834.073348153608
"Boyer Hudson Sanchez, and",1,2396.689017300668
"Wright and Le Marshall,",1,22530.852359399465
"Ramos Rodgers, Cannon and",1,33767.0768590033
Rodriguez-Carpenter,1,18743.09032682054
"Hall Walker, and Petty",1,33573.71469939182
"Lewis and Andrews, Tucker",1,17247.92247154623
LLC Horton,1,25726.621904631018
and Keith Sons,1,22218.645534574527
and Barton Sons,1,29850.653197020634
"Harrison, Downs Norton and",1,35272.78322674059
Sons and King,1,32540.333795081435
Ltd King,2,59228.61965228727
Ali Sons and,1,19008.85022250623
"Williams Stephenson Curtis, and",1,46288.631852749866
"Garcia, Gonzalez and Gentry",1,19966.645590241842
"Garcia Strong, and Holmes",1,19542.937941229404
Ltd Lin,1,49286.54239068609
"Conway Turner, and Pollard",1,7387.015093941158
Group Conley,1,46651.02534897096
"Odonnell Smith Moreno, and",1,4584.940407880549
"Martinez, Mcconnell Burgess and",1,40217.03229981865
PLC Gonzales,2,76639.01014881476
Johnson-Wise,1,14320.694763331261
PLC Diaz,2,35860.96332014506
Cardenas LLC,1,29027.728555151734
Grant PLC,1,40009.06263255412
Ltd Garner,2,67578.22080400695
Sanchez-Lloyd,1,30305.693028725378
Allen-Mcguire,1,20855.89823481401
Solis-Colon,1,29431.244403644516
and Lewis Sons,1,30094.95403927411
Mcdonald-Perez,1,16778.772410681933
Navarro-Strickland,1,37651.302157685124
"Walker Blake, and Hughes",1,11346.545701319206
and Gutierrez Sons,2,82964.44522826381
Norris-Hall,1,37026.77371583851
"Smith, and Mason Shepherd",1,25286.766817910902
Miller-Vargas,1,34201.34292458288
Alexander-White,1,24371.00618532688
Franco-Campos,1,11803.488260648754
"Wallace Washington, Garrett and",1,27285.733051641582
"Hale, and Owens Reed",1,27493.10155933318
LLC Frye,1,28853.729282043612
Flynn-Johnson,1,7636.821233177091
LLC Pope,2,22207.488428185785
PLC Hodges,1,16082.281042417606
Walker-Ferguson,1,37226.750834559076
"Decker Johnson Maxwell, and",1,2876.1171477574735
"Clark and Green, Dyer",1,48669.856284020854
Shelton-Martin,1,49449.234341263094
"Mccoy and Green, Vance",1,28921.021690631664
Proctor Group,1,20741.629115458538
"Hanna Sanders, and Reed",1,10512.683742190091
Hughes-Edwards,1,3647.773953375169
"Gilmore and Brown Meyer,",1,8583.518485646055
"Brown and Richardson Pearson,",1,12357.096915674463
Mooney-Newman,1,3982.2225279605586
and Sons Collins,1,4560.695952804472
"and Moore Tyler, Robertson",1,22685.479275752805
Ltd Norris,1,10266.525643174697
"Wood Holder, Robbins and",1,43443.900949835035
"Greene, and Dean Hunter",1,29765.253672067258
Hunt-Armstrong,1,46408.59541948973
"Hess and Hamilton Allison,",1,18748.847690627605
"and Bradley Stout, Ramirez",1,35972.83780288814
"Hendricks, Randolph and Buchanan",1,42368.83533850275
"Vaughan Whitaker, Johnson and",1,27961.908390793076
and Bennett Sons,1,28453.471418898287
Kennedy-Huber,1,36257.62708845355
Serrano-Munoz,1,34693.19843356867
Moore-Castillo,1,43625.386284016575
Harris-Gonzalez,1,12462.133642036188
Vaughn-Murphy,1,19723.719139412246
"Williams and Russo, Suarez",1,21582.125408069143
"Evans, Patel Payne and",1,28392.391698717864
PLC Rose,1,13987.714415810367
King-Murray,1,35079.69458963947
"Mullins Adkins Scott, and",1,20565.422119479368
Scott-Goodman,1,3820.3120833552
"Gray and Acosta Trevino,",1,40607.294531578606
"Mendoza, Martinez Lopez and",1,37009.98737416053
Murphy-Thompson,1,17311.711866068774
Davis-Dean,1,37223.207609045
Lamb-Ward,1,1701.5928446791465
Sons and Shaw,1,44916.648081763975
Estrada-Butler,1,10347.425904010746
Group Reynolds,1,29559.428009470987
"Lewis and Collier Mcneil,",1,5974.4038521796765
Holland PLC,1,46445.168058286064
"Ellis and Prince Patton,",1,5365.791601540219
"Lee Wiley, Sosa and",1,39616.74090142108
Davenport-Hurst,1,8323.571197974217
Curry-Rodriguez,1,9609.1174131755
Robles-Davies,1,38620.13742301791
"Allen and Wilson Rollins,",1,48564.86188967814
Montes-Myers,1,9407.270802246103
Edwards-Castro,1,32028.28812111579
"Hall, Benjamin and Castillo",1,2890.0315598005886
"Rollins, Vaughn and Carter",1,38040.45813337274
Kennedy-Willis,1,13272.75855771736
Miller-Alexander,1,48833.67047006242
"Warren Peterson Reed, and",1,24225.61558878068
Mendez Inc,1,49546.83148535364
Anderson-West,1,23581.75991651368
Rogers-Tucker,1,47750.69524327037
Valentine Ltd,1,5985.978487240192
"Shaw Tapia and Barnes,",1,45440.79280966989
Moore-Taylor,1,20198.742737835055
Black-Stevens,1,4288.608247540553
"and Walsh, Floyd Owens",1,35776.637069418735
Ltd Potts,1,26527.55730240478
"Kirby Ryan, Andrade and",1,43378.35384431855
Martin and Sons,2,42092.932470337866
Williams-Valdez,1,47798.14580152718
Watts-Thompson,1,40913.01409860798
"Sanders White, and Hutchinson",1,35963.34186384795
"Smith and Neal Jones,",1,28715.87612812347
"and Reid, Williams Hernandez",1,34614.64831592938
"Hansen, Mendez and Smith",1,12500.447840390578
"and Howell Mendoza, Williams",1,40271.88807140451
"Gonzales Chen, Anderson and",1,31612.865213613786
Cox-Schwartz,1,24023.892061345734
Vazquez Group,1,25223.41128432217
Inc Nelson,7,139843.38982371535
Adkins-Martin,1,20283.371399483098
"French Hull, Cunningham and",1,15538.68314117853
"Hernandez, Adams Barnett and",1,7743.7456145029955
Crane-Velez,1,19914.922466719854
"and Welch Montes, Hayes",1,1969.2789369045504
"Moore Watson Day, and",1,18145.242210942786
Webb-Swanson,1,17258.15495414294
Inc Ward,2,12386.03901844393
"Miller Nguyen, Harris and",1,34362.893724669935
"Rasmussen Little, Campbell and",1,43319.417777240094
"Mcguire and Lopez Daniels,",1,6099.378120179156
Taylor-Flores,1,19362.083631406367
PLC Scott,1,48083.03378689568
"and Johnson Flores Martinez,",1,9601.066366419245
"and Cortez Williams, Nguyen",1,9837.909427067108
"and Sanchez, Ford Ryan",1,38211.266465827845
West Group,1,27373.1802989167
Jackson-Hoffman,1,40363.66017443285
"Chapman Merritt Marquez, and",1,48933.94834349284
"Obrien White, and Stout",1,21868.234237080404
"and Davis Nelson Andrade,",1,12630.984440861881
Tate PLC,1,24473.84238155534
Lynch-Cherry,1,13235.899821525223
"and Fox Cook, Reeves",1,11046.347181561081
Brandt-Elliott,1,47257.09114404683
Cooke-Russell,1,2589.34435991511
Wong-Woods,1,35645.91927762241
and Nolan Sons,1,46518.518225477244
LLC Kelley,1,2305.774692245419
Burns PLC,1,18575.323076711396
"Stevens, and Price Gordon",1,43739.07213623558
"Smith, Garcia Cochran and",1,31192.364521948894
Sons and Holland,1,36994.36391629532
"Davis Mclaughlin, Williams and",1,19005.792455041523
Nguyen-Mills,1,19217.400423300976
Brown-Joyce,2,45980.2887676753
Malone-Stout,1,39828.84354815885
Inc Pugh,1,43480.54940625624
"and Richardson Smith Gibson,",1,34218.360555992665
"Dixon, Mendoza Mcdaniel and",1,43575.03807042125
Walters-Ramos,1,25122.99577683041
"Fuentes Butler, Ward and",1,39297.2249885349
Green-Anderson,1,47269.60635896014
Browning LLC,1,45739.196517390534
"Bradley Williams, and Owens",1,23688.349752162045
Hernandez-Ramirez,1,30172.30661199792
PLC Eaton,1,35087.571250629335
"Vasquez and Esparza Ruiz,",1,10651.260451003891
Miller-Obrien,1,29439.374558280782
"and Kelly Jackson, Thomas",1,18128.807125223695
Huff-Coleman,1,16294.883001548422
"Tucker, Greene Wright and",1,8445.693219336123
PLC Butler,1,34078.34445879455
Miller-Brooks,2,59791.9407659875
Nelson-Schmidt,1,49344.25931053936
"Martinez and Farley, Davidson",1,2091.4108508939125
"Quinn and Ross Craig,",1,43709.881987998284
"and Edwards Brown Hanson,",1,30780.64541806744
"and Smith Smith, Ryan",1,34290.947528102886
Hansen and Sons,1,19217.338490261085
"and Cervantes, Ford Weiss",1,30817.891459427206
Beck-Davis,1,28848.432526051605
Fields PLC,1,17458.561411780403
"Guerrero Perez and Miller,",1,14908.382170908979
Hunt-Green,1,8565.208832052092
"Miller, and Olsen Best",1,606.0732229892453
Harmon PLC,1,47200.11553136489
"and Cooper Merritt Fletcher,",1,37268.84081714827
French and Sons,1,19047.768393481405
"and Wells Murphy, Valdez",1,39213.7072876143
Prince-Davis,1,17234.878619132498
Group Roman,1,14239.493987569525
Group Hicks,1,2274.349904890378
Rangel Inc,1,1890.1013854020966
"Martinez Bartlett and Fisher,",1,14901.737873520275
"Welch, Jones Holmes and",1,4308.591055456263
Carter-Pham,1,38482.54953282228
Williams-Clark,1,20808.268585343907
Young-Montgomery,1,5751.630699272074
"Robinson, Nichols Gomez and",1,40285.48374662272
"Lindsey, Frederick and Franco",1,36259.355491714414
Park and Sons,1,19408.272075606044
Cole-Edwards,1,24212.45000486628
Roberts-Sanders,1,24202.589542119647
Huerta Group,1,7193.459007769295
White-Mccarty,1,46414.70478423327
Jenkins-Rojas,1,32019.157795264073
Schmidt-Arias,1,10576.366486068406
"Wallace Clark Hernandez, and",1,21916.629130817273
Sons and Compton,1,32107.264015987224
"Blake, and Dunn Garrett",1,35674.68447137127
and Griffin Sons,1,7338.261143903037
"Maxwell Smith and Davis,",1,43605.89908588988
"Dalton Moreno, and Compton",1,21383.953439272234
Thompson-Park,1,30516.36824794266
Little-Berger,1,12398.587162105816
Smith-Turner,1,4464.7790440423105
"Brown, Harper Aguirre and",1,32287.88301779356
and Watson Sons,1,8075.296047250407
"and Gibbs Drake, Kelley",1,41647.88899508534
Gardner-Miller,1,32643.299353277187
Walter PLC,1,30358.1945795447
Thompson-Becker,1,5716.1042076161275
Spencer Ltd,2,8696.8755853379
Stokes and Sons,1,12101.130655296483
"and Chapman Payne, Werner",1,42500.59066977505
Aguilar-Moreno,1,30451.23586420147
Sons and Nguyen,1,34770.03841575718
"Patterson Mann, Williamson and",1,28441.890386434923
Anderson-Oconnor,1,11904.521987181017
Miller-Garza,1,49926.70553712751
Carter-Estrada,1,2091.7714939395532
Pham LLC,1,25145.57975471447
"Saunders Curry, Jones and",1,35103.89415410025
Carpenter-Dorsey,1,43776.493479887715
"Hall and Ray, Johnson",1,24944.879503328943
Rogers-Garcia,1,6981.473479320772
"Bass and Hudson, Pittman",1,8361.722335263992
Boyd-King,1,43558.33073599745
Moon Inc,1,5297.672890361505
Hogan-Ho,1,34260.47030334892
Keller LLC,2,72316.56916531263
Orozco Ltd,1,4612.083062571266
"and Figueroa Duke Mason,",1,13637.044407175234
Boyd-Gomez,1,14419.169755743065
Ltd Hill,2,12675.231767029489
"Harrington Carney and Brown,",1,31441.564609325804
"and Duran Garza Cruz,",1,911.9946483907893
"Butler and Bowman Martin,",1,30173.324044603152
Group Martin,3,107047.85788486255
Everett-Lawson,1,40350.18836003743
and Gross Sons,2,9349.152672159791
Foster-Jackson,1,37820.56586463244
LLC Harrington,2,48031.12568338655
Kaiser-Chapman,1,8860.357522703607
"Phelps, and Williams Briggs",1,19703.452203523928
LLC Moreno,3,20630.41341605151
Sanchez-Miller,1,49443.139982088636
Ltd Bennett,3,35002.34057800359
Inc Carlson,1,30670.55137949254
Boyd-Simmons,1,28773.301505745058
Brewer-Marquez,1,9471.80097056492
"Smith Johnson, and Hendricks",1,37925.846748740274
Ltd Howell,2,24719.488692288473
Mcclain-King,1,35982.54176649464
Martin-Velasquez,1,741.2960105883244
Gutierrez-Mills,1,49891.828728646324
"Lewis, Rivera Walsh and",1,30163.331462034177
"Baker and Zimmerman, Powell",1,35381.290937450925
Byrd-Howell,1,27734.579240003182
Adams-Dominguez,1,36690.06798578122
"Morton, and Phillips Lynn",1,37270.06237982182
Craig-Gordon,1,22183.453371045798
"Torres Robertson, and Spears",1,44239.44457768164
Hill-Scott,1,17089.986147006603
"Nelson and Pittman Smith,",1,18995.671399685645
Rodriguez-Edwards,1,36553.01432636526
Roth-Leonard,1,13981.650744668028
"and Ferguson Delgado Ramirez,",1,47628.30626556049
Pearson-Lowe,1,16746.444773683932
Bradley-Quinn,1,2831.158283362462
"Bell Rivera, and Browning",1,47532.987420215235
Mills-Brown,1,7834.359155826561
Stephens-Stevens,1,12079.95082999114
"and Nguyen Rodriguez, Elliott",1,43431.31665002615
"Brown Larson, Phillips and",1,9155.572736332104
Shelton Ltd,1,48534.92421058119
"Jones York and Hernandez,",1,29424.817992139953
Cooper-Bush,1,31644.76919321841
"Weaver Davis Bates, and",1,4697.732432542574
"Rodriguez Baker, and Chaney",1,19351.8791862447
Mckee LLC,1,20332.94391799359
Rodriguez-Romero,1,41591.91909329503
"Robertson, Anthony Smith and",1,19414.48230012102
Knapp-Colon,1,6288.211783183705
Inc Stark,1,25097.381881742644
Singleton LLC,1,30341.709287080248
"Walters and Marshall, Thompson",1,18966.595986999768
Gaines-Mejia,1,14697.54859418866
Sims-Pierce,1,40612.60740067591
Smith-Baker,1,21306.040090424267
Rocha-Wood,1,1558.1989169196272
Carrillo-Gutierrez,1,46378.91000507549
Moses PLC,1,35101.84639174657
Holland-Daniels,1,9575.797888513256
Jensen-Rose,1,9173.840415426808
Group Booker,1,3783.3280491162627
Bell-Acevedo,1,34269.55202511939
Warren LLC,1,32360.878624742567
LLC Li,1,45321.71985693736
"and Robinson Fitzgerald, Bryant",1,24396.085673569458
"Chang, Soto Porter and",1,7792.181065331208
Sanchez-Perez,1,11829.054589801195
Garza-Lopez,1,15495.351884974258
"and Johnson, Young Davila",1,18913.3349225185
Hernandez-Todd,1,14631.955140780516
Ward-Reid,1,22295.68736295113
"Jacobs, Cook and Moore",1,30235.00713064681
"Smith Wright and Garcia,",1,40020.59946469757
Ltd Cantu,1,43191.88615611857
Vasquez-King,1,6067.6704923296475
Inc Beltran,1,24416.277049610002
Cantu-Spears,1,26765.440308485628
Inc Mooney,1,35199.964744806624
Ltd Lowe,1,19074.07857703251
Jenkins-Mills,1,46629.090110749275
Leon-Cervantes,1,43372.1607940479
White-Matthews,1,4404.957879176952
Joyce-Barker,1,32574.481926803157
"Roy Reid Peters, and",1,299.71615615425776
"and Spence Armstrong Moreno,",1,35258.243434405245
Marks Inc,1,33744.67716566996
"Robinson and Moore Rhodes,",1,39105.58180963553
"Kline Walker Cole, and",1,11497.505295594265
Ray-Mitchell,1,11917.507858146993
Webster-Johnston,1,9445.863148473434
"Guerrero Jones, Powell and",1,9899.869884940845
Cruz-Santiago,1,25835.323594688223
"and Davenport Davis Hobbs,",1,36890.26905497426
"Mack, Wilson and Fowler",1,37879.97903164024
Garrison-Mcfarland,1,35317.49303975063
Steele PLC,1,20914.947408227792
PLC Thompson,8,206707.9830286877
Inc Daniel,2,78865.77555456397
Parks PLC,3,27483.43198187869
Walker Sons and,2,45497.95145704975
Williams-Combs,1,18031.98064099443
Mullins PLC,1,35045.139721655316
Howard-Pitts,1,31911.301871637366
Fox PLC,2,40611.603796013966
French Ltd,3,78000.5867191065
Blevins Group,1,47649.69663822056
Daugherty Group,1,6020.5517641483975
"Cole and Nelson, Davies",1,38907.67676483317
"and Brown Martinez Johnson,",1,47660.949991369576
and Wilson Sons,3,42883.735856516054
LLC Delgado,1,5136.3012938824295
Mcguire Group,1,3647.990559361033
Inc Soto,2,65859.23176834502
"and Stephens Ortiz Campbell,",1,9472.89531231758
Hawkins-Delacruz,1,16231.267370511141
"Williamson and Marshall, Brown",1,40624.1519676608
and Zimmerman Sons,1,32706.652624865623
Jones-Harris,1,37521.23953021856
"and May Lewis Cook,",1,49370.083529175485
"Brady and Payne Diaz,",1,26955.120016586618
Carr-Whitehead,1,8306.18847107184
Rivas PLC,1,40701.854063382954
Silva-Taylor,1,23112.05784529047
Perry-King,1,36974.054351192106
Sandoval Group,2,5748.281842825232
Hatfield-Wilson,1,32931.67639746876
Sons Morse and,1,14871.601291172597
Carson-Richardson,1,46128.931444363254
"Perez Conner and Thompson,",1,40333.30520074275
Donaldson-Zamora,1,26426.865866536216
Wallace-Henry,2,36339.042211819804
Boone Inc,1,27614.458895512227
"and Murray Parrish, Jones",1,27152.768506997138
Lane-Sparks,1,10093.492219129694
"and Jones Davidson, Roberts",1,8952.199236787728
Burns-Sharp,1,45058.43070377705
"Turner and Hale, Carroll",1,39066.50579908012
Perry-Ortiz,1,47760.98601595228
"Mcknight Allen, and Smith",1,16930.511457373115
Washington-Adams,1,28168.14138283532
Jimenez-Brown,1,12994.428671026659
"and Harvey, Meyer Shaw",1,33411.70038579437
Mcbride-Foley,1,44257.42372700187
"Anderson Holmes and Smith,",1,46318.46731587649
Williams-White,1,13651.587853881541
"Jones Finley Stein, and",1,46174.98498522439
"Roach and James Murray,",1,24076.27295817542
Rogers-Wood,1,5081.735922832716
"Zimmerman Bright and Powers,",1,13538.0278079093
White-Parker,1,9819.581479136114
PLC Jordan,1,47162.449706302985
and Sons Jackson,1,48718.059111980416
"Chambers and Thomas Sullivan,",1,47935.60079843913
Horton-Swanson,1,11915.830831185509
"Wagner and Reilly, Johnson",1,12148.038655885653
Young-Anderson,1,44119.23053267186
"Roberts Baker, and Young",1,43332.645118607135
"Frank, Chapman Wilson and",1,24506.703038336902
Bishop-Hernandez,1,25300.248302107306
Campbell-Smith,2,24815.953975081626
"Gonzalez and Vega, Lee",1,30515.13756218046
Grant-Moore,1,27882.258132591895
"Kidd, Ramsey and Brown",1,48242.99480907942
"Robinson, Hamilton and Lucas",1,15131.122722537186
"and Rogers Dougherty, Hunt",1,23073.309669830513
"Cox and Mitchell Ortega,",1,26590.689888411856
Bowers-Shepherd,1,49023.142286807444
"Miller and Bullock Leonard,",1,38260.41654623982
Davis-Flowers,1,46754.89682571278
Mora-Shaw,1,46303.071876270755
Green-Torres,1,2976.976782102611
Nelson-Chapman,1,16839.167016497882
"and Jackson, Parker Nelson",1,7029.597390276096
Rodgers-Evans,1,10475.066209132743
"Salazar and Burke, Patel",1,8206.512058325854
Inc Thompson,1,48113.03589249284
Boyle-Humphrey,1,45072.747035594206
"Allen Davis Todd, and",1,24101.200126685853
"Powers and Alvarez, Frederick",1,29365.386413112465
"Roberts Ortiz Johnson, and",1,39148.67257574138
"Wagner, and Williams Kennedy",1,22815.44564523409
"and Smith Riley, Gray",1,34359.685779220286
Group Gibson,1,20632.46511646777
Bass-Black,1,33652.4856359849
"Torres Tucker, and Moore",1,1403.730124665131
"and Thomas, Brown Shepherd",1,37126.42169022177
"Oliver Lewis, and Walker",1,48174.85494536802
Shepard-Bell,1,13894.992221346423
Morgan-Green,1,8048.727660459233
Dunn-Bennett,1,9156.329335987513
Sons and Gibson,1,13129.138561166177
"and Hobbs Rice, Miller",1,4537.845576726829
"and Gray King, Mccoy",1,26754.103962260524
"Patrick, and Howard Joyce",1,6735.767636412038
Rivera-Gutierrez,1,33207.706633729606
"Jones and Jones, Turner",1,20545.871762829884
"Olson, Andrade and Dixon",1,33749.85876855787
Sons Mckinney and,1,33171.03008875718
Allen-Perez,1,10965.695749178813
Galloway-Barnett,1,15072.570926473929
Wilson-Sherman,1,46602.69268434857
"Neal and Roberson Hicks,",1,47641.699248327204
"Smith, Singh and Gonzales",1,16155.880129231484
Duran-Scott,1,22805.148245283897
Inc Stevens,2,84026.97424342211
Austin-Johnson,1,40809.509300901416
"and Delgado Allen, Wilson",1,9508.082552743357
Medina-Hubbard,1,9868.006142117938
"Reeves, Jones and Martin",1,36998.18781524963
Inc James,1,37856.49345994467
"Lawson, Li and Hensley",1,40622.30116272153
Frazier-White,1,1914.651784681756
Colon-Mckenzie,1,44923.18712316905
"Haynes and Navarro, Jackson",1,17896.81985764865
Tucker-Young,1,20220.20800353641
Benitez-Hall,1,20129.773037270454
Alvarez-Griffith,1,8805.037843571035
Gonzalez Group,3,77200.91156488881
Adams-Gates,1,41706.37916833271
"Werner, Glenn Tucker and",1,35785.055421433935
Carson Group,1,5334.278174827629
Hawkins Ltd,2,38377.31227047886
Ltd Green,2,58679.2066187113
Austin Ltd,1,44305.32067865277
Howard Inc,1,41453.53733301929
and Sons Velasquez,1,29473.960715492925
"Grimes Romero and Davis,",1,8011.187628605039
Smith-Madden,1,27332.807097369892
Rivera PLC,4,132875.83054341906
Koch LLC,1,38047.519795350076
House-Cox,1,31847.624641844097
Edwards-Powell,1,39357.2137272071
"Walsh, Elliott and Shields",1,36907.11706634882
Cohen-Haney,1,28332.09988719195
"Anderson and Sullivan Rivera,",1,32933.44626178638
"Norton, Davis and Padilla",1,30247.368020857935
"Bond Perez, Johnson and",1,29059.1329982216
"Johnson and Shannon Hamilton,",1,45792.945035257166
"and West Mann, Adams",1,35439.35461935765
Franklin-White,1,943.4375455466833
"Williams and Key, Massey",1,37849.210062242
Ford-Morris,1,31282.854710516174
"Shaw and Mcmillan Freeman,",1,29228.12116108446
Ortiz Inc,1,15770.43967239881
"and Norris Jackson Zimmerman,",1,42090.482643597934
"Johnson Turner and Vega,",1,43806.866123993124
Harris-Marshall,1,20415.05867624017
"and Ramirez, May Golden",1,38543.93741349528
"Mitchell Miller, Moore and",1,40341.680796387576
"Martin, and Erickson Taylor",1,36177.570255635044
Nguyen-Carter,1,29961.45539685423
Chung-Floyd,1,23472.252020725253
"and Maxwell Vega, Ferguson",1,27717.29158804813
"Brock and Kim Campos,",1,10025.833592006873
"Conley Gill, Wright and",1,48566.905867625086
Yates-Wiggins,1,36402.85948266404
Lee-Nelson,2,52007.24688782147
"Marshall, Solis Kaiser and",1,44418.222022029564
Adams-Johnson,1,4143.559964197186
Henderson-Reyes,1,25631.11884932293
"Gill Wilson Conley, and",1,30887.886490101377
"Bryant Greene, and Petty",1,43449.8453789659
Franco-Hill,1,13694.14920882419
and Sons Sanchez,1,42789.75701590062
Parks-Hill,1,34873.66924483333
Sons Henderson and,1,12025.936493636373
"Martinez, Taylor and Crawford",1,16651.68608361369
Wilkerson-Cooper,1,47656.60337052543
Sons and Wallace,1,45628.140711182605
"Martinez, and Reeves Torres",1,22032.846727252192
"Clayton, and Martinez Kelly",1,5576.083025262491
and Sons Byrd,1,16669.126981103345
Kelley-Odom,1,24569.92600610703
LLC Fernandez,2,37768.403420096
Wallace-Martinez,1,9171.889654013026
PLC Guerrero,1,16302.229569657125
"Gordon and Ross, Conway",1,49888.59852353556
Salazar-Brown,1,47235.033814259616
"Nguyen Bradshaw, and Stevens",1,44439.371411542576
Long-Hernandez,1,40456.29285755564
"Fleming, Thomas and Reed",1,27759.892316407186
Farmer Ltd,1,314.06014221236455
LLC Ayala,1,1189.7763355966792
"and Murphy, Elliott Mccarty",1,22998.409867490554
"Prince Santana and Sosa,",1,5991.571999854364
Griffin-Patterson,1,29944.01191286462
Butler Inc,1,41449.157527663454
"Norman Wilcox and Hughes,",1,36749.63924327156
Garcia-Collins,1,24473.88532279758
"and Jones, Martin Newman",1,12320.67561678057
"Walsh, Morris Young and",1,41472.06642734598
Lynn LLC,1,28452.02955940281
LLC Potts,1,3563.658276298173
Rhodes Ltd,1,29995.9965033646
Rodgers PLC,1,40695.84689192564
Cunningham-Wade,1,46295.56475372138
Inc Jacobson,1,44330.94464975881
Parker-Salazar,1,46732.2769696961
Erickson PLC,1,43229.586263556324
"Dunlap, and Nelson Ritter",1,17803.26096399867
Edwards-Smith,1,39047.13980620422
"Stewart Armstrong, and Brown",1,38842.430408796026
Delgado LLC,1,39849.46977632031
Franco and Sons,1,8449.417078795634
"Flores, and Stevens Smith",1,43927.59414144307
Sons Moore and,1,46565.26667095306
Garcia-Nixon,1,8879.010395410422
"and Burnett, Medina Townsend",1,10427.847560573362
"and Mason Smith Chase,",1,5517.393642223992
"Collins and Moore Chan,",1,17182.869811876913
"Clements and Scott, Peters",1,28410.438767927357
Carroll-Howard,2,53912.67660983755
Boyer-Burgess,1,13900.054263055277
Romero-Ramsey,1,2744.4089100242636
Avery and Sons,1,27512.913169434043
"Gonzalez Anderson Jacobson, and",1,4018.0168763200045
"Patterson, and Lawrence Leblanc",1,28491.56559543392
Ltd Martin,4,96119.70565543295
West-Thompson,1,43315.68357687737
Suarez Group,2,66088.58168454855
"Walker and Ross Washington,",1,37524.95726766193
Gilbert-Jones,1,34967.12461735323
Morrison-Thomas,1,11204.042432299144
"Obrien and Snyder, Rodriguez",1,45441.792945891895
Valenzuela Group,2,53226.05114762322
"Jackson Contreras and Byrd,",1,16958.2274116245
Schmidt-Simmons,1,3419.169850282003
Austin Group,1,44105.966075750104
LLC Crosby,1,46428.953012708706
Santos-Kelley,1,12406.939179129045
Bowman-Jackson,1,47391.618941284105
"Duncan Taylor Dean, and",1,42998.20950887873
Reyes-Murphy,1,9451.76000411826
Kennedy-Brown,1,870.6192875998602
Anderson and Sons,5,121407.131693968
"and Phillips, Pugh Bradford",1,48224.463292713684
Humphrey-Sanchez,1,48963.543655083406
English-Thomas,1,19868.916818096317
"and Richardson, Johnson Ellison",1,36110.37899856483
Evans-Contreras,1,15417.68278938105
Cole-West,1,3184.182299170041
Daniels-Lopez,1,17937.648383066684
"Lindsey and Keller Taylor,",1,21785.610651801355
Young Inc,2,43905.30731577425
Thomas-Bradley,1,24336.105280164327
Hernandez Sons and,1,49119.35858570173
"and Smith Patton, Stone",1,35672.5018438824
Bennett-Lopez,1,40940.384339798075
"Guzman and Young Allison,",1,15597.953256993998
Maddox-Sanchez,1,29844.494307471705
"Burton Mercado, and Cohen",1,30751.153755824278
"Johnson, Deleon and Schwartz",1,24464.884728232908
Velazquez LLC,1,16648.912369553727
"Hurley and Mccoy David,",1,24008.666028807413
Murray-Martinez,1,28602.931936814464
Sullivan-Barnes,1,34351.40053008685
"Mcmillan Henry, Garcia and",1,16438.604649735113
"Collins and Kramer Mills,",1,43266.139443782384
Romero-Arias,1,27420.886891559225
LLC Reeves,1,31649.554029518087
"Simmons Kelly, and Mcneil",1,33064.97813158047
Scott Group,2,48467.705314253435
Lee-Johnson,1,4386.473970136578
Camacho LLC,2,65340.07884574945
Hatfield-Jones,1,33993.271993889626
Ayala LLC,1,45088.077311340334
"Sullivan and Miller, Ray",1,23690.029990948937
"Mcneil Doyle Navarro, and",1,17394.69108048487
"Howard Moore and Kennedy,",1,10507.41424553911
Nguyen-Maldonado,1,7648.838950411132
"Smith, Maxwell and Lopez",1,24450.384602381626
Simpson-Boyer,1,37551.56117253713
Ltd Kelley,2,29819.385821222175
"Ingram Howard and Huber,",1,9209.202232192252
"and Rodriguez, Richards Strickland",1,43068.181496662415
Shields Group,1,20825.770530734702
"and Anderson, Scott Nelson",1,44409.937839864644
"and Harris Roberts Russell,",1,31742.916399207574
Ramirez-Thompson,1,-75.8194506949635
"Allen Hurst, Gonzalez and",1,6640.904583334717
"and Mack Williams, Cline",1,21441.647630011248
Sons Kemp and,1,4522.047600712804
Smith-Lozano,1,42993.82037635155
"and Lowe Johnson, Yang",1,41137.20426303312
Barnett-Solomon,1,30461.380972576964
Lopez-Ward,2,25767.309867589604
Mckee-Jones,1,16237.221467018784
"Rangel Brewer and Cook,",1,21089.2349081634
Fischer-Walker,1,40646.28652301472
Roberts LLC,2,34517.56357603378
Shaffer LLC,1,12954.164436268216
"Potter, Jenkins Dyer and",1,41483.430650495735
Ford-Lewis,1,41570.756952265634
Harding-Harrington,1,23797.506896150266
Sons and Hopkins,1,32885.721458701635
Hunt LLC,1,42692.84394749187
Murphy-Haley,1,32280.120444738164
"Jones, Rangel and Miller",1,18231.897857100135
Santos Group,1,8090.861239092955
Wood-Freeman,1,48197.47060122697
"Mueller and Henson, Curtis",1,22065.916624354417
"Miller and Thompson, Diaz",1,6114.151130791999
Callahan-Young,1,7235.165879449251
Nielsen-Navarro,1,16777.759270414273
Burton-English,1,31402.444801876743
LLC Mckay,1,8642.60888368824
"Kennedy, and Burke Lewis",1,20028.74355657948
Martin-Lowery,1,49245.54048413298
Holt-Harris,1,35999.95577022142
Inc Koch,1,8651.334752045354
"and Patrick Moore Morrow,",1,9919.939187041675
Roberson PLC,1,8692.829096232397
"and Myers, Vargas Sharp",1,30257.889536794468
"and Santiago Day, Caldwell",1,11246.47381201641
Group Paul,1,9021.758156320098
"Gonzalez and Brock, Lambert",1,21776.639373130063
"Sparks Martinez Johnson, and",1,34313.28596540898
"Harris Aguilar and Ochoa,",1,40058.348166551485
Matthews-Saunders,1,46975.208727376
Harmon-Martinez,1,28586.933805753863
Tucker Inc,1,36407.818834268284
Taylor-Schultz,1,17666.801922321614
"Powers White and Ward,",1,26725.317265694586
"Foster Winters, Soto and",1,19728.45395815608
"and Alexander Mullins, Hampton",1,45106.49065148134
LLC Baxter,1,20264.467874895457
Cohen-Jordan,1,13420.224032365877
Keith Inc,1,41902.44081008125
Bell-Brooks,1,29297.059118856978
"Caldwell Jones and Craig,",1,45012.645087006975
"Waters, Boyd Anderson and",1,38298.20186919414
Herman-Barton,1,8847.42530334484
Inc Underwood,1,14754.523709586705
"and Lawrence, Higgins Anderson",1,9506.136781437563
"Johnson Clarke, and Quinn",1,27653.645514474356
Eaton-Navarro,1,33305.68239969937
"Sherman and Gross, Rodriguez",1,35426.07791624584
Patterson-Fields,1,6941.93579880632
Middleton-Miles,1,38119.652783018384
"Combs and Perkins, Jimenez",1,31583.850124031596
Sons and Wells,1,17330.881692382118
"and Singh Scott King,",1,11044.789753289295
"Martin Smith, and Blackwell",1,25293.866024622235
Sons and Lozano,1,7555.772964808847
Inc Mccullough,2,73695.85146423313
"and Gonzalez, Warren Moore",1,48747.545185632844
"Taylor Walsh Hawkins, and",1,25648.04376360948
"Allen, Williams and Phillips",1,26612.008450387897
"Phillips Jones and Wu,",1,37544.80370774198
"Parsons Petersen, Mckenzie and",1,43801.72709227118
King Group,4,142788.29874926165
Hess Sons and,1,26697.1825438447
Wright-Walker,1,50713.56222403902
Group Young,4,120950.79816890311
"Williams and Nunez Mccullough,",1,46533.53993687183
"Carr Lewis, Robertson and",1,37910.88376771083
"Torres Williams Roberts, and",1,24503.273360439438
Sons Parker and,2,67730.41663192971
Guerrero LLC,1,19205.652551258157
"and Horton Giles Parker,",1,7287.041593948005
Gardner-Brown,1,37164.17150544078
Nixon-Taylor,1,39098.312282005885
Ltd Hutchinson,1,26517.116679396684
Schwartz-Mccarty,1,23693.437213806665
"and Campos, White Reed",1,17416.87837477006
"Brennan, and Osborn Clark",1,10028.048501303576
Durham PLC,3,54871.042845887
"Mills, Johnson Wilson and",1,23253.398970019367
Young-Pennington,1,9185.701142253616
Pope Group,1,24039.919280704034
Poole Ltd,2,53066.87509642115
"Mitchell Kirby and Bradley,",1,26851.610942965013
Campbell-Woods,1,32120.040140373065
Ltd Burns,1,47338.126262988946
Ltd Li,1,8921.109844711482
Rodriguez-Sanchez,1,40177.929576924806
Logan-Lawson,1,33828.70588351406
Odom-Howard,1,13763.869256848167
"and Lloyd Wells Smith,",1,10570.87243916768
"and Cole Fields, Brennan",1,47655.04375293965
"Gutierrez Douglas, Conley and",1,20158.749353279552
PLC Simmons,1,41619.59207554973
Ltd Maldonado,2,21797.533507544624
Johnson-Henderson,1,8645.200197076085
"Ellis, Thomas and Lewis",1,46900.9461309777
Johnson-Newman,1,34245.01601038844
"Roberson, Baker White and",1,25789.90303891873
Velasquez and Sons,1,3066.05819285032
Powell-Wheeler,1,42074.17071998129
Levy Group,1,38340.970286144184
Holt-Strickland,1,39066.973129530925
"Richard, Foster Hill and",1,6181.272633910173
"Ortega Valdez, Gomez and",1,24392.205338521053
"Knight Rosales, Moore and",1,20949.449220504877
"and Nunez Watson, Brown",1,20100.796722198716
Rogers-Carpenter,1,22046.0743712541
Owens Inc,1,18871.62448850333
"Hopkins and Randolph, Mitchell",1,44724.24882205182
Cook-Harris,2,58639.60850245583
"and Stanley Murray, Conley",1,17574.40627288332
"and Johnson Buck Silva,",1,25048.499535557356
"Wells, Hunter Miller and",1,30834.6101348666
"Garcia, Williams Lee and",1,31515.07560874723
Ramirez-Carr,1,11995.17476284071
Dean-Mccoy,1,23609.30029559588
Hudson Inc,1,36074.67305564283
Castaneda-Grant,1,10106.489716364214
Dalton LLC,2,77792.61981166422
Carter-Watts,1,1330.421859904984
Shannon Group,1,43579.33908261646
"and Johnson Ramirez Poole,",1,34516.99750706517
Morris-Marquez,1,27257.346231459996
Donaldson PLC,1,29181.876569100845
Fuentes LLC,1,1321.8712388362508
"Morris Williams and Ruiz,",1,5473.241047907251
Ltd Pearson,1,39229.0359143718
and Sons Espinoza,1,1931.7339974598779
Rangel Ltd,1,8143.431051233286
"Sparks, and Rodriguez Gregory",1,2568.361630442004
"Washington, Reed and Wade",1,32682.798584593434
Group Arias,1,11130.055227233785
Gray-Griffith,1,27434.544753704777
Ltd Hale,1,31507.137551401225
"Evans, Leblanc Fox and",1,11754.329504794461
"Thompson and Roberts, Vargas",1,47704.98938259928
Edwards-Wall,1,23008.976296803754
Silva-Scott,1,7925.45507543617
Schmitt LLC,1,4830.822295483575
Douglas-Lawson,1,11716.161493565718
"Franklin Barron, and Figueroa",1,3137.705251976852
Knight-Bush,1,49018.85148270923
"and Lopez, Bowen Barrett",1,20581.5208825432
Manning-Wilson,1,7455.089879460087
"Jenkins Snyder, Bennett and",1,9362.215132481979
"Clements Miller, and Kramer",1,49017.438590777165
"and White, Wall Charles",1,42349.006813254295
Sons Sanchez and,1,29436.96757998986
"Marquez Bryant, Miller and",1,42896.552098162676
"Wolfe, Becker and Jones",1,34150.736219514896
"Gilmore, Miller and Evans",1,20316.340624284894
"Cole Torres, Harrell and",1,44360.408367127275
"West Torres, and Kelly",1,34249.51425243592
Group Stafford,1,16079.669267639116
"Dixon, Ward Higgins and",1,2289.6742842516087
"Farrell, Grant Tran and",1,19613.222178083557
Murray-Ferguson,1,34449.60507829473
Johnson-Rosales,1,19969.318588272083
Tucker LLC,1,10474.507131799815
and Sons Harrington,1,13675.542331337308
"Wells Anthony and Gonzalez,",1,28298.79114480723
"Taylor Molina, and Martinez",1,43875.841923098786
"Becker, Thompson and Mcbride",1,32784.39783465132
"Allen, Wall and Wade",1,2541.1396626759592
Martinez-Hall,1,42297.725685871155
Evans Ltd,5,143753.44011916913
Lewis and Sons,2,40910.09090603961
Turner Ltd,3,74857.16644876209
Sons and Stephenson,1,21875.083323925453
Grant-Wiggins,1,30714.82455655655
Roberts-Brock,1,1933.2379431159582
"Dennis, and Hood Guerra",1,11175.23087404128
Inc Smith,14,348087.122724602
Sons Gonzalez and,2,44921.13640487632
Santana-Thomas,1,2810.2626239633155
Baker-Gill,1,49675.00926370795
"Cross Johnson, and Foster",1,20964.488531360286
"Duncan Harmon, and Joseph",1,20951.777910885263
Norton-Phillips,1,3794.400467064027
"Brown, and Smith Hebert",1,10514.180212542195
"Allen, Chaney Rice and",1,24874.74569758429
Johnson-Hines,1,31097.65051166076
Calhoun LLC,2,30650.414446248717
Herring-Watts,1,38654.73821438459
"and King Carter Kaufman,",1,19716.347471520014
"and Moran, Wallace Quinn",1,3180.359285177852
Group Harris,4,119233.20602215399
"Austin and Lowery, Robinson",1,13470.031788032436
Sons Mason and,1,46838.7968134777
"Evans and Middleton, Hill",1,37122.9195032896
Ltd Daniel,1,14639.718643045868
Harris-Cooke,1,24086.78501768643
Navarro-Lewis,1,6717.717162320889
Group Phillips,2,46657.878771592776
Rodriguez-Levy,1,25562.62048615958
and Sons Villanueva,1,3931.2121549115295
"Marshall, and Ewing Torres",1,21920.120465909462
"Payne Turner and Tanner,",1,46181.29473953239
"Wagner and Pearson Johnson,",1,37361.69003071619
Huff Ltd,1,29431.24448410019
Peterson-Moore,1,28396.663965220603
Sons Cabrera and,1,10093.402443307468
Adkins-Jackson,2,38618.10909423358
"Hart Day and Palmer,",1,3002.1660376939953
Moreno-Salazar,1,5808.403602039013
Ltd Zamora,2,45340.460169351354
"Kelly Campbell and Charles,",1,33756.21956860797
Obrien LLC,1,19937.555804518328
Miller-Smith,5,131541.51691987028
"Jordan Gilbert, Strickland and",1,30430.058568487202
"and Hill Lawson Saunders,",1,6686.666267339402
"Jenkins, Webb Chandler and",1,48368.191868468464
and Sons Weber,1,16690.583070578756
"Smith Hill, Vazquez and",1,48021.55211947742
Farrell Sons and,1,22363.714902649917
"and Beard, Sherman Vasquez",1,35799.42381345042
Hanna-Braun,1,17746.102359306053
"Mejia Travis and Rose,",1,6963.682464820296
"Cruz, Burns Mathis and",1,10239.396320934115
Holmes-Bradley,1,24580.020545799864
Fisher PLC,2,45861.31156663665
Group Maldonado,2,87320.84323079075
Fletcher-Miles,1,16865.13923105626
Bowers-Wagner,1,43137.34758156428
"and Murray Huang, Wilson",1,33689.24730524951
"Short Guzman Hernandez, and",1,12791.982878818024
"Martinez, Campbell and Brock",1,32141.597674111705
"Alvarez, Vasquez and Price",1,17200.392975709336
"Perkins and Ross, Ward",1,22540.43194575149
Macdonald-Jackson,1,23956.59375585586
Huynh Ltd,1,39060.02139794339
"Parks Zimmerman Miller, and",1,36315.22590418309
Mckee-Taylor,1,5668.082599264293
Malone-Castillo,1,34684.067979118954
"Carpenter and Henson, Murray",1,10682.551920978127
"Peterson and Bailey, Martinez",1,48441.52286155993
"Torres and Brown, Moore",1,5381.917299888279
Inc Webb,1,20659.925092390768
Rivera-Holder,1,10673.736524755952
"and Hale, Stewart Mullen",1,18071.5644190871
Meyers-Cardenas,1,10278.20653134364
"Gray and Holland, Pierce",1,31433.446274122638
"and Jimenez Jones, Yang",1,35694.983775488305
Inc Moss,2,75155.21178056404
Mendoza-Carter,1,5207.442383323139
"Sims, Mathis Thomas and",1,27497.26401748473
Diaz-Meyer,1,11226.170960245237
"Adams Marshall, Taylor and",1,38672.10680843304
Nolan Group,1,1201.0627984432176
Gonzalez-Willis,1,33781.56828305892
"and Miller Velazquez Lambert,",1,35687.14779734782
"and Ramirez, Stewart Carter",1,40178.79012953151
"Holt and Ward, Perez",1,24030.8935739425
King-Hobbs,1,33812.83200739156
Warren-Turner,1,40238.388162382915
Mcneil-Baxter,1,22690.569469476664
"Daugherty and Robinson, Wood",1,21022.62891506061
Ltd Solomon,1,16049.85309528961
Harmon Group,1,20780.138274590143
Hernandez-Perez,1,30413.856302427354
Ho-Copeland,1,40470.8279405975
"Gutierrez, Mosley Wilson and",1,48802.5839162596
Booker-Garcia,1,16382.055347070269
"and Anderson Lopez, Mitchell",1,8771.654988435484
"Tyler, Kline Silva and",1,43006.388725735196
Parks-Stone,1,40962.5377612164
Pittman-Moody,1,29882.49931695332
"Ayala and Cruz, Wall",1,18243.134058030082
"Velasquez Clark and Robertson,",1,4329.762240986615
Sons and Prince,1,16077.10557679531
Marquez-Ramsey,1,41885.77155594139
King-Santiago,1,45010.82559329434
"Palmer Singh and Bryant,",1,41682.12119154674
Hernandez-Mccann,1,41290.43196600642
Anderson-Pierce,1,16791.868683364206
Daniels Inc,1,10581.957388754929
"Bernard, and Montoya Dixon",1,42154.913036611964
"Mitchell Russo, and Gould",1,44729.258379893785
Stevenson-Gonzales,1,15062.586884555476
"and Owens Taylor Brady,",1,5910.97264380735
Shannon-Bowman,1,2753.6367128026845
Morales-Patel,1,6500.888262126282
"Rodriguez Glover and Brown,",1,26625.497725140372
"Martin and Reed Whitney,",1,3813.56879480885
Flynn-Roberson,1,8234.185507798355
Mason-Wilson,1,41015.96115957841
"Greer Smith and Mayer,",1,35198.69871761907
Willis-French,1,11403.036493054859
"Brown Armstrong, Holmes and",1,46426.93724757435
"Fisher Smith and Durham,",1,19778.821238025776
Richards-Mack,1,35435.17015269561
Cunningham-King,1,24023.95612282017
"Shelton Johnson, and Green",1,37553.160972917416
Hall-Taylor,3,114035.47506921845
"Johnson Aguilar Hamilton, and",1,25894.009981179002
"and Glover Christensen, Jackson",1,41102.28023225341
"Thompson Ritter Austin, and",1,41270.61337531058
PLC Reese,1,9959.980043901534
"Berry and Clark Shaw,",1,13244.477995190535
Best-Ramsey,1,50658.52882138885
"Wu, Carey Sexton and",1,20593.458301514773
Shaw-Blair,1,43577.68299772993
Wong-Ho,1,42819.65106148565
Willis-Murphy,1,46633.77599198008
PLC Campbell,2,30285.83986253453
Cline Ltd,1,42891.6991190194
Robinson-Stevens,1,18808.615300017198
Hall Inc,3,53427.29815023952
Reyes-Delacruz,1,43278.39699304824
Dixon Sons and,1,22683.83665585025
Roberts-Gomez,1,12368.587706540573
"Murphy Richards, Larson and",1,36078.997301661715
Inc Mullen,2,70637.95113812463
Goodman-Smith,1,4853.940715806377
Guerrero-Hall,1,30707.621068054556
"Boyer Perez Wilson, and",1,50935.832964855676
Vang Ltd,1,32997.26607136544
"Morales Castro and Rodriguez,",1,41607.30558569613
"Wood Gomez and Davidson,",1,43453.24188118809
PLC Le,1,29394.53161753317
"and Fleming, Powell Bryant",1,17754.039840404814
Mendez-Rodriguez,2,73997.26057505279
Hernandez-Ochoa,1,24092.984444105186
"Young and Hanson Long,",1,18056.171530369757
Miller-Adams,1,20554.71138926147
"Morales Martin and Petty,",1,41941.509851771705
"Miller Bell, Owen and",1,24758.864456276984
"Jackson, and Martin Wright",1,41267.7350732154
"West, Watkins Rangel and",1,2710.0151140753496
Ltd Mcintosh,2,30757.233536414456
"and Armstrong, Blair Zimmerman",1,18466.860871965124
"Romero Calhoun, and Valencia",1,11201.959808558162
Patton-Bishop,1,4518.7453319639
"Benitez Johnson and Nelson,",1,11860.876494870592
Hall-Smith,2,94277.50797632648
"and Russell Barnes, Ward",1,2887.679304404308
"Rogers Scott, Gross and",1,35201.5434484637
"and Jones Morales Ruiz,",1,30615.53238081706
Matthews-Stone,1,20091.03840455055
"Vaughan and Jones, Abbott",1,24462.78035212144
Anderson-Hart,1,25818.570804135416
Ward-Bowen,1,2058.4507146780293
PLC Salinas,1,17243.709419110262
Haney-Jones,1,27768.0263437447
Bishop-Dawson,1,49946.49557135946
"Greene and Murphy Black,",1,12431.221026339463
Luna-Hanson,1,49505.41704557647
Group Malone,1,41904.898667483285
"and Howard Fischer Zimmerman,",1,4236.265130755954
"and Gardner Nelson Livingston,",1,9421.158944910969
Gates-Stewart,1,19285.456104743345
King Sons and,2,43336.43182295618
Taylor-Conner,1,4341.08798450008
"Garcia Higgins and Young,",1,24056.18392747037
Frye LLC,2,55827.63935343523
"Hunt Cortez Morris, and",1,16901.413055408808
"Diaz Humphrey, Gomez and",1,5699.513752629087
"Bell Mills and Saunders,",1,35810.668029235654
"Carpenter and Mcdonald Cox,",1,8555.244199429202
"Dennis Beard and Pearson,",1,46722.51590369751
Wilcox Group,1,20127.721103461703
"Wolf Fowler Mcguire, and",1,19300.34009837518
"Blake Humphrey and Matthews,",1,23155.51227253277
"Robinson and Lopez, Giles",1,9070.133765210545
"Arnold, Porter Gordon and",1,12847.738936498197
Fisher Group,2,43178.65965936046
Flynn Sons and,1,42288.01699896318
and Diaz Sons,1,40566.80221511948
"White Morgan, and Herman",1,1442.6553426128605
PLC Navarro,1,7855.637512268179
Roy-Taylor,1,6306.112388699136
PLC Charles,1,5199.866974781036
"Mathews Reed Adams, and",1,32849.28075841243
"Warren Martin, and Cox",1,13121.159974920267
"Dixon Clark and Jimenez,",1,35850.44221815871
Stone-West,2,51908.260131124145
Roach-Hunter,1,24553.123698981846
Garza-Thompson,1,17064.11936246412
"and Smith, Day Barnett",1,16639.027313002538
Moore-Lee,1,29392.75946518729
"Garza Jordan Harrington, and",1,37822.17961166732
"Evans, Meyer Graham and",1,21229.174252521276
Fleming-Baker,1,48939.50164772461
Deleon-White,1,32377.27080251699
Hardy-Burch,1,24073.70163479823
Bishop-Jensen,1,6310.216076438258
Garrison-Gomez,1,11282.66388075886
"Pollard, Marks Martinez and",1,23674.244663542268
"Ferguson Lewis, Foster and",1,41187.3393849057
Inc Valdez,1,41675.42806530669
Oliver-Martinez,1,40896.48330748426
"Bailey and Jacobson Spence,",1,24030.68090622423
Smith-Hall,1,3955.783287634775
Sons Humphrey and,1,27409.376222418356
Wood-Brown,1,8410.816799169646
"Lane Collins, and Adams",1,29822.182526514025
"Lynn Simmons, Rodriguez and",1,43844.562086382786
"and Robinson Roth Evans,",1,23867.385390683557
"Jackson Prince, Burton and",1,1447.703802588765
Maldonado-Hill,1,44082.01256449696
Soto-Lozano,1,36337.170590928195
Campos LLC,1,6407.886865393128
"and King Herring, Johnson",1,19292.87672642193
"Parker, Thomas Wong and",1,48113.0508503055
"Hardy and Crawford Green,",1,30844.900278236386
Mcdonald-Garner,1,3160.9942136855443
"and Rodriguez Hernandez, Gibson",1,44664.33187988099
"and Carey Cox Oliver,",1,2811.3778662045816
Wolf-Benson,1,22432.96381589368
"and Gutierrez Pitts Hanna,",1,48737.60405946539
Mitchell-Navarro,1,19973.46292615957
Sons Miller and,5,112509.1364034703
Sherman Inc,3,73957.27886124865
Lara-Allen,1,47270.24573913907
Inc Rangel,1,50563.79858462743
Sons and Gallegos,1,36107.40314003419
Hurley-Gill,1,44918.3237999027
Martin-Nguyen,1,39313.88983291376
Richardson-Griffin,1,3621.1616906829086
"Odonnell, Kelly Mejia and",1,45977.38136731675
PLC Haney,2,33926.369447251855
"Lee Chambers, and Foley",1,45476.561592137106
Miller-Cervantes,1,21718.19237424522
Hancock-Galloway,1,5164.536330376097
Howard-Bates,1,40841.27672501811
"and Meadows, Thomas Vaughn",1,17172.00988273984
Fowler Ltd,1,7602.570703576844
Smith-Bailey,1,28169.75691002763
"Lane Evans and Cooper,",1,4088.4493064256885
Ward-Mccall,1,9270.671585459098
"Martin, Rodriguez Osborne and",1,8602.898259638712
Garcia-Williams,2,58078.39688287813
"Morgan, Levy and Mitchell",1,40744.69476145244
Newton LLC,2,62723.81134922069
"Garcia, Gilbert Hill and",1,39578.29076706914
Hamilton-Weber,1,29525.615616840707
"and Stout, Berg Sampson",1,27901.996538733776
Serrano-Ramirez,1,14149.980683556078
Mason Group,2,48175.410587085564
"and Green Powell, Wood",1,26692.681227942587
"Torres, Martin Bell and",1,38361.09983960014
Inc Short,1,40495.6246899613
Andersen-Jordan,1,11688.910422638355
"and Gentry, Harris Pope",1,1611.7451582306064
Lawson Ltd,1,375.9634243331809
Miller-Thomas,2,64330.85120647811
"and Martin, Jones Zamora",1,17572.05235858301
LLC Hampton,1,18166.72210454108
Ward PLC,3,108728.68242955336
Sons Barnett and,1,20504.250870511773
Alvarez-Quinn,1,9205.766113380301
"Wilson and Davis Koch,",1,21426.244223747522
Phelps-Dunlap,1,5914.283317874655
"Cordova and Flores Carson,",1,38473.07808206631
Weber Inc,2,27793.22447553536
Jones and Sons,1,12354.822212991576
"Porter and Sheppard, Wood",1,11452.656223097278
Cook-Johnson,2,56443.42213867846
"Hopkins Hopkins, and Dominguez",1,24256.987802345735
LLC Walker,2,39736.60500672983
Miller-Hill,1,27499.37910252653
Scott-Simpson,1,25007.645932152464
Burton-Taylor,1,11712.833378831156
"Brown Rasmussen and Garza,",1,48467.92706484619
"Silva Bradford, and Liu",1,3249.132886651286
Warren-Hubbard,1,16732.442337328484
Mendez-Robinson,1,2534.0926418526733
Bennett-Ramirez,1,20493.74061586715
Roberts-Johnson,1,32396.898988004836
"Garza and Johnson Gordon,",1,14953.952769176136
"Nelson Blackwell, Durham and",1,30027.28602679044
"and Williams Baker Patel,",1,44827.55239935749
"Little Robinson and Parker,",1,15771.949766415979
Jackson-Brown,1,27514.543808828977
Ferguson-Clark,1,42511.18361952181
Phillips-Brown,1,4889.47237489868
Pope-Thompson,1,9807.05398336664
Schmidt-Allen,1,32952.31834797676
Vasquez Group,2,74580.7128958982
Inc Michael,1,18492.0194857036
Mendoza-Lee,1,24973.39705772509
"and Rivera Hudson, Rowe",1,2538.9779677750357
"Gray, and Cross Norman",1,6343.9012918321505
"Myers, and Chan Taylor",1,5265.365458556698
Parker-Stein,1,31105.838249784756
"Rose, and Pacheco Curry",1,6724.895964146451
Williams-Mitchell,1,6978.3748589860925
Barr-Fowler,1,44816.891028688406
Jones-Burns,1,44262.772510793955
Henry-Stevenson,1,22478.995051254118
Ltd Palmer,1,37664.42330646888
"and Morse King Combs,",1,44856.86993577436
"Gonzalez Crawford, Fuller and",1,34203.28978890553
"Washington and Carrillo Carter,",1,6705.775616508595
Burns-Watson,1,11005.885221672159
Winters-Carter,1,1697.770660834355
Lozano-Garrison,1,34189.27723611679
"Espinoza, and Johnson Mays",1,44512.33022497947
Green-Soto,1,33086.30944470466
Preston-Pruitt,1,18845.05427909606
Thomas-Thomas,1,23004.266988392723
Martinez-Duran,1,13428.38646002146
Thomas-Holder,1,41376.511367607
"Hendrix Bennett Gentry, and",1,24408.157610504546
Sons Ellis and,1,7009.611051246104
"Jones Johnson, Mendoza and",1,49338.236686467455
"and Hartman Williams Rose,",1,41004.109080369686
"Deleon and Dennis Holland,",1,6426.628466751251
Foster-Mills,1,39958.21193351306
Robinson-Bell,1,25513.704669485247
Holmes-Johnson,1,15851.27449446547
Kim-Hines,1,5155.481063619588
LLC Zavala,1,38369.88844631707
Wilcox-Rodriguez,1,41397.26899544062
Ltd Wilson,1,39490.34085782765
Inc Skinner,1,46814.011195111656
Rosales-Johnson,1,38606.963796832526
"Carson and Nielsen, Buchanan",1,25709.584431718995
Taylor-Wilson,2,63126.12323678438
LLC Coleman,3,103590.94700122345
"Henderson Carpenter and Barrett,",1,3548.051648233741
Hudson-Flores,2,51126.45256523189
"and Gray Smith, Jennings",1,1990.269053330718
Group Smith,14,395966.92627360625
Maldonado-White,1,31484.41349196313
"Johnson Smith Carey, and",1,33215.977759537585
Hayes-Walton,1,37307.01460505812
and Sons Bruce,1,7249.7079236522695
"Eaton and Ryan, Allen",1,14274.970581303096
"and Yates Serrano, Henderson",1,9436.345600294013
PLC Harrison,5,172749.84746425095
Hill-Rogers,1,6395.246268325094
PLC Dorsey,2,62805.5429456782
Haas Ltd,2,31302.084098100157
and Evans Sons,4,106645.09372352855
Wang-Barker,1,35810.09633674239
Ltd Francis,2,56864.97290157674
Copeland-Martin,1,18994.18744967237
Cameron Inc,1,33506.66210873863
Aguilar-Hill,1,47819.38620596655
Duncan-Howell,1,17678.361937504418
"Carrillo Watkins and Carter,",1,1611.4899885113473
Burns-Hernandez,1,30515.52980080898
Sons and Singh,1,39398.31235711333
"Rogers and Meza Callahan,",1,28597.787018984072
"Ramirez and Vasquez Jones,",1,39796.10691216564
Davenport-Simpson,1,38025.74790759397
Jones-Velez,1,8714.604951480975
Love-Howell,1,26788.23176998445
"Martinez, Cunningham and Shepard",1,1092.2498478368407
Carey-Williams,1,15582.370417354541
Daniels-Higgins,1,38138.429061353934
Lamb-Bowen,1,6798.734613182812
"and Williams Parks, Meyer",1,48747.02994003079
Inc Horne,1,23017.576433495487
"and Mills Hall, Arnold",1,5225.061453343393
"and Short Davis, Romero",1,50118.13333837247
Burns-Hill,1,44129.299558677274
"Avila, Smith and Meyer",1,45717.443134609355
"and Taylor Walker, Stokes",1,6628.592828997017
"Parker Hughes and Larson,",1,2988.1829559276603
Thompson-Williams,1,30974.409494613872
Group Butler,3,94935.6942626196
"and Cole Montoya Miller,",1,18324.578567840446
"Norris, and Diaz Howard",1,37172.09942905722
Whitney-Simpson,1,14657.49807581418
Hall-Grant,1,12108.685442845715
Levy-Robertson,1,15801.916105240158
Vargas-Downs,1,14969.454646696295
PLC Webb,3,74621.72608942116
"Crosby and Williams, Salazar",1,23803.937105830923
Smith-Perry,1,2062.308418903126
Frye-Perez,1,77.53511307754843
"Warner Romero Boyd, and",1,13666.693398801091
Gray-Suarez,2,42742.780927571555
"and Underwood Evans Morgan,",1,13138.359651231878
Flores-Hall,1,27066.23749056409
"Horton Kennedy, Melendez and",1,1123.1182776633361
Ibarra PLC,1,28916.167341271033
and Donovan Sons,1,41922.71245576928
Lopez-Greene,1,45828.6801437743
Rowe Inc,1,47243.06132517926
Weber-Warren,1,21879.766347982884
and Sons Rogers,2,53024.2202486125
"Phillips Johnson Roberts, and",1,23271.666113161547
Weiss-Johnson,1,47099.628912759516
Sons Brown and,2,34143.180963523744
"Gilbert, Savage Mays and",1,4714.13353933589
"and Colon, Hamilton Hall",1,45975.05775356184
"and Myers Blanchard Walker,",1,30759.19464870955
Velasquez-Parker,1,9122.347064608628
"Meyers and Bowman Hill,",1,44271.87718673625
Rogers-Gonzales,1,21714.06045166436
Anderson-Smith,1,45515.10006429531
Group Blankenship,1,18808.106261183308
"Green Steele Sims, and",1,43425.75851124042
Phillips-Jones,1,40629.294860916576
Miller-Long,1,38951.96974577675
Gomez-Roman,1,40946.58865531346
Christensen LLC,1,26508.041265317777
"Hayes and Ruiz, Carroll",1,3949.798588545761
"Christensen and Parker Jones,",1,35811.154114344834
"Martinez Jackson Harding, and",1,44920.72485887102
Roach-Zamora,1,47804.52823384453
"Nicholson and Hendricks, Miles",1,30977.903965906047
and Short Sons,1,27416.70838769109
"Blake Banks and Saunders,",1,48811.58278064631
"Hart Bell Koch, and",1,38301.682351152485
Inc Morris,1,5495.1337508678425
"Scott, Delgado Green and",1,45240.34076564392
Bell-Buchanan,1,2878.0024437955544
Parsons-Cole,1,38048.70724987516
"Green Cooley, and Brown",1,8072.970196234013
Gray-Barr,1,9773.697993479145
"Garner Martin Hall, and",1,41592.265460038936
and Jackson Sons,1,26600.39957735823
LLC Cobb,1,34196.36821934346
Farmer-Phillips,1,22224.86499139306
Wyatt-Guzman,1,9976.740126020457
Wright-Ellis,1,30311.96676350029
"and Arnold Watkins Fleming,",1,10835.094457374955
"and Conrad Boyd, Burnett",1,45157.47112483898
Powell-Werner,1,17012.50740222721
Farrell-Lyons,1,22720.333703383392
"and Alexander Crawford Graham,",1,27507.042983304127
PLC Vargas,1,3311.874195424285
"Paul Watts and Perkins,",1,33118.52901962596
Ltd Brown,13,368340.98476128664
Schroeder-Walker,1,23094.17705497517
"and Johnson Morales, Smith",1,45321.37345797754
Nguyen-Hart,1,30206.874120107226
Gomez and Sons,1,40136.96818039699
Barnes-Norris,1,40408.8818098275
PLC Ritter,1,29245.586038150617
"Smith, and Lowe Gross",1,20257.981249099375
"Evans and Ryan Phillips,",1,32617.349504752066
Rogers Inc,2,31524.70894064013
Ltd Simpson,2,31233.5030604829
"and Massey May Lopez,",1,25707.185727347733
Smith-Sanders,1,30369.45335977684
Case Ltd,1,9906.73640451477
"Silva Grant Wagner, and",1,32765.496424484365
Smith-Hill,1,21158.745009124526
Smith-Richardson,1,1549.033521524162
"Anderson Ruiz, and Alvarez",1,21556.398909377745
Group Lowe,1,20884.04575373695
Anderson-Fowler,1,4821.251141979334
Elliott-Howell,1,9374.034552779196
"Sanders, Peterson Thomas and",1,21904.070250039877
Turner-Henson,1,27920.321877557966
"Perez and Cook, Hines",1,12264.637810472737
Ortega-Rice,1,3847.974319072192
"Johnson, and Gallagher English",1,42856.63233821025
Bennett-Murillo,1,49699.61368016204
Sexton Group,1,32826.41798546768
"Lee Meyers and Wilson,",1,17771.32230112878
Chavez-Wilson,1,43578.33920001726
"Richard, and Bradshaw Campbell",1,15267.924991461536
Rivas-Sanchez,2,37467.91673815293
Duncan-Anderson,1,24199.64137048959
Wiley LLC,2,30327.859097908782
Jenkins-Garner,1,35877.363210335425
Russo-Davis,1,19730.70122240804
Duarte-Baker,1,49827.51976796276
King-Hernandez,1,9040.934627194743
"Obrien Hammond, Martin and",1,10645.013307404193
"Barrera and Valencia, Rangel",1,11519.226978857156
PLC Boyd,1,5310.1607802782955
Perez-Hernandez,2,74402.85443578096
Murphy and Sons,1,12078.913584970225
Alvarez-Smith,3,86604.84319324016
Inc Carson,1,23022.997649797577
Sons and Dixon,1,1633.4056728303217
"Hernandez and Randolph, Butler",1,17255.789902997712
"Carter, Davis Miller and",1,21162.80942534863
Armstrong Group,3,53595.01490047951
Downs-Washington,1,3436.150791123349
PLC Waters,2,53622.752713359674
Rhodes-King,1,35155.91849668284
Inc Boyer,1,18013.046177277334
"Barber Benson, and Perry",1,25911.74863834084
Group Vasquez,1,27416.8381730173
Wallace-Odonnell,1,7287.638001621912
Perry-Dunlap,1,6944.608928304029
"David, Cunningham and Shaffer",1,15076.564342249174
"and West Sullivan Wallace,",1,46179.751119611305
"Morris Ray Aguirre, and",1,11035.638522181976
Hale-Anderson,1,39992.391970957
Dunn Inc,1,42587.00027404171
"Reynolds and Mckenzie, Carpenter",1,21423.604365623494
Bailey-Rivera,1,36700.30320006191
"and Adams Figueroa, Edwards",1,10233.222782772773
Murphy-Brewer,1,5867.838768921389
Scott-Hernandez,1,13630.349712337144
Ortiz-Ryan,1,49028.83019480012
"Baldwin and Santos Potter,",1,39215.79703746986
Shepherd-Franklin,1,16244.133115136328
Ltd Mendez,1,42242.437943484816
"King and French Ramirez,",1,-32.34872934198097
"Church, Smith and Rose",1,43904.71052208108
"and Molina Cameron Evans,",1,5735.190311563885
"Smith Miller Cochran, and",1,12748.127170103604
Byrd-Fernandez,1,32235.4831643404
"Aguilar Adams, and Morrison",1,49348.81063989308
Bailey-Wallace,1,3708.2293416245066
"and Reynolds, Barnes Martinez",1,10060.02109644967
"Conway and Benitez Jackson,",1,49147.33458833059
Martin-Hall,1,25281.97307422005
"Randolph, and Stein Huber",1,37355.42294611566
Lee and Sons,1,11261.954120339986
Lyons-Riley,1,20912.79017224991
"and Wilson Glover Smith,",1,11947.553187208972
"and Reeves, Rosales Hernandez",1,20975.108384279018
Hunter Ltd,2,80790.77947767207
"Henry, Hammond and Hunter",1,42589.07665523185
Jackson-Johnson,1,6848.255342889977
"Bell Allen and Smith,",1,49055.465633050124
"Hudson Downs and Sutton,",1,32807.4497019552
"Trevino, Randall Mason and",1,5125.964480453239
Montgomery-Spears,1,38135.99417010266
LLC Lynch,1,6801.353984950957
Chang-Vega,1,19976.99814760886
"Mccoy, Ruiz and Contreras",1,4356.430677746514
Wilson Group,9,222457.62172005157
Scott-Kelly,1,39723.16605142787
Gomez-Olson,1,27414.018804721723
"Mcgee Patton Aguirre, and",1,43393.92291514785
Rivera-Peck,1,37194.263984150224
Davis-Martin,2,77299.10897760247
"Smith and Mann Spencer,",1,33812.09798522226
Miller-Wilson,1,15170.336972005152
Long-Golden,1,28035.937828739847
Morris-Taylor,1,9629.32373734053
"Rodriguez and Taylor Sanchez,",1,32679.282472369647
"Young and Conway, Ross",1,20225.621969738317
and West Sons,1,33875.657873095995
"Potts Harris and Ortiz,",1,32161.662624098695
"Miller Blake Davis, and",1,1687.3647667780806
Morgan-Obrien,1,44653.28998183689
Hawkins-Smith,1,42322.57701924717
"Palmer Barnes and Turner,",1,32235.035307031365
"Barnes Rodriguez, and Stephens",1,36329.06792069845
Waters Group,2,48099.429216734905
Dillon Ltd,1,21300.463036311583
"Parks Young, Simmons and",1,2049.0498666441044
"Henderson Ramirez, and Smith",1,37581.981222654904
Stark-Rodgers,1,3713.926269836264
Lopez-Allison,1,11465.398785344001
Morris-Parrish,1,25674.7353647938
Woods-Pope,1,48795.411052204305
Horn-Macdonald,1,47662.633157315526
"Walters and Orr Butler,",1,10259.20022173271
and Sons Morton,1,35571.41624817852
"Gomez, and Grant Harris",1,30535.477144108198
Porter-Mueller,1,2586.6243383778387
Wright-Johnson,3,67174.95103604448
Wagner-Gomez,1,4321.761925600697
Mitchell-Sharp,1,17640.556707539632
Flores-Harvey,1,6114.95351787573
"Brown Taylor, and Cortez",1,41054.583625644016
"Smith Oneal Willis, and",1,29273.21352360454
Silva-Davis,1,41725.502442360375
Inc Brooks,1,10199.29472010686
Macdonald Inc,1,36473.51705365066
"and Williamson Barnes Johnson,",1,42505.203990775786
"Stein Allen, and Rodriguez",1,18137.55176222005
Dickson LLC,1,32288.82054168438
Moore-Johnson,2,68063.29425201268
Kennedy-Cochran,1,5096.93424373011
"and White Brown Ball,",1,35312.62637881412
"Rodriguez Meadows, Kelley and",1,39462.69457127228
Cobb Group,1,11012.672426144309
"Hall, Velez Coffey and",1,12283.943903574147
Group Guzman,2,45114.925920249894
Austin-Ward,1,30934.376099471683
"Cole and Black Lopez,",1,47521.1226705959
"Mcgee and Smith, Cabrera",1,44072.24753762481
"Sandoval Mann and Anderson,",1,17176.259508572934
"Barnett, Lopez Johnson and",1,23919.454651968397
Nelson-Payne,1,35094.90881629115
Inc Woods,3,50195.91909930974
"Ayala Clark, Buchanan and",1,45432.094200550855
Johns-Gomez,1,19288.996234575487
PLC Wallace,3,77388.94492458535
"Marks, Cowan and Everett",1,9260.268312813376
Bates PLC,1,36802.8595521706
Mendez-Davis,1,36733.78754988558
Santos-Bowman,1,30893.531429977338
Pace Ltd,1,46922.357217232995
"and Reynolds, Pope King",1,153.50422842909393
"Alvarez Maldonado, and Oconnor",1,44408.94934284485
Watts-Pierce,1,21210.989371209107
Young-Potter,1,11775.386655548322
Lopez-May,1,16608.881420486123
Crosby-Cox,1,34288.962205982585
"and Barker, Hill Sellers",1,43916.591846198775
"Pittman, and Watkins Smith",1,6983.515342806136
"Flores, Miller and Rodriguez",1,37659.01794212059
Conley-Ward,1,46568.37985140111
Richards-Lopez,1,8826.63116245579
"Williams Johnson and Lee,",1,19245.61579740769
LLC Lane,1,8023.3471114802505
Robinson-Marshall,1,28217.73605143661
Ltd Mosley,1,37144.35422138369
and Sons Dyer,1,37437.7108529934
Browning-Williams,1,37489.852916081065
"Sharp Lopez Brown, and",1,35848.65576301347
Salinas-Hart,1,16585.5193739514
"and Johnson Hernandez Morgan,",1,7929.4069019196995
Sharp-Neal,1,42765.26002532988
"Bernard, Griffith and Garcia",1,47192.60879274956
Group Weeks,1,24393.129297912554
"and Gilbert Walker Russell,",1,1775.059673010162
Ryan-Weaver,1,43511.22072288044
"Stokes and Hall, Kirk",1,48437.96058321163
"and Bush, Castillo Williamson",1,13839.814947048086
"Gould Smith Phillips, and",1,22236.61690696753
"and Contreras Miller Webster,",1,10107.299106180106
and Sons Shepherd,2,71202.00114287976
Smith-Kelly,2,75682.05536052553
Hall-Bentley,1,37951.66490984979
"and Mendoza Rich Morales,",1,25574.127619098694
and Harper Sons,1,6252.083556536573
"and Day, Lewis Coleman",1,2568.011966680983
"Mendez, and Smith Munoz",1,45208.33769440676
"Chan, Goodman and Gould",1,22545.929230901325
Ryan-Miller,1,16972.595476496856
Campos-Martinez,1,23797.903866963607
Riddle LLC,1,1398.8764619286871
Sullivan Group,1,32365.231654905892
and Sons Torres,3,56266.2688726489
Bailey Inc,2,51870.56301371649
"Wallace, Wu and Macias",1,29086.83210539754
Lopez-Flowers,1,38693.98620344489
Garcia-Newman,1,20408.800897521443
PLC Marshall,1,3745.4487733641545
Hall LLC,5,142901.86471573316
"Lopez Macdonald Gutierrez, and",1,16153.008623777081
Hunter-Bolton,1,11089.035258559086
Price-Jackson,1,35877.29030799016
Morris-Oconnell,1,2306.022163255096
Ramos-Brown,1,37806.96965626052
Graham-Barnett,1,25747.81168454299
Brennan-Brown,1,9690.864485561524
"Proctor and Smith Sellers,",1,2620.551706244289
Group Stokes,2,81012.72610816438
and Sanchez Sons,3,85556.80316374193
and Ferrell Sons,1,9363.68742875969
Inc Erickson,1,8525.84477127109
Medina-Austin,1,5531.337237376757
Sawyer Inc,2,45993.10152208141
Zhang-Sullivan,1,31510.29610730405
Acevedo LLC,1,23600.500940186557
Blackwell-Alvarez,1,14496.486226415274
"Jones and Collins, Harper",1,34770.25784651836
Gomez-Gibson,1,15133.22925707651
Walker-Butler,1,43732.8149291442
Harris-Walker,1,10480.198294342077
"and Freeman, Berry Castillo",1,30526.57319297889
White-Hansen,1,7256.6473019399
Flores-Riley,1,36623.615867554356
"Lee and Anthony Torres,",1,8733.905736504648
Ltd Singleton,1,4423.69349041299
Inc Hill,3,25868.37645108978
"Russell and Gordon King,",1,25531.933424126433
Marquez-Wells,1,24620.77107526951
"Allen and Ho Wheeler,",1,35700.69481734484
Wilson-Fletcher,1,26921.727082763577
"Barker Rivera, and Hernandez",1,23092.2075148
Rojas Inc,1,40608.92879642415
Price-Brewer,1,682.7701818128
Sanders-Dickson,1,2887.6593891675234
Inc Allen,5,138636.9645121172
Hernandez Inc,2,25709.591105722142
Baxter-Wilkerson,1,34298.408396892766
Phelps-Hunter,1,29466.15091876177
Gilbert PLC,1,47686.25025696637
"Gray Booker and King,",1,50174.621901254395
Martinez-Myers,1,46719.740639386815
"Marshall, and Cline Kemp",1,4073.615613880923
"Lam Henry and Baker,",1,12675.182748458232
Ltd Stout,1,49465.54961575873
"Flynn Thompson Jacobs, and",1,28388.229595219207
Ayala-Sandoval,1,43770.8607834903
"Monroe, Harmon and Walter",1,16662.839112822378
PLC Wells,3,100799.29416485596
Rivas-Davis,1,2786.6758848964473
Brown-Carter,1,20720.00079990908
"King Diaz, Bennett and",1,33114.550468860274
Sullivan-Snow,1,30789.048360057634
Fuentes Inc,1,16713.437169704877
"and Walsh, Montoya Peterson",1,12993.27532241198
"Scott Hernandez and Smith,",1,27566.49223440817
"Gonzalez, Ward Hobbs and",1,3806.4869187137565
"Lawrence Young and Fleming,",1,30038.14706490203
Shah Ltd,1,4438.535141677357
Schaefer-Salazar,1,49086.61390872284
"Schneider, Carter and Williams",1,46761.08832563143
"Thompson Lowery, and Castillo",1,5664.228601194165
"Brown and Skinner Woodward,",1,2095.196240609877
"Lara and Clark Copeland,",1,26555.300301928903
Romero-Meza,1,28678.641498744266
Osborne Ltd,1,47366.789473838675
"Wade, Johnston Gross and",1,30125.04784645681
Navarro-Casey,1,27508.199365012057
Meza-Thomas,1,9724.304531322694
Mitchell-Clayton,1,20189.500980406818
Prince-Wheeler,1,14036.43372889895
LLC Gilmore,1,42534.45762491667
Monroe-Richardson,1,20627.707070471693
PLC Griffin,1,17777.585998645627
"and Arnold Johnson, Edwards",1,42752.17768289156
and Sons Brooks,1,4137.979557080389
Velazquez-Noble,1,5884.72629002732
Ruiz-Craig,1,40355.29039549667
Thompson-Murphy,1,5369.332049746567
Carroll-Garcia,1,29199.37397826343
Moreno-Williams,1,11317.125977445521
Meadows Ltd,1,35330.4082221397
"Fischer and Sims Garcia,",1,38402.937268099275
"Arnold Graham, and Barnes",1,48921.30603472768
"Moreno, Turner Owens and",1,15971.344193570027
Henderson-Bernard,1,26919.585237804087
"Wiley and Davis, Hardin",1,13303.599024679004
Murillo Group,1,16035.447232093631
Ltd Morrison,2,32095.586229866618
"Ross, and Davies Perez",1,27292.01983749278
Kline-Morrison,1,47913.691433574946
Mcgee PLC,1,8003.230235158324
Jimenez-Diaz,1,18807.708768871922
Schmitt Inc,1,4459.871402082541
Rojas-Maxwell,1,11433.092882743864
"Liu, Smith and Adams",1,33785.63794555665
"Stokes Chambers and Martin,",1,11311.327347997592
Miller PLC,11,334536.62735165574
"Mullins, Gray and Reed",1,27481.33147848497
Rhodes-Kelly,1,31419.11937249911
"Martinez, and Snyder Hill",1,10443.677769777873
Peterson Group,3,103198.62552520864
Bailey-White,2,16447.005109645557
"Buck and Delgado, Rich",1,21690.797971472864
Martin-Terry,1,29245.254604923004
PLC Davis,7,107893.83751528343
Inc Cannon,1,50437.74621614325
King-Fowler,1,10276.908691971597
"Wright and Hart Brown,",1,41044.12578769889
Sims-Hudson,1,5689.596690960121
"Jordan Gallagher, and Reid",1,33442.01642037018
"and Flores Sharp, Ross",1,39689.829649228705
Sanchez-Wilson,1,20433.960807313364
"Brown Callahan and Perkins,",1,3163.6513463462134
"Wilson Young, Ballard and",1,4434.138097678919
Howe Inc,1,30663.63099362238
"Wood Vazquez, and Herrera",1,22491.18422461488
Butler-Pope,1,30839.34763401574
Coleman-Rose,1,17321.723118504684
Waters-Chapman,1,15046.740223640638
Obrien-Ruiz,1,15035.038312751993
Kim-Skinner,1,11766.77148506115
Pittman Group,1,1586.6824737532318
Rivera-Wolf,1,6769.057592260325
"Rosales, Freeman Foster and",1,31769.65792226515
Mcguire Ltd,1,29316.97595411687
Liu LLC,2,67022.55265953443
Sons Ramsey and,3,51002.98792738184
"Guerrero, and Chan Wright",1,32253.459189360365
"Clark, and Martinez Wise",1,41206.465821192134
Lucero-Bennett,1,36890.54873447192
PLC Vega,1,9342.355460901445
"Olsen and Lewis Zavala,",1,21302.77586671075
Johnson-Young,1,13385.077912699633
Mayo-Bishop,1,43535.9201989879
Green-Winters,1,17579.27794409223
Hill-Hensley,1,30067.04934364498
"Collins and Wright, Garrison",1,40056.92882115591
"Cruz Morris, and Elliott",1,38821.6510848986
"and White Smith, Carroll",1,28085.737569152632
Hernandez-Bradley,1,37442.452496458405
LLC Casey,1,31639.284794865376
"Lara Martinez, Black and",1,29648.300804987695
Ayala-Moore,1,22033.608819101482
Dunn-Johnson,1,32736.418118145633
and Walton Sons,1,45345.62133937962
"Johnson and Rogers, Rose",1,36639.55437153933
Mathews Sons and,1,30535.5287099088
Sandoval PLC,2,34175.65397073773
Sandoval-Barnes,1,11694.68112923628
"Garcia, Nicholson Smith and",1,9594.144495757684
Smith-Shannon,1,47704.79305225368
"Ferguson, Maldonado Johnson and",1,13020.770898691255
"Jackson, Brock and White",1,49352.87652781739
"Myers, Gibbs Johnson and",1,3303.8669039508204
LLC Ingram,2,85724.97438464258
Estrada-Bradley,1,5949.011924296158
Rose-James,1,33969.80083979518
"Stevens Fitzgerald, and Ballard",1,26740.65180063589
Davis-Cunningham,1,50226.83619112694
Hall-Jimenez,1,27661.213677018273
Robinson-Patterson,1,10410.450657327821
Watkins LLC,2,54919.45699948979
Cook-Green,1,30682.353683440382
Romero-Morris,1,37553.37937057799
Ellis-Kim,1,27300.1866707793
Townsend-Harris,1,30704.641691302662
Black Group,1,21284.947055746066
"Knight, and Lucas Harrison",1,34492.67703912533
Sons Turner and,1,32570.437416361452
"Edwards Pearson, Grant and",1,17296.27689202171
Burns-Wright,1,13417.356621487417
"Underwood Young and Griffith,",1,42864.80378997133
Baker LLC,3,52592.895383119525
"Bautista Torres Powell, and",1,30164.259335608444
Long Group,1,6137.856602795952
PLC Newman,1,5095.746426757896
Walters-Clements,1,25163.38012344073
Palmer-Curry,1,33490.55513215567
Moore-Morales,1,41384.1134890976
Bell LLC,1,44980.43502631739
Huynh-Edwards,1,16484.632821003874
"Norton Frazier Brown, and",1,22001.803406382285
"Williams and Walton Mullins,",1,48546.297726148085
Kelly-Taylor,1,37959.86759259161
"Price and Bennett White,",1,5025.4217343007
Rivera LLC,1,2457.1803373189837
Smith-Garcia,1,12152.074262530265
Clark-Perry,2,61639.92543565854
"Soto, and Porter Leon",1,14370.790422859835
"Collins, and Fields Campbell",1,39255.67773807829
"Ellis and Montgomery Morgan,",1,48522.17210928123
"Baker, and Perez Silva",1,13802.044428764302
Johnson-Swanson,1,26530.205604673807
Cline-Watson,1,43748.8205048959
LLC Reid,1,25363.563226854665
Holloway PLC,2,39031.20017432474
Dennis-Roth,1,21534.715569914784
Golden PLC,2,44793.114075541
Anderson-Estrada,1,31497.55487513616
"Lowery, Dunn Anderson and",1,28452.783487972167
"Salazar Newman White, and",1,16509.89322817477
"Scott, Moore and Brewer",1,17679.02667815954
Green Group,3,59865.2277713257
"Hill, Fernandez and Sullivan",1,37787.63976860968
"Rowe, Stone and Patterson",1,49.45011677425987
Morris-Rowe,1,35624.96549525986
Watson-Pugh,1,40606.79222470576
Palmer Group,1,31585.608582022203
"Lee Rodriguez Hobbs, and",1,34215.3729503565
"and Melton, Lee Williams",1,47504.707030294754
Ltd Moore,4,82152.44483192505
"Lee and Miranda, Watson",1,32401.70163191514
"Strong and Bell, Ortiz",1,13330.265767251645
Franklin-Johnson,1,16511.403059405176
PLC Fisher,3,55155.18064941438
Group Snyder,4,72710.52620147841
Green-Sharp,1,16611.90479341203
Harris-Wallace,1,29072.341870715696
Jones-Clay,1,23088.507570405538
Coffey Group,1,33833.54659041168
Anthony-Nelson,1,45625.881988894704
"and Baker, Anderson Powell",1,10730.443432798436
Roy-Sandoval,1,45982.18083541473
Barton-Sanchez,2,75191.85360991859
Inc Weaver,1,21853.813859828995
Sons and Huber,1,36507.877630907875
Beck-Kim,1,22509.227379926288
Baker Inc,3,43657.942706949994
Wheeler-Adams,1,27319.467477024733
Gibbs-Spencer,1,2800.4555134302045
"Rodriguez, Roberts Jacobs and",1,40893.86876947311
"and Cummings, Davis Pierce",1,3497.7985281280817
PLC Morgan,3,128373.32064577451
Group Reed,3,61394.328841725626
LLC Calderon,1,4082.3864373403776
"Duncan Salazar Hayes, and",1,40442.81418429089
LLC Adams,2,81441.2072994902
"Smith Adams, and Owens",1,49676.97432043518
"Mccarthy Payne Walter, and",1,7960.683963650105
Leonard Ltd,1,42486.88953894216
Richardson-Murillo,1,16343.145622814847
"and Walsh, Jennings Lee",1,5077.6175489029165
Patel-Arnold,1,17514.78468787747
"Lewis and Garcia Adams,",1,8233.112906809662
PLC Roberts,3,57320.777823083736
Myers Group,1,41104.35318829387
Snyder-Rodriguez,1,29048.711562248915
Smith-Jones,3,77308.6831090807
"Sharp and Jones Allen,",1,14651.18705758511
"Pierce and Wu Jimenez,",1,20829.07447649198
"and York Jones, Jimenez",1,26251.71505929023
Pena-Poole,1,43399.373585744
"Green, and Johnson Patel",1,5568.115529489039
"Gutierrez Vargas, and Snyder",1,38737.71584415199
Graham-Carroll,1,14137.286361339382
Sons Larson and,2,20244.57281074627
Hernandez-Torres,1,29746.30078822662
Bell Inc,1,20821.348853916614
Velazquez-Turner,1,3055.771438272944
Buchanan-Jones,1,30448.78886098908
"and Crawford, Davis Riggs",1,36014.08567349039
Banks-Gay,1,28656.794186600102
Campbell Group,3,37150.68924466329
Jenkins-Robinson,1,16920.033538979573
Wyatt-Padilla,1,10537.83317724508
Green-Gomez,1,24256.202308197513
Allen-Cunningham,1,42499.4729541522
LLC Larson,1,45133.36040658001
Clark-Patrick,1,45575.15821497091
"and Coleman Pace West,",1,33655.998849133
Charles Sons and,1,46781.736133670376
"Le Meyers, Smith and",1,36317.96775291872
"and Herring Freeman, Tapia",1,46434.136848986986
"Mckenzie and Gonzalez Cruz,",1,43304.92516462928
"Herrera and Carter Briggs,",1,44688.32714505351
"Mckinney, Sanders and Sanchez",1,5724.758815711153
Hunt-Norris,1,33259.57448598512
Pierce-Thompson,1,12725.560230729221
Nguyen-Adams,1,35005.10906765746
"Griffin and Dickerson, Ramos",1,38312.50735482071
"Ali, Cooper Gilbert and",1,24297.270546429478
Peters-Kemp,1,8059.911748784471
Hawkins Group,1,16017.621723786633
Hernandez-Gonzales,1,40697.62382412225
"Martin Reed and Miller,",1,48064.4347889712
Burnett Inc,1,1608.706084061881
"Leblanc and Phillips, Ramirez",1,2355.3389296248597
Webster-Martin,1,43400.236821439226
"Torres Davis, Wilson and",1,26484.208452548453
"Chapman Lewis and Dorsey,",1,45086.193004413144
"Johnson and Carrillo, Thomas",1,28005.292847985504
Alexander-Villa,1,6240.272939476931
"Olson Frank, and Simon",1,39308.71439698318
Sons and Harding,1,14892.466226547118
"Thomas Booker, and Thomas",1,4898.131698659
Kemp-Jenkins,1,16964.227584682005
"and Griffin, Garcia Carney",1,5922.0980464094655
Silva-Huffman,1,46589.15037794688
Byrd LLC,1,27186.169874884392
"and Hughes Thomas, Newton",1,49824.93057213498
Anthony-Ortiz,1,36887.514732872645
"Wilson Manning, and Flores",1,35343.30647819561
Gates-Monroe,1,36979.88364604472
Foster-Bush,1,8452.177480423661
Vega Inc,1,6201.898752732086
"Singleton and Davis Lynn,",1,44283.55959054227
Sons and Strickland,1,46532.0715189392
Spencer-Carey,1,42932.37739781859
Thompson-Adams,1,30731.620159773447
Clark-Montoya,1,15715.478662570353
Sons Mccoy and,1,26468.711412656165
Diaz-Martin,1,47985.80708883075
"and Sutton Gomez, Clark",1,36211.744177835295
Andrews-Carter,1,7918.5269685232415
"and Mcdaniel, Levy Webb",1,15254.97051757003
"Williams Ray Castillo, and",1,5939.602438773038
"Clayton and Smith, Edwards",1,33291.53595207492
PLC Edwards,1,4047.098685600189
"and Terry, Little Hernandez",1,32714.15455404908
Lawrence-Terry,1,40219.59242116286
Gonzalez-Quinn,1,11695.017370903317
"Cisneros and Snyder Diaz,",1,23312.017686206193
"Peterson, Riley and Porter",1,24586.177464934513
"and Wilson Jones Velez,",1,38628.634419968956
Austin-Moore,1,9063.975740580181
Inc Parks,1,3008.35297807519
Porter-Murphy,1,17580.812079513926
"Hernandez Rogers and Vang,",1,37909.78240987528
Espinoza-Stone,1,9380.325967528432
"May, Mullins and Martin",1,43567.14415797098
Cook Ltd,3,97807.73075970255
"Lopez and Shepard Smith,",1,26504.86591103471
"Bryant and Thomas, Smith",1,16267.126606894102
"and Daniel Bryan Brown,",1,4250.200821159205
"and Walker Smith Cannon,",1,34469.85259068526
Dawson-Baker,1,16660.530070844536
Ltd Carter,5,202214.05423262113
Bryan Inc,1,39201.821177162274
Bishop Ltd,3,68336.51707369882
Wang-Jones,1,33207.14310841411
Inc Franco,1,34615.876165279326
LLC Buchanan,1,31267.51096663727
Jackson-Morton,1,34965.18743660104
Lester LLC,2,56722.07411696671
Bauer-King,1,40307.35456896069
"and Warren Hurst, Nelson",1,28071.484114461837
"and Berg Molina Dennis,",1,45637.28388379718
Lawrence Sons and,1,47891.03555565048
Ltd Roach,1,21851.37787471369
"and Lewis, Edwards Harvey",1,33458.0091233637
"and Riley Compton, Morris",1,37596.30460413305
"Johnson and Rivera, Allen",1,30100.510938908614
Ltd Cameron,2,66814.56358361832
Pierce-Sanchez,1,36896.48090789279
Ponce-Newman,1,8041.540898243607
Bowman-Molina,1,48522.92914571345
Thompson-Tucker,1,47852.71901825278
"Rodgers and Perkins, Anderson",1,19389.10179733756
Collins-Hayden,1,43151.84497418882
Group Saunders,2,57306.33901440243
Moreno-Mccormick,1,9562.368525486801
"Hawkins, Tucker Smith and",1,49349.263652343
"Warren Jenkins and Jones,",1,36324.42335703248
Berg-Cooper,1,10343.271620293011
Group Weaver,2,48036.351663243026
Cochran-Harper,2,39842.12462256473
"and Wilson Wilson, Villarreal",1,35506.70927564708
"Shannon, Kelly and Delgado",1,36450.44059929239
Carroll-Crawford,1,45929.02082072663
Ford-Ryan,1,306.83979370517966
"Goodwin, Walker Clark and",1,11553.190360899716
"Cortez and Hughes Robinson,",1,12250.504805557037
"Murphy Kim, Glover and",1,48656.01891809352
LLC Keith,1,6133.046418181106
Bryant-Gill,1,22522.85728828981
Bell PLC,3,108094.62695784292
Rose-Thornton,1,21549.461278435163
Inc Wilkerson,1,6274.244094566397
Suarez-Moore,1,9598.114745281335
Ayala-Abbott,1,39990.00180419981
Ruiz-Davis,1,47912.76272815617
Young LLC,3,48988.25073643973
Sandoval-Peterson,1,33622.29567821869
"Houston Fischer Russell, and",1,37697.20488789097
"Shelton, and Morris Green",1,8842.70580638593
"Garcia Stone, and Gallegos",1,10419.44051182184
Parker Group,3,84355.3158850235
"and Little Fowler Bush,",1,6752.80632556596
Ball-Peck,1,8426.712341677132
Inc Barnett,1,2588.1508320792364
Valdez-Bishop,1,34082.27778072198
Ingram-Rosario,1,47518.18386538718
Williams-Morris,1,30524.294884594805
Chapman-Bryant,1,40796.78085740915
"and Payne Vincent Davis,",1,32349.319713972483
"Cooley Oliver and Miller,",1,16726.94397499154
"Garza, Farley and Ford",1,35743.59095461309
"Ruiz, and Baldwin Phelps",1,25629.435364612207
Velez-Walsh,1,2231.1934180277813
Suarez-Bryan,1,20405.353558359515
and Bell Sons,1,39956.31364538655
"and Cunningham Paul, Rodriguez",1,38422.62176915917
Navarro-Vance,1,11300.723803963592
"Hill, Fox Rosario and",1,18998.226269525298
"West, Jackson Barron and",1,12795.52250123481
Lopez-Williams,2,13314.538736531598
Harris-Torres,1,32966.89406735012
"and Hancock Hill, Smith",1,19612.77617759005
"Haynes, and Perry Rivera",1,13112.716748136849
"Long Wade, and Houston",1,19827.798897635796
Colon Ltd,1,15538.468459609101
Hall-Medina,1,48674.22315907463
Jefferson-Thomas,1,17719.470227592607
Benson-Simon,1,12088.399883079974
"Rangel and Stokes, Moore",1,41421.665425651496
"Moore and Frank Wolfe,",1,36621.902957115344
"Morgan Bonilla Russell, and",1,23143.512636325333
"and Stevenson, Lopez Richardson",1,43772.56179909133
"Davidson and Hines Mullins,",1,2622.5399676784887
Gonzalez-Franklin,1,12192.836410689333
White-Jennings,1,43788.536692739566
"and James, Edwards Thompson",1,4659.79397447203
"Harris and Burns Sanders,",1,22981.84310730278
Simpson-Reynolds,1,46603.04745435457
Gonzalez-Ewing,1,32596.78338215171
Williams-Franklin,1,11377.091564207294
Hood-Armstrong,1,26377.392893258104
"Stewart, and Moore Oconnell",1,26014.473836168898
West-Cooper,1,3906.1718903132564
"Thompson Lopez Jenkins, and",1,21584.654007079876
"Holt Lopez, and Cantrell",1,24357.439906343676
"Curry, and Taylor Nixon",1,8383.638126645916
Franco-Villarreal,1,27645.67643067234
Wallace-Mcclain,1,38371.01182372682
Torres-King,1,35912.856172378386
Figueroa Ltd,1,34492.30942236583
"Wyatt Murphy, and Gonzales",1,-124.64903599266586
Davis-Warren,1,7453.249793938657
"Knox Mcfarland, Hester and",1,35513.63014313917
Johnson-Miller,1,5691.358624277422
Fischer-Green,1,23225.036252633952
"Mills, Thomas and Hall",1,19985.773152220427
"Jenkins and Clements Lara,",1,12806.909125981025
"Murray, Tapia West and",1,34751.9625056237
"Barnett, Cunningham Bauer and",1,35662.88013611887
"Webb and Wilson, Martinez",1,28619.71589812612
"and Shaw Sanchez Carroll,",1,22817.59264635802
"Walker and Gardner Fernandez,",1,42792.24128217486
Brown-Henry,1,5947.6896496546515
and Sons Morrison,1,14590.353756495078
Group Graham,2,81191.3438538213
Walton-Thomas,1,18259.57861203927
"Everett, Higgins and Roach",1,19522.997101144072
Martinez-Ortega,1,41503.861211519245
"Campbell Murray and Anderson,",1,24028.50702506271
Ali-Adams,1,48015.58132683087
"and Perry, Park Mclean",1,33723.140574408375
Deleon Group,1,27952.384012238104
Grant-Hall,1,34699.907431629195
Serrano and Sons,3,77470.67477647253
LLC Gamble,1,47554.01623421446
Hampton-Ellis,1,17775.434647412352
and Sons Hutchinson,2,60236.89447262444
Lopez Sons and,2,60099.62256645439
"Burke and Moore Lee,",1,4462.18926816473
"Gonzalez Anderson and Decker,",1,26738.813915471073
"Woods Reed, and Lewis",1,32304.416745967614
"Espinoza and Valentine Downs,",1,36404.464035293524
"Diaz and Lewis Moody,",1,47425.47006518134
"Ray, Lin and Cortez",1,12403.274015524392
"Gonzalez Harris, and Neal",1,18635.613987969184
Lopez-Clayton,1,37131.38459816326
Wall-Lang,1,11211.921252476393
LLC Padilla,2,46990.061246067424
"Bolton Arroyo and Valdez,",1,37691.17676344304
"Mcdonald and Cox Miller,",1,19751.510955549416
"and Osborne Hicks Farmer,",1,10180.083504646274
"and Larson, White Carr",1,8009.6724888906765
Brown-Harris,2,21312.86137356424
Owens-Sellers,1,29970.418746302064
LLC Gonzales,3,72178.10130777807
Sons and Bennett,1,4851.40973489833
"Gordon, Burton and Thompson",1,21080.59647917014
"Barnes Jackson and Alvarado,",1,40589.23303699722
Greene-Rodriguez,1,16945.512895126783
"Davis, Ford and Peterson",1,23449.05122006444
Jones-Lopez,3,79743.07478870582
Ferguson-Smith,1,8595.76137688988
"Russell and Rodriguez, Boone",1,4610.0995643534925
Cain-Patton,1,27225.31932001246
Ramirez-Decker,1,38644.30082971788
Cox Sons and,1,33952.47731279652
Lambert LLC,2,44309.467175714075
PLC Bell,4,106287.95928489121
Cooper-Bates,1,27868.598209760825
Huff Group,1,20976.00918264694
Nelson-Bowman,1,37618.32761659155
Gutierrez-Gonzales,1,11954.984918093583
Sanchez-Porter,1,22581.35802243086
Floyd Ltd,1,18943.218506809808
"Swanson Gonzalez, Shaw and",1,11490.9725436003
Preston-Jacobson,1,17262.404630349152
Fernandez-Jackson,1,1848.830054799568
"Russo Robinson, Vega and",1,28959.560099340913
"Murillo Horne, Arnold and",1,4723.376942099165
Moreno-Suarez,1,31883.439792371337
Conley Group,1,6988.4439859582035
PLC Morton,2,65353.89136716393
"and Roberson Brooks, Thompson",1,17165.642196179953
Wallace-Brown,1,4976.724691109517
"Myers Jones, Williams and",1,29591.322747001694
Lopez-Barker,1,34945.14066393572
Schroeder-Wolf,1,5732.623774122225
Sons and Howe,1,1585.5892364688716
"Schmidt, and Mitchell Robinson",1,42982.81063315317
"Jones Ward Lawrence, and",1,28972.521571481815
Sanchez-Adams,1,38157.779638461885
Short LLC,1,38759.55938111508
Phillips-Wilson,1,13874.677632380906
"Tate and Brady Jackson,",1,11620.707910920431
"Jacobs Myers, and Freeman",1,44920.93871289467
Doyle PLC,1,40173.37140674561
"and Bowen Barnett, Mcdonald",1,47254.054941073235
Clements-Hubbard,1,10848.552152162949
"Wright Huber Middleton, and",1,21539.215186259593
"and Reed Francis, Rodriguez",1,16496.585578346072
"Johnson Simmons, and Garrison",1,32755.297395861413
"Olsen Wilson and Adams,",1,48703.74092921193
"Henderson and White, Hawkins",1,42308.76330809353
"and Stephens Guzman, Petersen",1,47968.78465823292
"Johnson Johnson, Wood and",1,26351.992591531336
"Hayes, Bell and Rollins",1,7882.731574760484
Campbell-Martin,1,37873.08423041521
Alvarado LLC,1,23229.470544559033
"Patterson, Hawkins and Ward",1,35423.31429987402
"and Brown Blanchard Greer,",1,38116.70911716403
"Morgan Rios and Keller,",1,33861.01863174469
PLC Oliver,2,67719.45658817417
Koch-Alvarado,1,30334.98906605058
LLC Hernandez,9,238666.4250352272
Avery-Roy,1,7897.287484905675
Group Carpenter,1,36369.09117078097
"Tate Pierce and Jackson,",1,23734.854011553456
Lawrence PLC,1,19095.52450659624
Baker PLC,2,50440.293499330444
Petty-Lloyd,1,32806.48773568757
Powell Inc,1,12989.24509987359
Reed-Medina,1,4218.549434939637
"Hull Davidson Garcia, and",1,2690.456366428799
Anderson-Cox,1,24692.839105097082
"Brown, Stevens Tran and",1,39156.12021994612
"Alexander Simmons and Martinez,",1,14648.173109072899
Myers-Crawford,1,45910.53983575431
Group Herman,1,32227.910563660836
Wright-Orr,1,40782.4448729369
Khan-Frye,1,5684.91358243369
"and Tran Miller, Lee",1,20156.22842262048
"Bennett Grant and Anderson,",1,5777.0768335793
"Wilson, and Delgado Nelson",1,49921.84608676919
Baker-Krause,1,41891.24866653091
Andrews-Woods,1,33694.07793522015
Wang-Flores,1,47234.76386328174
Pearson-Taylor,1,8070.718297985522
"Dominguez Johnson, Baker and",1,29089.72867388787
"Neal Pennington Ellison, and",1,39915.096205244845
Galvan-Huber,1,31677.646292041056
"Patterson Miller and Johnston,",1,8776.134451714952
LLC Griffin,4,144978.4540427093
Taylor-Frost,1,21202.367043158356
"and Bell Perry, Moore",1,20545.432563276212
Rice-Christensen,1,42398.281411000695
Riddle-Adams,1,17034.264372760277
"Fowler, and Joyce Thomas",1,7582.4114179031385
Roach-Flores,1,47648.40404482222
"Miller Santana and Kennedy,",1,41876.89913853586
"Brown, Newman Becker and",1,9076.377106987597
Sons Haney and,1,9150.27332912703
Flores-Glover,1,19204.30175482915
"and Swanson Wiley, Kirby",1,37889.13781573891
Mclaughlin-Williams,1,49456.00856856003
"Mcgrath, Ford and Whitaker",1,39093.898149173045
Gardner-Moreno,1,33056.65233528377
"Huffman Molina, Garcia and",1,10141.488772389295
LLC Conley,1,22613.455235584603
Vargas-Jones,1,44017.72466373445
Warren-Martin,1,14426.815753972714
"Roberts Hall, and Williamson",1,18096.606229125195
"Smith Padilla and Hobbs,",1,19391.905294601434
"Lane Murray and Young,",1,20192.15287129753
Marshall-Miles,1,16148.02596222804
"Davenport Henry Burns, and",1,31865.690640798348
Elliott-Brown,1,42271.77545008667
Price Inc,3,43393.07617333053
Gray-Solomon,1,7242.641276932735
Flores-Duncan,1,42772.04712153634
Johns-Long,1,38047.77569799851
"and Delacruz, Montes Knight",1,14368.071434568776
"Hill, Miller and Brown",1,2495.4917557825074
Harding-Sullivan,1,28707.44988472943
Inc Kelly,1,4845.477855973553
Group Mercer,2,28836.630476500286
"and Brewer Thompson, Lloyd",1,5992.380126345767
"Robinson Marshall Henry, and",1,42166.815190926725
House-Ortega,1,34506.54917416849
Shannon-Pace,1,47873.12696714114
Rodgers-Lambert,1,33488.48933009064
Callahan-Ball,1,5284.881025101336
Mcintosh-Harrington,1,13152.049514751232
"and Hanna Thompson Page,",1,47022.77951020549
Group Carrillo,1,34436.92586052456
Morales-Williams,1,25475.30713407629
"Wheeler Bennett, Hines and",1,14529.406924758565
Ltd Hicks,1,2970.248139794801
Parker-Henderson,1,37794.586600206654
Thompson-Cunningham,1,46429.313698527236
and Mcguire Sons,1,3000.589293862843
Dyer-Vincent,1,45908.05905306068
"Mccoy and Newman, Flores",1,45095.45082785502
"and Bradley, Cruz Strong",1,30114.39383498952
Webb-Kaiser,1,2900.083014179302
"Morris, Gallegos and Harrison",1,22303.346230419313
"and Davis Rivera, Pierce",1,34100.71907386207
Green-Wells,1,44182.98698216798
Estrada PLC,1,15543.652802588023
"Fleming, Caldwell Alvarez and",1,1599.233337904467
Stafford-Mcintosh,1,13214.517157464896
"Bennett, Krause and Wagner",1,31979.946671361606
Brandt-Woodward,1,29962.54837562498
"Davis, and Brennan Whitaker",1,44556.6934636295
Inc Kelley,1,9818.86470694974
"and Pennington, Bender Morrison",1,45285.66572037333
"and Bennett Ferguson, Flores",1,27348.551859971292
Lambert-Snyder,1,34099.34631699351
Wheeler-Rogers,1,32043.820035438002
Espinoza-Flores,1,18806.024420318383
"Thomas, Osborne Bailey and",1,19828.83701816303
Underwood-Pierce,1,33831.25558822611
Murillo Ltd,1,40015.176273613855
"Sanders, and Wallace Schmitt",1,10045.060890705457
Hughes and Sons,1,34191.2454364263
"Rodriguez and Clark, Holland",1,37982.56951260148
Franco-Martinez,1,29493.717459710126
Cain-Bowers,1,21561.20118636166
"Munoz Kirby, Davis and",1,42248.35657444529
Watkins Ltd,1,3132.12077428972
Miller-Barber,1,6541.1702533750595
Rojas-Gibson,1,19724.67280546026
Nolan-Beard,1,3802.186470453696
"and Hernandez, Flores Cook",1,3245.497827774605
"and Allen, Jenkins Robinson",1,8073.0880895710725
Barnes-Nelson,1,18703.8511061014
"Ross Hernandez, and Carson",1,8746.87105500448
Carpenter Inc,1,28774.102410919462
Stewart-Williams,1,29909.67793186055
Gonzalez-Brown,1,46780.41950602222
Evans-Williamson,1,1048.8859049836133
"Carroll Aguilar, Smith and",1,14150.827463277159
"Thomas, and Marsh Miller",1,5300.375675837055
"Smith, Elliott and Blackburn",1,36086.57207805436
Bass PLC,1,22427.174137366856
"Ramos Hansen Clark, and",1,16055.930395419682
Herrera Group,2,55453.82313788403
"Jenkins, Mathews and Ho",1,15086.158780027328
"Lee Pugh, and Orozco",1,26660.448204658707
Lamb-Herrera,1,8906.669679400387
Smith-Hicks,1,39605.89074078776
Moore-Myers,1,37669.689103143995
Gonzalez Ltd,3,87875.78388069224
Johnson LLC,15,458844.88454121875
"and Chavez Freeman, Smith",1,3466.0453943075145
"Preston and Wilson Arnold,",1,33999.266349599544
Lewis Ltd,7,213840.80484619958
Bates-Flores,2,28788.418601546018
Christian Inc,4,112838.69629644959
"Duffy and Hull, Wright",1,29903.71969678223
"Delacruz Ruiz, Haynes and",1,19730.63986222146
"Rodriguez, and Fischer Young",1,22858.815215159088
Group Wilson,5,206915.97738882786
"Bryant and Mack, Hartman",1,49107.74351163503
"Brown Powell, Jimenez and",1,22128.9585621771
"Owens and Woods, Matthews",1,12272.810107874917
"Fernandez Hunter and Brooks,",1,49755.98275381081
Nelson-Collins,1,3091.7313232837228
Baird-West,1,23401.0254498903
Martinez-Horton,1,14306.792284127241
Inc Peterson,3,105533.8236858093
Morales-Erickson,1,34002.18276970809
Davis Sons and,4,88075.27435268246
Gutierrez-Smith,1,46946.87915586571
Adams Ltd,3,56399.06134474649
"and Valencia Gallagher, Salazar",1,14316.64889146013
"Smith, Hayden and Smith",1,41294.169904477094
"Jackson, and Burns Russell",1,21318.671540244875
Stevens Ltd,2,59224.23216879103
Inc Yu,1,35006.19007004213
Kennedy-Rivas,1,47351.50887561376
"Brown, and Perez Smith",1,8111.446370678274
"Howard, Harmon and Morris",1,9331.328751669958
Thomas-Salinas,1,11831.695384730843
"and Ramirez Wilson Wolfe,",1,5797.82658758862
Weber-Adams,1,29642.06599628869
"Brooks Alvarez and Smith,",1,14532.117832319575
Rojas-Taylor,1,45395.977461748036
"Thornton, and Adams Hubbard",1,41841.28086382495
"Clark and Johnston, Parker",1,41317.659476825655
Jones-Molina,1,28970.934592836635
Ltd Aguilar,1,2024.488586731637
Group Lloyd,1,36298.19786612379
Nguyen-Thomas,1,2064.589035266501
Avila-Lewis,1,39662.41277367718
Russell-Hart,1,45420.143655160944
"Campbell, Maldonado Lozano and",1,6321.1912946589255
"Hampton Fox and Sanchez,",1,38296.42002210001
"and Wade Moore, Weeks",1,13835.233801744767
"and Ritter, Lozano Johnson",1,2838.827748600185
"Hanson Stevens Richard, and",1,46330.97067586289
Aguirre-Graves,1,9082.931661852006
Guzman-Gomez,1,24260.50722840199
"and Larsen, Kelly Ibarra",1,34749.32072895261
Marshall-Casey,1,44245.5846303866
"Patel Lewis and Graves,",1,46290.59480301842
Pollard-Reed,1,5033.147117608228
"Spence and Levine, Hernandez",1,40314.17330756335
Munoz Inc,1,21104.35007536062
Edwards-Gonzalez,1,22837.53673558947
Brown-Hawkins,1,45801.53261901675
"and Robinson, Schroeder Kim",1,7980.373461657098
Bruce Group,2,28603.0205566757
"Williams Peterson, Contreras and",1,39739.35235809188
Paul-Harris,1,21879.035763386568
"and Mitchell Dean Coleman,",1,25918.7142087551
"and Harris, Drake Allen",1,38816.68031759179
Fry-Miles,1,7398.079926520379
"and Brown Ali, Barton",1,21439.98542983642
"Soto Anderson and Johnson,",1,18772.670831153155
Weaver and Sons,1,14084.28485360991
Arellano-Ramirez,1,14295.234151900157
Oneill-Mayer,1,9034.364696777964
Johnson-Lane,1,29000.58542498919
Obrien-Peterson,1,20876.7241575235
Snyder-Sexton,1,3380.1152118235173
Inc Cardenas,1,45908.69151138205
"Webster and Johnson, Hester",1,11135.517616529914
"Winters and Patterson Banks,",1,26625.63951045948
Wyatt-Miller,1,8377.541809821567
Wiggins-Archer,1,3985.4848085881476
Hall-Jenkins,1,5930.821419484232
"Sims Barrett, and Fletcher",1,3923.9688205326006
"Williams, Stewart Dickerson and",1,2698.2505919262685
Jones-Braun,1,47911.38179798312
Stevens LLC,1,13233.65977881227
"Mcknight, Castro Perry and",1,26020.838452338256
LLC Mcneil,1,33699.42215741368
"Morales Sanders Burke, and",1,31142.599003080573
Byrd-Randall,1,19383.204944807778
Cox Inc,2,56647.2140850344
Lin-Long,1,4969.319436852786
Rodriguez-Howell,1,27688.56433808796
Kelly-Brock,1,45677.84424912005
Sons and Lopez,2,37988.93159841118
"and Price Peters, Sims",1,43023.400001778784
"Sheppard Randolph Doyle, and",1,36091.52496778655
Fritz-Garcia,1,29840.88184189427
Long-Porter,1,13315.47407521356
"and Walters Craig Collins,",1,23907.48022348703
"Young, Cruz and Crawford",1,24136.883601206857
Hughes-Clarke,1,24173.586549222546
Pacheco and Sons,1,41957.98767788393
Webb-Rice,1,10740.27468284763
"Richards Nicholson and Trevino,",1,21852.3144260475
Schmidt Inc,1,22464.21783216102
"Nielsen and Taylor, Price",1,23794.632965901208
"Everett, and Obrien Reeves",1,33133.426607498666
"and Meyer, Snow Atkinson",1,47296.796197398464
"Hoffman Farley, and Rodriguez",1,7936.394484980631
Velazquez Group,1,20470.678748173155
and Sons Hart,1,48229.290116579046
"Wallace, Torres and Johnson",1,18849.586223920705
Vance-Lopez,1,20766.11551604952
"and Cherry Matthews Garcia,",1,16230.269981137824
Fuentes-Castillo,1,4382.133810925184
"Reese Terry Mahoney, and",1,20962.789121459144
Hogan-Stone,1,13253.545604884719
"Williams and Miller Reed,",1,35571.087441523545
Aguilar-Scott,1,24198.453802344753
Roth-Moore,1,31352.693244416423
Buck-Bonilla,1,5831.782956043524
Randolph-Davis,1,17868.181308174615
Benson-Flores,1,15678.772098358004
Bright-Gibson,1,23805.94678947532
"Ryan Munoz and Washington,",1,32709.845423289255
"Grant Walker, Holland and",1,45335.49466810734
Lopez-Kim,1,50388.510514400674
"Norman, Moore Barnes and",1,42703.00000235054
Singh Ltd,1,21166.475373829417
Bailey-Gonzales,1,4839.487443620417
"Brown and Colon, Anderson",1,42150.70378623512
"Miller Olson, and Collins",1,7380.731298358002
"and Mcdonald Taylor, Pitts",1,10556.975185094921
Boyd Ltd,2,84078.99191621706
Costa LLC,1,35662.19841954475
PLC Hunt,2,15500.816876129713
"Coleman, and Berry Davis",1,28949.173855966907
Clark-Rivers,1,41982.11019254328
LLC Lee,5,150574.65874257515
PLC Wright,4,106772.9672297268
Clayton LLC,1,10283.183990248315
Smith-Prince,1,33211.67837538979
"Dean Webster and Gibson,",1,47717.143045503755
Jenkins-Bowers,1,29289.56970894171
"Lee Durham Rose, and",1,33184.2505659272
Peters-Fischer,1,42570.2162507258
Green-Shannon,1,38586.80744811347
Lucas PLC,1,28097.302550289078
Wilson-Mcdaniel,1,41959.938709217495
Floyd-Anderson,1,39947.22350027424
"Acevedo and Larson Andrews,",1,34339.761304392174
Ltd Spencer,2,25828.490775378697
"Young Gray and Walker,",1,32612.396042541845
"and Massey Pitts Lang,",1,25214.136495217932
"Roberts, Delgado Johnson and",1,35656.13969508333
"Bender, and Garza Friedman",1,29444.553372969836
Hendrix Inc,2,44555.20444694861
Hunt Ltd,1,18152.02441012578
"Jackson Harmon and Brewer,",1,47724.82905357495
Moses-Ayala,1,5873.862415818893
Inc Abbott,2,54026.70347987225
"and Sullivan Stephenson Evans,",1,35440.77161634542
Shepherd-Dennis,1,24048.181578597094
"Hunter Brennan, and Gardner",1,10857.058404407238
"and Jones Graves Zhang,",1,12816.67675884216
Jones-Anderson,3,69248.31221234905
Jackson-Burns,1,11003.166225992984
Smith-Allen,1,8061.526960577553
Terry-Anderson,1,14746.180447556158
Webb-Vaughan,1,44064.55955404558
Brown-Bryant,1,32842.54146838342
Padilla-Meyer,1,13345.704725286409
"Ellis Lang, and Wilkerson",1,2356.7751321010733
Lowe-Mills,1,36313.890749776285
Harris-Frye,1,41348.173328794146
Stephens-Wong,1,40691.427033811204
"Richards and Bird Espinoza,",1,26610.180753621346
Kramer-Moreno,1,46736.59195718211
Finley Group,1,9147.436909516591
Keller-Clark,1,26620.803391708367
Garza-Martin,1,38960.202988283694
Burns-Dominguez,1,34379.22000399648
Martin-Davis,1,2032.7295244143666
Smith-Romero,1,17013.01528369073
"Montgomery Morales, Wagner and",1,30862.705113116783
"Gilmore and Hernandez, Potter",1,40790.5657260132
Olson-Martin,1,39395.1649537836
Daniels-Thomas,1,17607.4651638477
LLC Gutierrez,4,128971.6912957867
"Smith, Santiago Lewis and",1,14105.125909794044
"Smith, and Jones Farmer",1,27222.77943391536
PLC Goodman,2,58044.59157093751
"Ford, Schroeder Young and",1,39705.84110399588
Graham-Douglas,1,4860.063475752731
Torres-Henry,1,32223.719706431668
"Davis Smith Bell, and",1,12823.34108273588
"Mason Boyle, Bryan and",1,46833.78366383409
"Scott and Morris Owen,",1,18696.527221353266
"Gordon Sandoval and Schmidt,",1,35269.68170840257
"Herman and Jones, Schmidt",1,43134.30511657263
Ltd Dean,2,55328.15420416535
Hoffman-Jennings,1,8290.422846805912
Phillips-Olson,1,6886.796710869618
"and Stevenson, Ochoa Harrington",1,11030.002639935226
Walker-Curry,1,32953.23636553801
Butler-Underwood,1,14855.53295418488
Bryant-Juarez,1,30481.414556204727
Horton-Collins,1,43650.304577529896
Barnes-Gordon,1,9222.056392417155
Morris-Schultz,2,34667.5258163783
Mcclain LLC,1,7864.413048846531
"Hill Kelley, and Dixon",1,38185.39073591921
"Tran Hall and Burch,",1,29511.026510487114
"Ritter Casey, Valenzuela and",1,21558.394139139506
Moody-Harris,1,11740.252200920298
"Mendez Jackson, and Brown",1,33279.36525886977
Nichols-Reyes,1,5808.6051241266105
Fowler-Mills,1,26505.129887620387
"Williams, Johnson Carroll and",1,40447.69310753195
Olson-Morales,1,47615.763280742154
"and Hurley Thomas Davidson,",1,6668.912598982815
"Tran Serrano Fleming, and",1,10978.619898913079
Thompson-Frazier,1,31766.737430962286
Berry LLC,1,15701.627637246454
Reid-Cooper,1,8692.703763337633
"Lynn, Long and Hurst",1,9979.172259146027
Gilbert-Miller,1,15516.290163189922
"Martin, May Lopez and",1,1306.93854083712
Ho-Melendez,1,5468.866407573774
Simon-Gibson,1,35658.05771610033
"Williams, Morales Lopez and",1,51102.17887422375
Garcia-Newton,1,28131.443751809868
Ward-Garcia,1,28210.720120086135
Jackson-Hughes,1,20463.93135688368
Harmon-Stein,1,23048.502444486472
Tran-Johnson,1,49944.34172431114
"Jones Mitchell and Parsons,",1,6234.497274053749
"King, Moore and Flowers",1,18445.680027899667
PLC Jefferson,1,30953.514728434035
"Lewis Ramirez, and Obrien",1,34854.95122211765
"Drake Fields and Lopez,",1,33649.77856564326
"and Thomas Williams Harris,",1,9010.288712801566
"Murphy, and Rangel Thompson",1,39508.57531224787
"Turner Perez, Fields and",1,24747.05670607269
"and Levy Patterson, Farley",1,46398.59002327367
"Thomas Bates and Barnes,",1,4362.0221045615235
Sons Graham and,1,24621.446552484456
Christensen-Morgan,1,30406.500562084606
"Cole Shaw Simmons, and",1,20015.610732759644
Aguirre-Davis,1,14594.942781078978
"and Miles King, Hancock",1,5840.364451090778
Anderson-Mercado,1,25192.175962180594
"Vaughn Graham, and Johnson",1,25930.42614011099
"Wright and Hall, Wiley",1,37605.26359148351
Inc Dorsey,1,26448.73975290898
"Weaver and Carter, Lawson",1,8172.17145622623
Buchanan-Adkins,1,42210.34856158896
House-Shaw,1,9155.06331585052
Robinson-Nelson,1,32680.591149411204
Sanchez-Sandoval,1,9254.289444273605
Brown-Hensley,2,51907.07257532807
"Schwartz, Wood Wilson and",1,18791.063834263558
Gilbert-Garcia,1,12594.746193939962
French-Hunt,1,46134.6217559178
Goodwin Ltd,1,16128.252621583239
Garcia-Blake,1,28483.876936659835
Ross-Jones,1,14876.334221096442
"Mathews, Smith and Moss",1,30294.651380458647
"Lutz, Lester and Kelly",1,18270.995269376323
"Sullivan Henderson Lloyd, and",1,21965.147404814095
Garcia-Martinez,1,9736.464738189941
LLC Stone,3,67608.18625358581
Jackson Inc,6,184621.89115418657
Stone Ltd,7,244764.19536460552
Ruiz-Schroeder,1,39115.31146102409
Adkins Inc,1,45899.81304845503
"Wood Boyd Bowman, and",1,24744.1138906292
Stuart-Robertson,1,43236.4207378327
Sons Bennett and,1,25195.839745448557
Wallace Ltd,3,122234.23609824557
"and Butler, King Morton",1,26395.43786896715
Pratt Group,2,17724.1594426841
"Fuller Brown and Blevins,",1,11857.580132965162
Brown-Johnston,1,7582.460736773149
"Kemp Gill and Griffin,",1,48614.00328314259
Keller-Thomas,1,41435.15622310493
"and Lang Frye Bradford,",1,49744.985799130816
Macias LLC,1,22591.544221747685
Kline-Bonilla,1,3386.708862071704
Hurst-Ross,1,25202.80974396062
"and Hill Collins, Navarro",1,5097.338755842036
Pineda Group,1,15290.05656225187
Bryan-Robbins,1,43940.18755859402
"Russo Buckley, and Ferguson",1,6696.259699026432
Oneill-Calhoun,1,44161.57270540499
Group Allen,3,40757.730288542574
Walker-Jones,2,44585.8768386079
Cummings Group,1,26665.617922126174
Butler-Powell,1,3933.4791148662603
Miranda Inc,2,47351.4748942358
"and Harris Underwood Hernandez,",1,6202.070169031206
"Phillips Michael and Daniel,",1,13449.375033830967
"Rich, and Estrada Romero",1,4900.166325391994
Hale-Mullins,1,14115.573601539914
Leblanc-Long,1,33953.99926225225
"Scott and Phillips Taylor,",1,46520.58360320935
Bowen-Crosby,1,38125.20583538279
Taylor-Powell,2,38918.77846566132
"Monroe and Duncan, Rodriguez",1,26778.81811818731
"Willis, Mathis and Anderson",1,32137.911344183467
Rodriguez-Gutierrez,1,2339.754076293312
"Mason Smith, Marks and",1,29730.423604559008
"Boone Allen, Ortiz and",1,15009.535893189406
"Kent, Bautista and Hart",1,16124.690120696912
"Elliott, Mccoy and Walters",1,24179.800828134506
"Payne Jones, Vega and",1,13226.990507051492
Reeves Group,1,45863.57513970031
"Foster Alvarez Johnson, and",1,46620.49045618242
PLC Small,1,19729.474354430884
"Kennedy Jones, Monroe and",1,41939.14990285691
"Mcknight Thompson Baker, and",1,44223.07391564658
Herrera-Hall,1,16075.974680162377
Rowe-Fisher,1,24896.471689298996
Olsen-Clay,1,47979.66879963378
"Williams and Knight Johnson,",1,14878.516272966272
"Lopez Vasquez and Henson,",1,45099.02425764529
Thomas PLC,1,20849.569200557282
"and Gonzales Washington Moyer,",1,3654.1037859300186
"and Jones, Gibson Jones",1,40925.53474089839
and Sons Aguilar,1,31714.669117010264
"Allen, Jackson and Walker",1,14310.077356406444
Carroll-Wilson,1,16744.98731586449
"Bailey Harrison and Pratt,",1,17323.722297034703
"and Gill, Wilkerson Davis",1,18372.322965770913
Miller-Reynolds,1,30196.812507284245
Harris-Lee,1,30245.040271268645
Heath-Bryant,1,3096.923742207545
"and Miller, Bass Morris",1,30447.251779018727
Nguyen-Casey,1,39232.63526828453
"Fisher Knight, Walker and",1,9014.659054273861
"and Walters Huff Reed,",1,38024.35797390549
Beck-Griffin,1,6482.808305534925
"Baldwin Kent Archer, and",1,46359.8161872676
George-Chapman,1,20150.7991354472
"Steele Gentry, Winters and",1,42424.03965365904
Sons and Guzman,1,26149.817583399767
"Martin Martinez, Brown and",1,29210.934608913958
"Bridges Smith and Huang,",1,44610.30395670521
"and Greene, Rodriguez Wu",1,46534.61874265481
Inc Zavala,2,66018.1799712328
Ford-Dawson,1,16289.64663442307
Robertson PLC,1,18742.153476081137
LLC Reynolds,1,41491.35203497778
"and Harrington Warner Johnson,",1,22911.723571506423
"Martinez, and Jacobs Gutierrez",1,49144.00274195221
"Brown, Kaufman and Saunders",1,42778.93587758329
Charles-Caldwell,1,27484.87202234796
Gomez-Barker,1,35165.47250734631
"Vincent Williams Mendoza, and",1,35868.900229653176
LLC Snyder,1,8413.094984934154
"Robinson, and Gregory Tucker",1,15459.388862963335
"Mccormick Tate, and Lopez",1,1886.768078576761
Miller-French,1,20951.38365520694
and Sons Harris,1,5461.376859336588
Floyd-Wright,1,2267.0826839713213
Moore-Cook,1,40112.580018921435
"Harvey and Hughes Logan,",1,9306.823214675544
"Hurst and Schwartz Smith,",1,46746.52653501332
"Kelly and Koch, Wheeler",1,39835.677326852965
"Mcdowell and Thomas, Costa",1,17977.6874878569
"and Tran Tucker Barr,",1,21490.655011646348
"Gutierrez Obrien and Hill,",1,46075.49132439889
Kelley-Soto,1,41902.52296360022
"Swanson White Sanders, and",1,31835.28227025576
Horne Sons and,1,31664.01235413429
"Hall and Sheppard, Solis",1,39382.41080730589
Sanchez-Schwartz,1,30849.181343205142
Cox-Sanchez,1,11726.626931605319
"Weaver, Fry and Fleming",1,33992.65842262816
Wheeler-Krause,1,4644.9621126772345
"Humphrey and Browning Fitzgerald,",1,35205.28459802445
"Perkins, Salazar and Johnson",1,24340.322856965668
Mayo and Sons,1,6232.001786847094
Burch-Marks,1,44582.81735925928
"Barker, Costa Hahn and",1,38716.355934862506
Schmidt Sons and,1,37284.049708777886
"Jackson Carr, Garcia and",1,16528.80182311278
Howe-Smith,1,47701.52770265257
"Travis Graham and Whitehead,",1,40078.82104927151
"and Rose Stewart, Davis",1,10830.60838856691
Rogers-Smith,2,71423.00255012608
"Reyes Edwards, Mullen and",1,2765.832719323722
and Sons Meadows,1,25823.096954652985
Kelly-Clark,1,3626.064907134624
Moore Sons and,3,51601.49750242369
"Harris and Owens Long,",1,15697.37285104993
Edwards-Skinner,1,15854.216755140425
"Lewis Smith, Hill and",1,8447.495851829648
Roberts-Gonzalez,1,14198.831474502913
Berg-Robertson,1,46603.10278432033
"Gray Rivera, Moore and",1,11303.810559557916
Group Moon,1,23035.366863056246
"and Maldonado Mora Gonzalez,",1,35400.3830081902
Dickerson Ltd,1,31427.950726342406
"and Jordan Cowan, Glass",1,25857.7137359905
Russell-Smith,1,47136.44624363231
Rojas-Robinson,1,14495.12206285161
Weaver LLC,1,38076.52204826754
Morgan-Randall,1,27885.675616807224
Wilson-Roberts,1,10180.172743141138
"and Davis Moore Moore,",1,42260.24908322124
"Lambert, Cooper Smith and",1,36621.2616802014
"and Vaughan Green, Cruz",1,33239.83951020779
"Lewis Donaldson, Richardson and",1,7131.635296003791
LLC Carpenter,1,10156.748901686917
Ltd Huynh,1,44899.450523428364
Torres-Jenkins,1,29780.90760858514
Henry-Tucker,1,41793.887548826955
Hansen-Steele,1,5781.719431945506
"Campbell, Robinson and Ramirez",1,14609.030436953204
Frost-Dean,1,21009.666416238764
"Flores Montoya, Terry and",1,44728.12202340022
"and Beck Reyes Clarke,",1,1885.6864813231707
"Brown Wright, and Larson",1,49124.277713291194
"Wilkinson Perkins, Buckley and",1,42728.89947277023
"Smith, Morgan and Myers",1,4640.241494940088
"Salazar and Thompson Weber,",1,8963.316110585767
Johnson-Dillon,1,40142.46803837085
and Sons Marsh,1,25834.039610058742
"Jenkins Perez, Miller and",1,20271.746387566112
"and Newman, James Edwards",1,34602.11039145802
Fitzgerald-Graham,1,40736.97633783171
Riley Sons and,2,50239.92040442553
PLC Mitchell,3,74352.04767507895
Jensen-Davis,1,6931.014314556634
Walker-Mason,1,34624.60805913868
Le-Wells,1,44635.652983723885
and Sons Mays,1,25666.774157330852
and Sons Mckinney,1,701.7406690483093
Schneider-Flores,1,17488.650261802282
"Medina Perez, Humphrey and",1,41073.4843672575
"Elliott, and Navarro Smith",1,37836.8317409716
Knight Group,1,41430.23587491442
LLC Stuart,1,33806.96017960395
Ewing Ltd,2,41340.00666973472
Fuller-Wilson,1,10654.58694201423
Inc Mcgee,1,7185.029132993836
"Preston Lowe and Hoffman,",1,7537.1228920571175
Stanton-Price,1,27930.1285561908
Pope-Harrington,1,32868.53318941447
"Santiago and Mendoza, Pena",1,29489.609904610577
Decker-Bailey,1,37074.77521255167
Johns Ltd,1,25506.862508681108
Jackson-Mckinney,1,15165.13022108661
"and Smith Dudley Jones,",1,26755.209954107257
Conner-Carter,1,11185.09097962487
Chambers-Green,1,34784.781814813876
Wong-Dunn,1,33123.933690523634
"Ball Velez, and Ramirez",1,30655.706052835678
LLC Robertson,1,31221.651061053355
Lara-Alexander,1,16460.694903470125
Inc Arnold,1,16927.60937742851
Johnson-Cox,1,24085.29471874178
Mullins-Wilson,1,24804.678967660635
"Mooney Sanders, Stanley and",1,9105.601984592166
Lee-Gomez,1,40354.401778920896
Chaney Group,1,20124.369662118843
"Fleming, and Estrada Mills",1,26605.27623061526
Delacruz-Perkins,1,46426.34092735016
Gonzales-Hernandez,1,35851.78781391503
"and Oneal Turner, Ross",1,8373.837421057062
"and Brown Patterson, Galvan",1,42695.57499815868
"Mcfarland Miller, and Benson",1,40676.94258303642
"Dominguez, Davis Barton and",1,21977.957981483032
Ltd Weaver,1,34160.60180644931
"Stephens Robinson Adams, and",1,44083.293135990934
Inc Combs,1,29849.70637690734
PLC Franco,1,1842.73789483945
"Cardenas Collins, and Jones",1,37179.19873000669
"Horn, Wright Sanchez and",1,11379.229894965092
Ltd Roman,1,24378.764495034982
Patrick-Olson,1,6410.6497778823195
"and Johnson Baker, Brandt",1,46406.39946260841
Alexander Inc,2,44142.24733543411
"Diaz Peterson, Stevenson and",1,49718.80363418065
Chan-Branch,1,22857.92356038979
"Lee Sparks, Valdez and",1,9000.053951870492
